n_points,density_mean_nn,density_std_nn,density_cv,density_level,pca_ev,pca_ev1,pca_ev2,pca_ev3,pca_linearity,pca_planarity,pca_sphericity,shape_type,curvature_mean,curvature_std,curvature_max,curvature_p90,surface_type,normal_consistency_mean,normal_consistency_std,normal_quality,n_components,n_noise_pts,noise_ratio,topology,label,geo_class,method,file
361,5.119944847199174,2.092981460060322,0.408789844835239,low,"[0.8531165616560762, 0.13466965504105705, 0.01221378330286671]",0.8531165616560762,0.13466965504105705,0.01221378330286671,0.8421438969350459,0.14353943774920822,0.014316664143573252,linear,0.10007157988859686,0.056566746896302485,0.2827426451141642,0.1790421342671408,highly_curved,0.9104626442767305,0.10905677753253708,high,1,0,0.0,connected,0,tubular,ball_pivoting,valve_0001_lidar_classes.ply
143,5.161303637873216,1.5130178286486362,0.293146447973549,low,"[0.5919354913962143, 0.30880907144482717, 0.09925543715895851]",0.5919354913962143,0.30880907144482717,0.09925543715895851,0.478306206653132,0.35401430895379243,0.1676794827037023,complex,0.0707017912540117,0.03964618221008725,0.22979252880288617,0.12594387527903067,highly_curved,0.900890630025415,0.11822257307852432,high,1,0,0.0,connected,1,complex,poisson,valve_0001_lidar_classes.ply
76,4.457130470891662,1.2732732555326574,0.2856710754963079,low,"[0.46958370823065343, 0.4291496608408169, 0.10126663092852978]",0.46958370823065343,0.4291496608408169,0.10126663092852978,0.0861061544406683,0.698241918250267,0.21565192517951878,complex,0.050015034106023794,0.01926900947025164,0.10890675642934128,0.07493997620470008,slightly_curved,0.9650940701289837,0.01578962177350229,high,1,0,0.0,connected,2,complex,poisson,valve_0001_lidar_classes.ply
558,4.417962096691681,1.118086594616275,0.2530774528827349,low,"[0.9000532408395698, 0.05711201839002401, 0.04283474077040619]",0.9000532408395698,0.05711201839002401,0.04283474077040619,0.9365459544667648,0.01586270340012027,0.047591341022069536,linear,0.10179647455961498,0.05546589932263793,0.261917153947137,0.17409702163602542,highly_curved,0.9747245808296491,0.03480256082341321,high,1,0,0.0,connected,3,tubular,ball_pivoting,valve_0001_lidar_classes.ply
928,4.1600260870807935,1.1708956650942504,0.2814635390025732,low,"[0.4659826568812942, 0.3989777443356274, 0.13503959878307836]",0.4659826568812942,0.3989777443356274,0.13503959878307836,0.14379271720179734,0.5664119492184737,0.2897953314337263,complex,0.005520038135244201,0.007124109269523686,0.03889473406326917,0.016319453000077342,smooth,0.9940787073572482,0.004574344963933968,high,1,0,0.0,connected,5,complex,poisson,valve_0001_lidar_classes.ply
621,3.929813501811332,0.9812921302798769,0.24970450368137692,medium,"[0.4660997358052276, 0.4244846647201296, 0.10941559947464274]",0.4660997358052276,0.4244846647201296,0.10941559947464274,0.08928361850263826,0.6759691979340184,0.23474718141787967,complex,0.03309639128769714,0.033920485317606504,0.11223074912278713,0.08457391203990518,slightly_curved,0.993207193357015,0.003928177661392493,high,1,0,0.0,connected,6,complex,poisson,valve_0001_lidar_classes.ply
410,4.54213807769745,1.5274084682584774,0.3362752170441487,low,"[0.5721220426884063, 0.3233335769092833, 0.10454438040231032]",0.5721220426884063,0.3233335769092833,0.10454438040231032,0.43485208885714627,0.38241700161815784,0.18273090777681716,complex,0.020215863498941535,0.026320876541824304,0.1007599124846571,0.06851645318219764,slightly_curved,0.9917526385339496,0.0072511013547748165,high,1,0,0.0,connected,7,complex,poisson,valve_0001_lidar_classes.ply
649,4.674962981377498,1.6168968491921012,0.3458630272126374,low,"[0.4999614696717714, 0.37503277303244786, 0.12500575729578078]",0.4999614696717714,0.37503277303244786,0.12500575729578078,0.2498766484374557,0.5000925679347235,0.25003078162766673,complex,0.005806681155915725,0.005767832641831041,0.030416232681271457,0.012747319489934019,smooth,0.9928595746705339,0.006883783057589067,high,1,0,0.0,connected,8,complex,poisson,valve_0001_lidar_classes.ply
2963,4.297177156757966,1.3653050245975498,0.31772137253701027,low,"[0.4121217440634339, 0.3392300368932479, 0.24864821904331827]",0.4121217440634339,0.3392300368932479,0.24864821904331827,0.17686935485281538,0.21979383261125235,0.6033368101094647,spherical,0.005301293012845133,0.00896876189696216,0.05517473027363991,0.02099054652311799,smooth,0.9953949906307739,0.0038318671175793474,high,1,0,0.0,connected,9,spherical,ball_pivoting,valve_0001_lidar_classes.ply
799,3.4653757645187264,1.4238932341114883,0.4108914387523421,medium,"[0.8995558548884092, 0.09114867325655855, 0.009295471855032105]",0.8995558548884092,0.09114867325655855,0.009295471855032105,0.8986736914001419,0.09099290596100619,0.010333401527192346,linear,0.05094787762069046,0.07208824166692361,0.2816584627687438,0.15539600966546924,slightly_curved,0.9358918571382365,0.12702810075531398,high,1,0,0.0,connected,0,tubular,ball_pivoting,valve_0002_lidar_classes.ply
146,4.975323497108432,1.7088904697398661,0.3434732375471804,low,"[0.5610460050913703, 0.3370252164255022, 0.10192877848312755]",0.5610460050913703,0.3370252164255022,0.10192877848312755,0.3992912991691179,0.41903237058974374,0.18167632845875342,complex,0.06714206337738367,0.04004586857386973,0.1809544572886288,0.13031619133274802,highly_curved,0.9409439622564505,0.06622990904626758,high,1,0,0.0,connected,1,complex,poisson,valve_0002_lidar_classes.ply
457,4.2708783539112485,1.1899552098359973,0.2786207217697085,low,"[0.9109737182690292, 0.05123139166169934, 0.03779489006927142]",0.9109737182690292,0.05123139166169934,0.03779489006927142,0.9437619422184784,0.014749603976731022,0.04148845270706412,linear,0.0348612262530658,0.03261036212968642,0.13470666483786908,0.086551323627707,slightly_curved,0.987763973439868,0.023214239954561993,high,1,0,0.0,connected,3,tubular,ball_pivoting,valve_0002_lidar_classes.ply
955,4.165230039773668,1.450499174430422,0.34823987156325226,low,"[0.46913341536883074, 0.40943109886012397, 0.12143548577104527]",0.46913341536883074,0.40943109886012397,0.12143548577104527,0.12726084824827114,0.6138885081310382,0.2588506414891008,complex,0.0074092822147594556,0.01386699730334893,0.10764576190284858,0.020105162418548247,smooth,0.9907480070136089,0.0172950595781318,high,1,1,0.0010471204188481676,connected,5,complex,poisson,valve_0002_lidar_classes.ply
342,4.605093672853593,1.6884395354215547,0.3666460782346366,low,"[0.5646444170595651, 0.3328342432400474, 0.10252133970038745]",0.5646444170595651,0.3328342432400474,0.10252133970038745,0.41054186742188564,0.4078901626817533,0.181567968125335,complex,0.006571889138356641,0.007136221445898852,0.05446603273420438,0.013654393483893681,smooth,0.9918202927228762,0.012341597435390251,high,1,0,0.0,connected,6,complex,poisson,valve_0002_lidar_classes.ply
497,4.2956370092083525,1.2689017068971664,0.29539314050085913,low,"[0.5595441039946845, 0.3437167229736478, 0.09673917303166774]",0.5595441039946845,0.3437167229736478,0.09673917303166774,0.3857200515464049,0.4413906745462475,0.17288927212017852,complex,0.03169216153413704,0.0364758457870374,0.1131358017529171,0.09345419174086066,slightly_curved,0.9927830468247296,0.00462545026021086,high,1,0,0.0,connected,7,complex,poisson,valve_0002_lidar_classes.ply
852,4.376400334146811,1.4424703999070323,0.32960202208252576,low,"[0.5362387950148326, 0.3240105440124267, 0.13975066097274072]",0.5362387950148326,0.3240105440124267,0.13975066097274072,0.3957719071794567,0.34361535272913984,0.2606127382265627,complex,0.007921961462677717,0.010970842408939077,0.06567883737963755,0.019822459049675185,smooth,0.9926504737452225,0.006354491529603493,high,1,0,0.0,connected,8,complex,poisson,valve_0002_lidar_classes.ply
2865,4.142162963330768,1.4845900430837522,0.35840937593907807,low,"[0.37510726375220776, 0.346505350710261, 0.27838738553753134]",0.37510726375220776,0.346505350710261,0.27838738553753134,0.07624995762436354,0.1815959635378636,0.7421540761718687,spherical,0.004687425931864508,0.008584728468933153,0.04764352592467194,0.018335629732515433,smooth,0.9940092398196867,0.00886902544367716,high,1,2,0.0006980802792321117,connected,9,spherical,ball_pivoting,valve_0002_lidar_classes.ply
664,4.193559279380279,1.373418121728784,0.3275065475178498,low,"[0.8869253341264652, 0.09957118442816314, 0.013503481445371748]",0.8869253341264652,0.09957118442816314,0.013503481445371748,0.8877344219578919,0.09704052818664734,0.015225048727970217,linear,0.06508338637381504,0.06091936385169573,0.2921495592570398,0.1462095446179038,highly_curved,0.9117227452169232,0.10834009004244961,high,1,0,0.0,connected,0,tubular,ball_pivoting,valve_0003_lidar_classes.ply
204,4.507342663592993,1.3967221702303458,0.30987707706409046,low,"[0.643575562947026, 0.2648418517244824, 0.09158258532849163]",0.643575562947026,0.2648418517244824,0.09158258532849163,0.5884836722199073,0.26921355642125044,0.1423027698050232,complex,0.0698389624240984,0.04159688709062146,0.22611410619245215,0.12470922505717905,highly_curved,0.9037233124024844,0.12223505566309198,high,1,0,0.0,connected,1,complex,poisson,valve_0003_lidar_classes.ply
100,4.059041882687872,1.2175866410246263,0.29996897689520247,low,"[0.46155540768401565, 0.4260169235717635, 0.11242766874422089]",0.46155540768401565,0.4260169235717635,0.11242766874422089,0.07699722166311358,0.6794184380194929,0.24358433815080632,complex,0.07420935582693432,0.04727532044913827,0.25249900481856896,0.12679340643226852,highly_curved,0.9223539548995572,0.11178906588794711,high,1,0,0.0,connected,2,complex,poisson,valve_0003_lidar_classes.ply
738,4.069650812786598,1.119821081954809,0.27516392270345025,low,"[0.8989662072886292, 0.05756653921247109, 0.04346725349889971]",0.8989662072886292,0.05756653921247109,0.04346725349889971,0.9359636216782151,0.01568388843048097,0.04835248877891501,linear,0.14837685794086447,0.052358686800252706,0.2496686446278905,0.20764403871886836,highly_curved,0.908458203919394,0.1133864583388707,high,1,0,0.0,connected,3,tubular,ball_pivoting,valve_0003_lidar_classes.ply
112,4.551261200775836,1.5846761782905554,0.348183966605177,low,"[0.5535786350378316, 0.35307520560763783, 0.09334615935453072]",0.5535786350378316,0.35307520560763783,0.09334615935453072,0.36219502772952267,0.4691818458025848,0.16862312466146445,complex,0.0181252928144165,0.015322571243869777,0.07746704592663714,0.037495529921688676,smooth,0.9705310926956924,0.02067422436188522,high,1,0,0.0,connected,4,complex,poisson,valve_0003_lidar_classes.ply
1144,3.694231387806609,1.2809724137765934,0.34674937191478983,medium,"[0.515149408852077, 0.3430820221246163, 0.14176856902330676]",0.515149408852077,0.3430820221246163,0.14176856902330676,0.3340145275074064,0.3907865354230258,0.27519893512838345,complex,0.0047665113980509466,0.0077636061239775974,0.054817611158642233,0.016310758772383003,smooth,0.9955498432562412,0.006125664327558545,high,1,0,0.0,connected,5,complex,poisson,valve_0003_lidar_classes.ply
927,3.1915211492144864,0.9878463096286468,0.30952209405294356,medium,"[0.5715096376636002, 0.3243534490655732, 0.10413691327082664]",0.5715096376636002,0.3243534490655732,0.10413691327082664,0.4324619776771729,0.38532427258741225,0.18221374798566312,complex,0.05433027726445844,0.05534071156254207,0.18073232588756347,0.1354645426382462,slightly_curved,0.9917296858538698,0.00906175280356719,high,1,0,0.0,connected,6,complex,poisson,valve_0003_lidar_classes.ply
465,4.113644749817396,1.3615170011064528,0.33097583373866074,low,"[0.5628771263112762, 0.3338638499404047, 0.10325902374831905]",0.5628771263112762,0.3338638499404047,0.10325902374831905,0.40686193355343975,0.40968945974697435,0.18344860492299925,complex,0.0363358449950082,0.034194602560424926,0.1372507113739096,0.08831464548709121,slightly_curved,0.9912245044752248,0.00848821805054933,high,1,0,0.0,connected,7,complex,poisson,valve_0003_lidar_classes.ply
682,4.276898501160655,1.5999317433135603,0.3740869095923804,low,"[0.5641201541524467, 0.29697876326366346, 0.13890108258388997]",0.5641201541524467,0.29697876326366346,0.13890108258388997,0.47355406192957505,0.28021987733633613,0.24622605896141692,complex,0.009498150625196967,0.010496015731217946,0.04936134363245491,0.025813604129133125,smooth,0.9916030525589568,0.011763461510369768,high,1,0,0.0,connected,8,complex,poisson,valve_0003_lidar_classes.ply
2614,4.016570758926409,1.2922254824440405,0.3217235696023731,low,"[0.4573406579147809, 0.3450611801910325, 0.19759816189418652]",0.4573406579147809,0.3450611801910325,0.19759816189418652,0.24550512956835122,0.32243583731820274,0.4320590309268921,complex,0.006012053194721085,0.009555007385263548,0.053426809701101245,0.02128415274075273,smooth,0.9944233465533762,0.006387550390021407,high,1,0,0.0,connected,9,complex,poisson,valve_0003_lidar_classes.ply
611,4.262939111353967,1.4670730183847491,0.34414590021545977,low,"[0.8568832943540351, 0.12935817854505482, 0.013758527100910028]",0.8568832943540351,0.12935817854505482,0.013758527100910028,0.8490364087543469,0.13490711287163434,0.016056477206998734,linear,0.09426211966215962,0.07588570784094271,0.27424609868837924,0.22005066115843291,highly_curved,0.8875905374220796,0.13002654161700788,high,1,0,0.0,connected,0,tubular,ball_pivoting,valve_0004_lidar_classes.ply
173,4.81938332678581,1.6749056987860134,0.347535272641515,low,"[0.5846201284548214, 0.31395548538201024, 0.10142438616316835]",0.5846201284548214,0.31395548538201024,0.10142438616316835,0.46297523714281846,0.3635370876076993,0.17348767353896988,complex,0.07897062365290101,0.04495437835506028,0.20310100269733164,0.14506169413677797,highly_curved,0.922932025981946,0.0971578459533387,high,1,0,0.0,connected,1,complex,poisson,valve_0004_lidar_classes.ply
81,4.2660715998238015,1.1711256915910153,0.2745208709963669,low,"[0.4501600843602297, 0.4293647323979984, 0.1204751832417719]",0.4501600843602297,0.4293647323979984,0.1204751832417719,0.04619545943437063,0.6861771161009201,0.2676274222432772,complex,0.06479944580190575,0.023354338480321882,0.12453993814548381,0.09543983562923092,highly_curved,0.9599136056634499,0.024401548307152167,high,1,0,0.0,connected,2,complex,poisson,valve_0004_lidar_classes.ply
654,4.198834936124014,1.1648031915407566,0.2774110459170817,low,"[0.9028372124410845, 0.05523741065573605, 0.041925376903179296]",0.9028372124410845,0.05523741065573605,0.041925376903179296,0.9388179720182296,0.014744666651277155,0.04643736022287386,linear,0.12575799031922164,0.05193930917802278,0.24612529843608585,0.1949342474390518,highly_curved,0.9416642120385463,0.08897050747338418,high,1,0,0.0,connected,3,tubular,ball_pivoting,valve_0004_lidar_classes.ply
99,4.800265178288267,1.674593234007835,0.3488543177225318,low,"[0.47566118719560596, 0.4551137595795491, 0.06922505322484498]",0.47566118719560596,0.4551137595795491,0.06922505322484498,0.04319761234672602,0.811268011625147,0.1455343739257902,complex,0.017856204927402704,0.011536408966917495,0.0482511474464005,0.03234336377676769,smooth,0.9704564052716462,0.022115358752779136,high,1,0,0.0,connected,4,complex,poisson,valve_0004_lidar_classes.ply
919,3.784971830537603,1.3226492368287892,0.349447577339427,medium,"[0.5705790478342059, 0.30317542215459964, 0.12624553001119457]",0.5705790478342059,0.30317542215459964,0.12624553001119457,0.4686530748473139,0.31008830854358255,0.2212586148564981,complex,0.0035049047539014097,0.0043526529810541045,0.02341824708355817,0.008689091213890148,smooth,0.9952236200512954,0.004771133667975316,high,1,0,0.0,connected,5,complex,poisson,valve_0004_lidar_classes.ply
889,3.271603403290734,1.0001027957520965,0.30569194127884014,medium,"[0.5530374027312831, 0.3537466419633894, 0.09321595530532742]",0.5530374027312831,0.3537466419633894,0.09321595530532742,0.36035674879004687,0.4710905354688306,0.16855271393292665,complex,0.051476171259201675,0.052755097473980134,0.16561902682435764,0.1335542294335075,slightly_curved,0.9911202620239681,0.009587899509945486,high,1,0,0.0,connected,6,complex,poisson,valve_0004_lidar_classes.ply
414,4.278217136883545,1.4496731255105684,0.3388498243050208,low,"[0.5672492669031287, 0.3249747637296622, 0.10777596936720905]",0.5672492669031287,0.3249747637296622,0.10777596936720905,0.42710412667265113,0.38289832469126256,0.1899975468731929,complex,0.026699024384322236,0.02988262675998063,0.11460924802669235,0.07810949796437966,slightly_curved,0.9923433518241604,0.009185278968922864,high,1,0,0.0,connected,7,complex,poisson,valve_0004_lidar_classes.ply
653,4.2986450278135555,1.5112323519611306,0.3515601641520601,low,"[0.6009099707110152, 0.2553684141602542, 0.14372161512873058]",0.6009099707110152,0.2553684141602542,0.14372161512873058,0.5750304917837777,0.18579621621791942,0.23917329033416015,complex,0.004083025829611982,0.004770279622353462,0.030320431148304093,0.011113389014605771,smooth,0.994163068169099,0.005580551548448984,high,1,0,0.0,connected,8,complex,poisson,valve_0004_lidar_classes.ply
2633,4.067957519690975,1.3231279373083455,0.3252560850447626,low,"[0.45930533089048836, 0.35290121899143767, 0.187793450118074]",0.45930533089048836,0.35290121899143767,0.187793450118074,0.23166313236794842,0.35947278947053485,0.40886407598431573,complex,0.006802580558849899,0.010305067810319217,0.07626517722770874,0.022403913751359524,smooth,0.9949761905326048,0.006359160208601603,high,1,0,0.0,connected,9,complex,poisson,valve_0004_lidar_classes.ply
718,4.057734780322901,1.2076861727561554,0.2976257044484376,low,"[0.8905310919716717, 0.09674395985882725, 0.012724948169501087]",0.8905310919716717,0.09674395985882725,0.012724948169501087,0.8913637472937683,0.09434708383842905,0.014289167744877242,linear,0.06803919797222065,0.06229415836228987,0.3033514039494912,0.13700948993657114,highly_curved,0.8933180708736488,0.12484787847159298,high,1,0,0.0,connected,0,tubular,ball_pivoting,valve_0005_lidar_classes.ply
152,5.1492003556892225,1.7064098027963912,0.3313931648784318,low,"[0.5565230656047965, 0.3409370232567582, 0.10253991113844528]",0.5565230656047965,0.3409370232567582,0.10253991113844528,0.38738024582390285,0.42836878904716763,0.18425096333205881,complex,0.0794796329925751,0.04370312996138241,0.2283400995217023,0.1392915272183274,highly_curved,0.9104617079228564,0.13235591737124494,high,1,0,0.0,connected,1,complex,poisson,valve_0005_lidar_classes.ply
77,4.429340174133977,1.180401885901425,0.26649610082515746,low,"[0.47325626035361146, 0.41413274391674665, 0.11261099572964185]",0.47325626035361146,0.41413274391674665,0.11261099572964185,0.12492917952687882,0.6371215191631904,0.23794929919691069,complex,0.05824032162981412,0.02115969775028053,0.1256501919782605,0.08596623758520647,slightly_curved,0.9636271965830608,0.01803935673001581,high,1,0,0.0,connected,2,complex,poisson,valve_0005_lidar_classes.ply
666,4.234484946634452,1.1460401749046731,0.2706445268024617,low,"[0.8970601052607542, 0.056916954643798326, 0.046022940095447495]",0.8970601052607542,0.056916954643798326,0.046022940095447495,0.9365516811565201,0.01214413000011863,0.051304187728608806,linear,0.15203243890820106,0.05480308578815321,0.2800728772194243,0.21079855567115932,complex,0.9123840912443877,0.10335933273445409,high,1,0,0.0,connected,3,tubular,ball_pivoting,valve_0005_lidar_classes.ply
90,5.513565213812352,1.8731019373229096,0.3397260872675936,low,"[0.4880151909313758, 0.44412819677226756, 0.06785661229635666]",0.4880151909313758,0.44412819677226756,0.06785661229635666,0.0899295654822147,0.7710243260804508,0.1390461063882179,complex,0.02209416992831473,0.01576926339268542,0.0816144380390469,0.04348809919684862,slightly_curved,0.9669524230303872,0.026096029258332744,high,1,0,0.0,connected,4,complex,poisson,valve_0005_lidar_classes.ply
869,4.155958723919083,1.2266687294462313,0.29515902602476274,low,"[0.5064746588955835, 0.3658150504080166, 0.12771029069639994]",0.5064746588955835,0.3658150504080166,0.12771029069639994,0.2777228944021914,0.47012176238136993,0.2521553412420063,complex,0.005441714629131305,0.006125966328168734,0.05087988866813698,0.013491321310907604,smooth,0.992561059929566,0.0075032574052909485,high,1,0,0.0,connected,5,complex,poisson,valve_0005_lidar_classes.ply
684,3.7824174368538,0.9920854582324256,0.26228872791876445,medium,"[0.5235245710626594, 0.3670225433732875, 0.10945288556405308]",0.5235245710626594,0.3670225433732875,0.10945288556405308,0.2989392208903626,0.49199153498072395,0.20906924221878345,complex,0.05395949894271621,0.052135961605562595,0.20130194633558204,0.12334344717365257,slightly_curved,0.989286298884806,0.009228181253038092,high,1,0,0.0,connected,6,complex,poisson,valve_0005_lidar_classes.ply
414,4.4177797267310375,1.5498827099058228,0.35082842636471584,low,"[0.6077170274144259, 0.29278479067023166, 0.09949818191534233]",0.6077170274144259,0.29278479067023166,0.09949818191534233,0.5182218401315385,0.31805363305219037,0.16372452517076855,complex,0.02673846432105365,0.03006357573067219,0.1067891483005154,0.07869456294393283,slightly_curved,0.9915200434642978,0.008334305022149574,high,1,0,0.0,connected,7,complex,poisson,valve_0005_lidar_classes.ply
625,4.574798041385136,1.7324676996606425,0.3786981815611244,low,"[0.5696537113442025, 0.31272404550921573, 0.11762224314658176]",0.5696537113442025,0.31272404550921573,0.11762224314658176,0.4510278091187825,0.34249193524915955,0.20648025387660557,complex,0.006117313958882626,0.0073153874941760165,0.04205368450922655,0.016897866898278765,smooth,0.9924374012959981,0.008451543644785514,high,1,0,0.0,connected,8,complex,poisson,valve_0005_lidar_classes.ply
2733,4.3375104485551805,1.3903207975662701,0.32053428198861167,low,"[0.41854289933407157, 0.33487947705228827, 0.2465776236136402]",0.41854289933407157,0.33487947705228827,0.2465776236136402,0.19989210715318556,0.21097443862544918,0.5891334518321238,spherical,0.006276952512182408,0.00867574962543988,0.050878875183996336,0.019567180156269848,smooth,0.9943106957388744,0.0056976287618448005,high,1,0,0.0,connected,9,spherical,ball_pivoting,valve_0005_lidar_classes.ply
862,3.5800627405665226,1.378755840930325,0.38512058040832686,medium,"[0.9034406096137994, 0.085178407529032, 0.011380982857168572]",0.9034406096137994,0.085178407529032,0.011380982857168572,0.9057177555133795,0.0816848653966588,0.012597377983082152,linear,0.057635615858786696,0.0742563755046838,0.2893900469356228,0.18936629020402845,slightly_curved,0.9179569977202342,0.13915834321993267,high,1,0,0.0,connected,0,tubular,ball_pivoting,valve_0006_lidar_classes.ply
134,5.263512381834148,1.9585287237247144,0.3720953958638055,low,"[0.5753228999123413, 0.3271769063739005, 0.09750019371375819]",0.5753228999123413,0.3271769063739005,0.09750019371375819,0.4313160368637045,0.39921357605602575,0.16947038534211548,complex,0.06924933289836221,0.03771718301860154,0.22912369812547553,0.11649021077376386,highly_curved,0.9306395909000503,0.09062818532644229,high,1,0,0.0,connected,1,complex,poisson,valve_0006_lidar_classes.ply
463,4.379159278415786,1.2660671389643727,0.2891119181061795,low,"[0.9102075837354302, 0.051902955376456096, 0.03788946088811371]",0.9102075837354302,0.051902955376456096,0.03788946088811371,0.94297679205613,0.015395932448108184,0.04162727439711132,linear,0.051790040270439014,0.04088570743263837,0.1722721999201156,0.1068521805264011,slightly_curved,0.9842015227394683,0.036478469515890184,high,1,0,0.0,connected,3,tubular,ball_pivoting,valve_0006_lidar_classes.ply
894,4.140484677471621,1.1907563392412517,0.28758863556060693,low,"[0.4700663717407683, 0.4084581430247853, 0.12147548523444655]",0.4700663717407683,0.4084581430247853,0.12147548523444655,0.13106282918467488,0.6105151834560256,0.25842198523194027,complex,0.005658350559822825,0.0067386106460602295,0.0276810219849278,0.017404322914053628,smooth,0.9950234759839488,0.005120300283424893,high,1,0,0.0,connected,5,complex,poisson,valve_0006_lidar_classes.ply
373,4.5861516681623415,1.7331290753309427,0.37790487545029183,low,"[0.5720069930763193, 0.3166991954946796, 0.11129381142900117]",0.5720069930763193,0.3166991954946796,0.11129381142900117,0.4463368459225091,0.3590959309813483,0.1945672213479123,complex,0.006253626136444423,0.006145467184452671,0.0344646754090733,0.015202444475109624,smooth,0.9921614352956459,0.011388984547836342,high,1,0,0.0,connected,6,complex,poisson,valve_0006_lidar_classes.ply
506,4.339772342232832,1.3072311203027258,0.30122112795643297,low,"[0.5735345009573235, 0.3332366798250098, 0.0932288192176668]",0.5735345009573235,0.3332366798250098,0.0932288192176668,0.4189770978245249,0.41847153011415855,0.16255137031774233,complex,0.03395635321784474,0.03800138035810219,0.12226276932239113,0.09769444938115576,slightly_curved,0.9924136625108956,0.004668249612021549,high,1,0,0.0,connected,7,complex,poisson,valve_0006_lidar_classes.ply
787,4.368303575760693,1.3991013434834834,0.3202848242797686,low,"[0.5276867606127045, 0.35116800504858503, 0.12114523433871041]",0.5276867606127045,0.35116800504858503,0.12114523433871041,0.33451427703936853,0.435907791218571,0.22957792984699685,complex,0.007701917310194377,0.010236453551834826,0.06117799417474856,0.020454283232509925,smooth,0.9927430992020646,0.006827848552926216,high,1,0,0.0,connected,8,complex,poisson,valve_0006_lidar_classes.ply
3108,4.1089146855946215,1.2493979700082438,0.30407006845005036,low,"[0.37093410488785983, 0.35779270645886874, 0.27127318865327144]",0.37093410488785983,0.35779270645886874,0.27127318865327144,0.03542785152510073,0.23324767507831629,0.7313244707006863,spherical,0.004357249040203417,0.007875195970203058,0.06289009666943596,0.01542713753923879,smooth,0.9957689131128356,0.003523144887671252,high,1,0,0.0,connected,9,spherical,ball_pivoting,valve_0006_lidar_classes.ply
590,4.295050382055086,1.386434935336934,0.3227982937771169,low,"[0.8684447339860513, 0.11679814866110431, 0.014757117352844306]",0.8684447339860513,0.11679814866110431,0.014757117352844306,0.8655088286498965,0.11749858937183719,0.016992580826782643,linear,0.08479842388521883,0.057014645208626286,0.27372727663215063,0.14780665862318823,highly_curved,0.8679303571657179,0.13334508805253315,high,1,0,0.0,connected,0,tubular,ball_pivoting,valve_0007_lidar_classes.ply
170,5.04533142702153,1.5491399883118935,0.3070442468274817,low,"[0.64918414060831, 0.2684968086321748, 0.08231905075951523]",0.64918414060831,0.2684968086321748,0.08231905075951523,0.5864088593307408,0.2867872856712376,0.12680385345762657,complex,0.07024691360197871,0.041451665003599696,0.25213035754423013,0.1227906546334426,highly_curved,0.9243919750391415,0.09101661350453115,high,1,0,0.0,connected,1,complex,poisson,valve_0007_lidar_classes.ply
80,4.349770453564763,1.2400677151544732,0.2850880817982277,low,"[0.45241835347394493, 0.4300899784915689, 0.1174916680344861]",0.45241835347394493,0.4300899784915689,0.1174916680344861,0.0493533800332629,0.6909496649855427,0.25969695277085075,complex,0.0592445023691498,0.01964739260269598,0.11785251436009613,0.08007931897074944,slightly_curved,0.9615892090210071,0.01626850569775307,high,1,0,0.0,connected,2,complex,poisson,valve_0007_lidar_classes.ply
647,4.2520449549741315,1.1312120348838048,0.26603952841431033,low,"[0.8957009673077061, 0.058943277631320706, 0.04535575506097325]",0.8957009673077061,0.058943277631320706,0.04535575506097325,0.9341931283800159,0.015169708475384435,0.050637162028155686,linear,0.14994155332883977,0.05882279981964382,0.2694438464802971,0.21020514861963982,highly_curved,0.9219852327785096,0.08819651779203198,high,1,0,0.0,connected,3,tubular,ball_pivoting,valve_0007_lidar_classes.ply
950,4.187661399704089,1.1896700793310147,0.284089367667355,low,"[0.4989265403518767, 0.3705434156137535, 0.13053004403436982]",0.4989265403518767,0.3705434156137535,0.13053004403436982,0.25731869142551544,0.4810595382018572,0.2616217683683242,complex,0.005343085727517796,0.00677988059464005,0.03043190655150575,0.017338442923147707,smooth,0.994439246599963,0.00452919826612746,high,1,0,0.0,connected,5,complex,poisson,valve_0007_lidar_classes.ply
700,3.824576562247524,0.9692368328960675,0.2534233050032261,medium,"[0.49458917886522785, 0.4052200001746481, 0.10019082096012406]",0.49458917886522785,0.4052200001746481,0.10019082096012406,0.18069376025357498,0.6167324147641936,0.2025738229603514,complex,0.045987391766894876,0.04245237634285972,0.13438802208093217,0.10649481239507132,slightly_curved,0.9929783306695517,0.004162388006213256,high,1,0,0.0,connected,6,complex,poisson,valve_0007_lidar_classes.ply
403,4.541741007257702,1.6785675233806925,0.3695867994957781,low,"[0.5768294088163322, 0.3179074029072558, 0.10526318827641215]",0.5768294088163322,0.3179074029072558,0.10526318827641215,0.448871020622058,0.3686431569058719,0.1824858207384553,complex,0.025840007835757267,0.02886818191985507,0.10372795946914096,0.07983624049919764,slightly_curved,0.9910164754964493,0.009256304347889974,high,1,0,0.0,connected,7,complex,poisson,valve_0007_lidar_classes.ply
640,4.623324262974653,1.6766948245406137,0.36266001015883015,low,"[0.5408917716548847, 0.34511944678479634, 0.1139887815603189]",0.5408917716548847,0.34511944678479634,0.1139887815603189,0.36194361749887555,0.42731407077983063,0.21074230987249515,complex,0.008613617902243938,0.011750545250093817,0.07720088931233364,0.020945212754359066,smooth,0.9918875473118115,0.007695318939579138,high,1,0,0.0,connected,8,complex,poisson,valve_0007_lidar_classes.ply
2816,4.34591941012141,1.4228428393381805,0.32739742842378977,low,"[0.41270099066687427, 0.34068753225245285, 0.2466114770806728]",0.41270099066687427,0.34068753225245285,0.2466114770806728,0.17449305882102056,0.22795209381933532,0.5975548449365823,spherical,0.00392886600103857,0.007153990656066776,0.046828994516923406,0.015451967222754033,smooth,0.9964714864700838,0.0024815983585261114,high,1,1,0.0003551136363636364,connected,9,spherical,ball_pivoting,valve_0007_lidar_classes.ply
932,3.462346775089372,1.267900888463523,0.3661969671032152,medium,"[0.9005825654872106, 0.08889714981918027, 0.010520284693608958]",0.9005825654872106,0.08889714981918027,0.010520284693608958,0.9012892830404987,0.08702907211638143,0.011681643732727487,linear,0.06300648980431668,0.07830043420623493,0.28618287594930863,0.19730713010588066,highly_curved,0.9257200646618264,0.13274739823307066,high,1,0,0.0,connected,0,tubular,ball_pivoting,valve_0008_lidar_classes.ply
161,4.894807290696085,1.722532993567318,0.3519102777528241,low,"[0.6781280082706226, 0.23231879634322636, 0.08955319538615115]",0.6781280082706226,0.23231879634322636,0.08955319538615115,0.6574115887159674,0.21052898421144745,0.13205942559793735,complex,0.06748301650816375,0.04298654475954722,0.2270508839249789,0.12843512714663566,highly_curved,0.9354029796472867,0.06105353608356501,high,1,0,0.0,connected,1,complex,poisson,valve_0008_lidar_classes.ply
84,4.125125559931999,1.3712772353158529,0.33242072636597203,low,"[0.4408121127338139, 0.43085912008622496, 0.1283287671799612]",0.4408121127338139,0.43085912008622496,0.1283287671799612,0.022578763916635634,0.6863022668404886,0.2911189669743355,complex,0.056580725602682014,0.019346418798879002,0.11630958360612578,0.08408883203304245,slightly_curved,0.9572600451918485,0.028800413078372177,high,1,0,0.0,connected,2,complex,poisson,valve_0008_lidar_classes.ply
526,4.179267479768817,1.209073936373232,0.28930283642692595,low,"[0.9133215413763546, 0.04689260296448157, 0.0397858556591638]",0.9133215413763546,0.04689260296448157,0.0397858556591638,0.9486570700582924,0.007781210642231051,0.04356171820457198,linear,0.07387560928738694,0.05665162415240779,0.2626665947315024,0.16011004876819454,highly_curved,0.9785165443860225,0.030760190457093176,high,1,0,0.0,connected,3,tubular,ball_pivoting,valve_0008_lidar_classes.ply
1060,4.094247723345068,1.4614340522377904,0.35694812591526015,low,"[0.4951495969994802, 0.3652153676350219, 0.13963503536549784]",0.4951495969994802,0.3652153676350219,0.13963503536549784,0.2624140863476874,0.4555801583620812,0.2820057532706397,complex,0.009544571986731516,0.01512478049277917,0.11282887168209665,0.021364491070791802,smooth,0.9887082546919678,0.01989003349825928,high,1,0,0.0,connected,5,complex,poisson,valve_0008_lidar_classes.ply
418,4.2481983332187365,1.611297615993194,0.3792896398019795,low,"[0.5903566476958503, 0.30917571640999747, 0.10046763589415231]",0.5903566476958503,0.30917571640999747,0.10046763589415231,0.4762899374590025,0.35352880496374467,0.1701812558833616,complex,0.005011660460172215,0.0062012482728181165,0.04478670467321794,0.015292574529381297,smooth,0.9930596465833419,0.01137552007737994,high,1,0,0.0,connected,6,complex,poisson,valve_0008_lidar_classes.ply
468,4.294668468291287,1.4448546933352082,0.33642985568421313,low,"[0.6248822786634609, 0.2654866405495265, 0.10963108078701254]",0.6248822786634609,0.2654866405495265,0.10963108078701254,0.5751413503156019,0.24941587373297275,0.17544277435112401,complex,0.028799922738409835,0.03347316911809781,0.11900492189982753,0.08979027000961766,slightly_curved,0.992203578731426,0.006953576222507657,high,1,0,0.0,connected,7,complex,poisson,valve_0008_lidar_classes.ply
757,4.317608712956361,1.6607919388391463,0.38465550003888843,low,"[0.562090971869328, 0.2981143366970884, 0.1397946914335836]",0.562090971869328,0.2981143366970884,0.1397946914335836,0.4696332940995434,0.2816619602612087,0.24870474386017646,complex,0.01266405241931281,0.019235314877089876,0.14470440548178287,0.03226703993701273,smooth,0.9873721952755237,0.021667053934282383,high,1,0,0.0,connected,8,complex,poisson,valve_0008_lidar_classes.ply
2843,3.9687112303854426,1.3538383039491138,0.3411279443166996,medium,"[0.4254505812807818, 0.34850108048183775, 0.2260483382373805]",0.4254505812807818,0.34850108048183775,0.2260483382373805,0.18086589607288436,0.28781895558352516,0.5313151459931411,spherical,0.0076812408974794985,0.013779757886051382,0.09567766951302606,0.026943357385462347,smooth,0.9926490195709028,0.009501250638462964,high,1,0,0.0,connected,9,spherical,ball_pivoting,valve_0008_lidar_classes.ply
661,4.122066879349172,1.3380347588887644,0.3246028746567601,low,"[0.8811253512794285, 0.10620870279770776, 0.012665945922863837]",0.8811253512794285,0.10620870279770776,0.012665945922863837,0.8794624357102528,0.10616282533790834,0.01437473781692656,linear,0.08454685918873293,0.07034537602852296,0.31347065281587344,0.1959671443527672,highly_curved,0.8732558888704585,0.14417865784071493,high,1,0,0.0,connected,0,tubular,ball_pivoting,valve_0009_lidar_classes.ply
190,4.545449831265477,1.4482703327072632,0.3186198035729804,low,"[0.5946290595617372, 0.30156586740003954, 0.10380507303822324]",0.5946290595617372,0.30156586740003954,0.10380507303822324,0.492850436682064,0.3325784215372768,0.17457114009893857,complex,0.07205649312678618,0.04704292674140084,0.24282050122842444,0.1414988925722632,highly_curved,0.9109597780090012,0.10583207390376885,high,1,0,0.0,connected,1,complex,poisson,valve_0009_lidar_classes.ply
101,3.971419096026543,1.0951586871419097,0.27576003951883854,medium,"[0.49185328905672887, 0.3967111218577624, 0.11143558908550864]",0.49185328905672887,0.3967111218577624,0.11143558908550864,0.19343606949949047,0.580001269767558,0.2265626586998249,complex,0.05575413157637778,0.02898362497998264,0.1632113672855658,0.10131764478522484,slightly_curved,0.960075888567064,0.029361735569590288,high,1,0,0.0,connected,2,complex,poisson,valve_0009_lidar_classes.ply
765,3.9900411808884173,1.1164183349897883,0.27980120607712794,medium,"[0.9005426227120376, 0.05721886068864619, 0.042238516599316225]",0.9005426227120376,0.05721886068864619,0.042238516599316225,0.9364617951643532,0.016634797393132793,0.046903406332072343,linear,0.1431879596122751,0.05389619212538228,0.26574815821585496,0.20670471398561416,highly_curved,0.9059285829935769,0.11301827719705315,high,1,0,0.0,connected,3,tubular,ball_pivoting,valve_0009_lidar_classes.ply
122,4.576644641555072,1.6402297749461503,0.35839133318212674,low,"[0.503145654135082, 0.4350023626211987, 0.061851983243719356]",0.503145654135082,0.4350023626211987,0.061851983243719356,0.13543452242589396,0.7416349034700453,0.12293057211656462,complex,0.017420257205210676,0.017137471993229108,0.10678909305483013,0.03532319329075636,smooth,0.9755844256201701,0.015576504447400979,high,1,0,0.0,connected,4,complex,poisson,valve_0009_lidar_classes.ply
1150,3.6636967827665416,1.274242646107653,0.34780243052691734,medium,"[0.5256326120474711, 0.32549438566244365, 0.14887300229008524]",0.5256326120474711,0.32549438566244365,0.14887300229008524,0.3807568659499302,0.33601679003202817,0.28322634211557224,complex,0.003949443178937376,0.006440442922524088,0.03866907444657936,0.008967604675415592,smooth,0.9954492577271736,0.005222915997164209,high,1,0,0.0,connected,5,complex,poisson,valve_0009_lidar_classes.ply
934,3.1849753626394834,1.1910713089190235,0.37396562702387176,medium,"[0.5742064048802459, 0.3306724165301391, 0.09512117858961505]",0.5742064048802459,0.3306724165301391,0.09512117858961505,0.42412272983401234,0.41022049828829266,0.165656770136161,complex,0.05874581029000125,0.061710083482563786,0.1798662096416132,0.1494407002056436,slightly_curved,0.9900298658330761,0.031305624077655685,high,1,1,0.0010706638115631692,connected,6,complex,poisson,valve_0009_lidar_classes.ply
465,4.077660965673504,1.4126587771281813,0.3464385069464487,low,"[0.6335661067794833, 0.2923404525969192, 0.0740934406235975]",0.6335661067794833,0.2923404525969192,0.0740934406235975,0.5385793999910896,0.34447393775249724,0.11694666067804592,complex,0.03994995347782565,0.039428823305372326,0.1300945214351211,0.10566903451518767,slightly_curved,0.9920020967222678,0.006032302340298359,high,1,0,0.0,connected,7,complex,poisson,valve_0009_lidar_classes.ply
803,4.193164267308946,1.6626260114548181,0.396508675803759,low,"[0.6199763833330538, 0.23149642612865973, 0.14852719053828636]",0.6199763833330538,0.23149642612865973,0.14852719053828636,0.6266044433648962,0.13382644514698475,0.23956910987515448,complex,0.005381631919794911,0.007074655447895215,0.04507574938782132,0.016284589200179233,smooth,0.9938680103438969,0.008011553692149606,high,2,1,0.0012453300124533001,few_components,8,complex,ball_pivoting,valve_0009_lidar_classes.ply
2806,3.948149070095054,1.3476164823504753,0.34132867277392387,medium,"[0.44417909682660356, 0.34825444624438756, 0.2075664569290089]",0.44417909682660356,0.34825444624438756,0.2075664569290089,0.21595939802566438,0.31673707746216306,0.4673035222608284,complex,0.006630355320707203,0.010227323551726996,0.06535933760642613,0.021782754494562018,smooth,0.9945822349350212,0.006418577322425384,high,1,1,0.0003563791874554526,connected,9,complex,poisson,valve_0009_lidar_classes.ply
597,4.204461250210139,1.7561614481969972,0.41769000670217477,low,"[0.9114543325864589, 0.07815696973443785, 0.010388697679103118]",0.9114543325864589,0.07815696973443785,0.010388697679103118,0.9142502615277499,0.07435180190396928,0.01139793547113314,linear,0.05943068059387139,0.06638313461775235,0.2893874581558311,0.14408154105932838,slightly_curved,0.896664370447618,0.1537822235672111,high,1,0,0.0,connected,0,tubular,ball_pivoting,valve_0010_lidar_classes.ply
171,4.8702085984681505,1.400542902855933,0.2875734938763976,low,"[0.5861692055160653, 0.3213021576455263, 0.09252863683840847]",0.5861692055160653,0.3213021576455263,0.09252863683840847,0.4518610751403908,0.39028580529988616,0.15785311785373105,complex,0.07128210994253797,0.050012148532997805,0.2023412465895987,0.14964366002160437,highly_curved,0.8865259939364073,0.11947818234538396,high,1,0,0.0,connected,1,complex,poisson,valve_0010_lidar_classes.ply
72,4.218633001701516,1.2256564483495802,0.2905340302331817,low,"[0.5632275996454393, 0.3254396057674741, 0.1113327945870865]",0.5632275996454393,0.3254396057674741,0.1113327945870865,0.42218810584827243,0.3801426118589157,0.1976692805173308,complex,0.04843445957173989,0.020057765225965404,0.12119196231960297,0.06709844395063864,slightly_curved,0.9526284314260968,0.04269453481677228,high,1,0,0.0,connected,2,complex,poisson,valve_0010_lidar_classes.ply
651,4.186477105692234,1.1038346791166664,0.2636667180986484,low,"[0.9010148828302544, 0.05367384985921354, 0.04531126731053205]",0.9010148828302544,0.05367384985921354,0.04531126731053205,0.9404295624606737,0.009281292350168275,0.05028914407929848,linear,0.1203575409717798,0.0665598031954633,0.29554444138670155,0.2040793971211384,highly_curved,0.9417365758206095,0.08106580788446655,high,1,0,0.0,connected,3,tubular,ball_pivoting,valve_0010_lidar_classes.ply
95,5.1431026365035875,1.8075209328895967,0.3514456273357496,low,"[0.5753377847397599, 0.35385851184789796, 0.07080370341234211]",0.5753377847397599,0.35385851184789796,0.07080370341234211,0.3849552008948753,0.4919802165811318,0.12306458078588367,complex,0.023365320174488096,0.021402654696196857,0.09627523845685965,0.05550854426882084,slightly_curved,0.9687571646036265,0.033223393290190355,high,1,0,0.0,connected,4,complex,poisson,valve_0010_lidar_classes.ply
1056,3.9086995389276056,1.1290692949865522,0.2888606001697086,medium,"[0.4583678926180532, 0.4037902580122178, 0.13784184936972907]",0.4583678926180532,0.4037902580122178,0.13784184936972907,0.11906949715660851,0.580207323299343,0.3007231773623947,complex,0.006257563235578134,0.007536419745878456,0.036074797268018446,0.01702145419811065,smooth,0.9941470996274597,0.005720934170593637,high,1,0,0.0,connected,5,complex,poisson,valve_0010_lidar_classes.ply
549,3.9249936591573262,1.0865773865240587,0.27683545009356914,medium,"[0.5148361113282673, 0.39811453587154055, 0.08704935280019213]",0.5148361113282673,0.39811453587154055,0.08704935280019213,0.22671598332306445,0.6042023386133577,0.16908167612121222,complex,0.00815168865223434,0.013086534057431255,0.07699235752973098,0.023564532764815647,smooth,0.9947804575513283,0.0027104120927259638,high,1,0,0.0,connected,6,complex,poisson,valve_0010_lidar_classes.ply
410,4.3316324342952095,1.4415708948050208,0.3328008357908546,low,"[0.5653959313206063, 0.3247145866861973, 0.1098894819931964]",0.5653959313206063,0.3247145866861973,0.1098894819931964,0.4256863745845474,0.3799551648899817,0.19435845875679889,complex,0.02328328261519214,0.02715893116287378,0.1205454448108411,0.07089442601219022,slightly_curved,0.991221358071753,0.012380569114988521,high,1,0,0.0,connected,7,complex,poisson,valve_0010_lidar_classes.ply
676,4.413703909185398,1.6182215124420498,0.3666357203317873,low,"[0.5302878390454476, 0.3441377328420439, 0.12557442811250852]",0.5302878390454476,0.3441377328420439,0.12557442811250852,0.3510359697998166,0.4121597521655479,0.23680427614886726,complex,0.0061549312601416875,0.006936652907279946,0.035141043768241675,0.016076815496641066,smooth,0.9932425602346109,0.00801907245029838,high,1,0,0.0,connected,8,complex,poisson,valve_0010_lidar_classes.ply
3116,3.960076568772821,1.2537878685002584,0.31660697625656886,medium,"[0.38918758273739024, 0.3412995639672986, 0.26951285329531116]",0.38918758273739024,0.3412995639672986,0.26951285329531116,0.12304611136414038,0.1844527258105606,0.6925011602558439,spherical,0.005396892579554056,0.008321478940271576,0.049905473687806144,0.018858935606535246,smooth,0.99544947853462,0.004369372146103839,high,1,1,0.00032092426187419767,connected,9,spherical,ball_pivoting,valve_0010_lidar_classes.ply
607,4.251723324494469,1.6578815725222449,0.3899316690202168,low,"[0.921945862955391, 0.06968188807899314, 0.008372248965615859]",0.921945862955391,0.06968188807899314,0.008372248965615859,0.9244186759729693,0.06650025940822898,0.009081063534139306,linear,0.072072218808563,0.06791439700904331,0.2930668843681126,0.1734968525243424,highly_curved,0.8892557785875869,0.13639552833929078,high,1,0,0.0,connected,0,tubular,ball_pivoting,valve_0011_lidar_classes.ply
165,5.046497274578457,1.5177456261185758,0.3007522927761025,low,"[0.5621460930631222, 0.34035734256381645, 0.09749656437306131]",0.5621460930631222,0.34035734256381645,0.09749656437306131,0.3945393427823081,0.4320243096156509,0.17343634582314402,complex,0.08002629665991493,0.049261962732896944,0.24682994201519573,0.14337745443266736,highly_curved,0.9064448389399231,0.10532464773489804,high,1,0,0.0,connected,1,complex,poisson,valve_0011_lidar_classes.ply
649,4.200345428781943,1.0880289779599732,0.2590332143269601,low,"[0.8994901112212912, 0.05466950392183959, 0.045840384856869275]",0.8994901112212912,0.05466950392183959,0.045840384856869275,0.939221672168432,0.00981569329669095,0.050962633423136165,linear,0.12552199833476135,0.06436195070441982,0.2604184681691077,0.20232633543342635,highly_curved,0.9548973570478735,0.06192548761050806,high,1,0,0.0,connected,3,tubular,ball_pivoting,valve_0011_lidar_classes.ply
81,5.205373180081482,1.8814322676472794,0.3614404197733981,low,"[0.5947716196347466, 0.3303327999389162, 0.07489558042633739]",0.5947716196347466,0.3303327999389162,0.07489558042633739,0.4446056444549565,0.4294710955441578,0.12592325831956816,complex,0.019476642781780355,0.012661668714678139,0.06508521679588905,0.03693661520635843,smooth,0.9652787028833459,0.045455159319378616,high,1,0,0.0,connected,4,complex,poisson,valve_0011_lidar_classes.ply
1034,3.8502686284680494,1.1156156232576382,0.2897500747660225,medium,"[0.4539071325441852, 0.40820004057235093, 0.1378928268834638]",0.4539071325441852,0.40820004057235093,0.1378928268834638,0.10069701177627546,0.5955121515237748,0.3037908344968558,complex,0.006104098045879013,0.008291274540003701,0.041903929263244044,0.01901494657123816,smooth,0.9946616739562743,0.00456192006628528,high,1,0,0.0,connected,5,complex,poisson,valve_0011_lidar_classes.ply
474,4.140251467368772,1.3476874317284566,0.3255085933848929,low,"[0.5868875439319038, 0.3186432933716591, 0.09446916269643703]",0.5868875439319038,0.3186432933716591,0.09446916269643703,0.4570624353450352,0.381971184447666,0.16096637850339496,complex,0.0070838436877887455,0.009118596404267697,0.05123040216358765,0.020197217350623776,smooth,0.99413204295798,0.0035353366118883703,high,1,0,0.0,connected,6,complex,poisson,valve_0011_lidar_classes.ply
397,4.4329321261298,1.6266399299319507,0.3669444699991729,low,"[0.6050212285192146, 0.2850816745861657, 0.10989709689461968]",0.6050212285192146,0.2850816745861657,0.10989709689461968,0.5288071530767469,0.2895511250584677,0.18164172021195088,complex,0.02267896639460595,0.028854473702394644,0.0999895983406792,0.07568073694896675,slightly_curved,0.9923881384493856,0.007925156027867475,high,1,0,0.0,connected,7,complex,poisson,valve_0011_lidar_classes.ply
665,4.3664759528060415,1.7387730483070587,0.3982096928282534,low,"[0.5776882358649462, 0.29767379164540975, 0.12463797248964409]",0.5776882358649462,0.29767379164540975,0.12463797248964409,0.48471550284483145,0.29953149140583685,0.2157530040182943,complex,0.004379694529786082,0.00577239289863614,0.03163012445611785,0.013788354771516978,smooth,0.993349976914761,0.00947889278696425,high,1,1,0.0015037593984962407,connected,8,complex,poisson,valve_0011_lidar_classes.ply
3072,3.831869745141157,1.2559163713096653,0.3277554965364943,medium,"[0.39586516784767767, 0.3741075574772889, 0.2300272746750334]",0.39586516784767767,0.3741075574772889,0.2300272746750334,0.054962174201187985,0.3639630211004879,0.5810748021722114,spherical,0.005911688393099117,0.010583209327202903,0.06352127955282272,0.01882204196734502,smooth,0.9950712357789012,0.008067392086537034,high,1,2,0.0006510416666666666,connected,9,spherical,ball_pivoting,valve_0011_lidar_classes.ply
716,3.4997926453730286,1.5004512315415661,0.4287257512517326,medium,"[0.9124042137481173, 0.08133082651780708, 0.0062649597340755465]",0.9124042137481173,0.08133082651780708,0.0062649597340755465,0.9108609690714113,0.08227259976484719,0.006866430067736021,linear,0.036213219850821314,0.046292438989175344,0.20714753401526204,0.10632891126519069,slightly_curved,0.9523669788183093,0.10709547483249288,high,1,0,0.0,connected,0,planar,poisson,valve_0012_lidar_classes.ply
151,5.341055081201679,1.6702573505311389,0.31272048777348105,low,"[0.612666020273626, 0.28747837346126476, 0.09985560626510923]",0.612666020273626,0.28747837346126476,0.09985560626510923,0.5307747378193959,0.30623987732520314,0.16298538322319034,complex,0.07581579579807601,0.04443732410386384,0.2225157467577304,0.13716158388018826,highly_curved,0.8842749218004448,0.12970599754172746,high,1,0,0.0,connected,1,complex,poisson,valve_0012_lidar_classes.ply
445,4.419266691317246,1.2990539918636526,0.29395238674371393,low,"[0.9090280089185597, 0.05336817503326252, 0.03760381604817783]",0.9090280089185597,0.05336817503326252,0.03760381604817783,0.9412909443372997,0.017341994760422214,0.04136705980220211,linear,0.04021852745729409,0.0342799029153819,0.1534687625134193,0.09212254847193899,slightly_curved,0.9833129993308886,0.05784316196602848,high,1,0,0.0,connected,3,tubular,ball_pivoting,valve_0012_lidar_classes.ply
862,4.214589697711358,1.2712585668281104,0.30163281783201984,low,"[0.4955471738524122, 0.39959805205854243, 0.10485477408904544]",0.4955471738524122,0.39959805205854243,0.10485477408904544,0.19362257856165985,0.5947834896996028,0.21159392972076596,complex,0.005077366064901431,0.006441355210314829,0.041349039955366824,0.01541026141694991,smooth,0.9944768288215049,0.007484761798919466,high,1,0,0.0,connected,5,complex,poisson,valve_0012_lidar_classes.ply
304,4.9099543443378515,2.1626707744651426,0.440466575115645,low,"[0.5738720123132729, 0.322418422485599, 0.10370956520112809]",0.5738720123132729,0.322418422485599,0.10370956520112809,0.4381701564010704,0.3811108613255883,0.18071898053079255,complex,0.0056523591438932515,0.007605971872059109,0.06943098478615213,0.013556413859405106,smooth,0.988651164638883,0.04239379291682667,high,1,2,0.006578947368421052,connected,6,complex,poisson,valve_0012_lidar_classes.ply
260,5.267670700950036,1.8257004137477448,0.3465859042919843,low,"[0.4876725381412667, 0.42618990400396933, 0.08613755785476397]",0.4876725381412667,0.42618990400396933,0.08613755785476397,0.12607360308940294,0.6972964824880176,0.17662991237202313,complex,0.007563752186198861,0.006103714345587059,0.027969584692435562,0.017404126726270085,smooth,0.9900243442929344,0.006543169142717993,high,1,0,0.0,connected,7,complex,poisson,valve_0012_lidar_classes.ply
705,4.804069727397983,1.736703542804009,0.3615067309572854,low,"[0.5111887038280437, 0.36479628755472565, 0.12401500861723054]",0.5111887038280437,0.36479628755472565,0.12401500861723054,0.2863764689843104,0.47102229893457914,0.2426012301248858,complex,0.005327409451498852,0.006674036990925731,0.04053207410441488,0.01349599096126984,smooth,0.9928706042101019,0.007588898129780609,high,1,0,0.0,connected,8,complex,poisson,valve_0012_lidar_classes.ply
2825,4.182971712788603,1.2454241130510983,0.2977366805866092,low,"[0.3846173427700513, 0.3307594560529401, 0.28462320117700857]",0.3846173427700513,0.3307594560529401,0.28462320117700857,0.1400297921804349,0.11995365165725527,0.740016553562323,spherical,0.007035247298622551,0.009740107166075092,0.05357782958569559,0.02093858733134482,smooth,0.9953812104523996,0.004851135263368342,high,1,1,0.00035398230088495576,connected,9,spherical,ball_pivoting,valve_0012_lidar_classes.ply
707,4.081671414638532,1.1978048211450574,0.2934593942461373,low,"[0.8869739163324203, 0.0991795800070594, 0.013846503660520263]",0.8869739163324203,0.0991795800070594,0.013846503660520263,0.8881820772077013,0.09620697371031936,0.015610947954550583,linear,0.0693873150648002,0.06440547102675868,0.29191944883475307,0.1493005941297729,highly_curved,0.9070631714429472,0.11866813426977219,high,1,0,0.0,connected,0,tubular,ball_pivoting,valve_0013_lidar_classes.ply
153,5.180111526368256,1.6084037943669347,0.31049597790881556,low,"[0.6738033513875978, 0.2449025768863688, 0.08129407172603338]",0.6738033513875978,0.2449025768863688,0.08129407172603338,0.6365370148151307,0.24281343300028801,0.12064955070046889,complex,0.0719438075378668,0.03780325109065576,0.1901876800629917,0.12905496501168331,highly_curved,0.8992308293991507,0.14102682343865205,high,1,0,0.0,connected,1,complex,poisson,valve_0013_lidar_classes.ply
79,4.402310806761565,1.1765006848555488,0.2672461659865769,low,"[0.45247225871168906, 0.418678361163382, 0.128849380124929]",0.45247225871168906,0.418678361163382,0.128849380124929,0.0746872251789319,0.6405453037565866,0.2847674688544013,complex,0.058908074110438156,0.01881229353825544,0.11378145338827486,0.08342148660829149,slightly_curved,0.9615016858698769,0.023966707471853865,high,1,0,0.0,connected,2,complex,poisson,valve_0013_lidar_classes.ply
656,4.259388662618135,1.1286444862182246,0.26497804622964327,low,"[0.9014411388647707, 0.0556707940966445, 0.04288806703858476]",0.9014411388647707,0.0556707940966445,0.04288806703858476,0.9382424512985995,0.014180323587158816,0.047577224004906854,linear,0.1511618386421441,0.057370184571497576,0.2733793091579523,0.20956693176056118,complex,0.9238973252775522,0.09327030538168272,high,1,0,0.0,connected,3,tubular,ball_pivoting,valve_0013_lidar_classes.ply
82,5.590871665270935,1.9321006811393069,0.3455812968835326,low,"[0.5613223949522923, 0.3569492292085685, 0.08172837583913918]",0.5613223949522923,0.3569492292085685,0.08172837583913918,0.36409230634206485,0.4903079858456615,0.14559970603076633,complex,0.024620040193632106,0.017699702063898873,0.09382798442373905,0.04603065986471806,slightly_curved,0.9530770870737881,0.06113436244704873,high,1,0,0.0,connected,4,complex,poisson,valve_0013_lidar_classes.ply
896,4.213705560914762,1.4240543186116752,0.3379577186130126,low,"[0.4928368977372132, 0.36580230947033265, 0.14136079279245414]",0.4928368977372132,0.36580230947033265,0.14136079279245414,0.2577619260903128,0.4554072904300811,0.2868307814505372,complex,0.006657815248335929,0.008233141093105098,0.06031821968649864,0.01748420635230914,smooth,0.9909352712032989,0.024119082620208048,high,1,1,0.0011160714285714285,connected,5,complex,poisson,valve_0013_lidar_classes.ply
695,3.833075562459077,1.003106708720703,0.26169760864705494,medium,"[0.4957903394819284, 0.3970070354918562, 0.10720262502621537]",0.4957903394819284,0.3970070354918562,0.10720262502621537,0.19924410768884854,0.5845301668926004,0.2162257234015694,complex,0.04527449727355217,0.040203771241054787,0.12949730884889235,0.1044902348231136,slightly_curved,0.9907062747975602,0.012993257194235195,high,1,0,0.0,connected,6,complex,poisson,valve_0013_lidar_classes.ply
369,4.4427671465932415,1.5272912245809007,0.34377026160560153,low,"[0.5490854989829236, 0.35157263654590276, 0.09934186447117364]",0.5490854989829236,0.35157263654590276,0.09934186447117364,0.35971239896730733,0.4593652028373968,0.18092239637408591,complex,0.02057911248708494,0.0255606515052289,0.09224328575653284,0.06814064216845257,slightly_curved,0.9913056888353707,0.01182343580045429,high,1,0,0.0,connected,7,complex,poisson,valve_0013_lidar_classes.ply
798,4.661085982358012,1.7752429386645872,0.3808646622274149,low,"[0.5685688048375837, 0.29345463703207586, 0.13797655813034054]",0.5685688048375837,0.29345463703207586,0.13797655813034054,0.48387137138173636,0.2734551690233757,0.24267345783608588,complex,0.012394609509120084,0.01977458288261454,0.1174562159844314,0.03403744587973859,smooth,0.9895161082704901,0.012579369696179865,high,1,0,0.0,connected,8,complex,poisson,valve_0013_lidar_classes.ply
2554,4.383382840500069,1.4787883263821244,0.33736234772412843,low,"[0.3817097902264172, 0.3542758693016586, 0.26401434047192407]",0.3817097902264172,0.3542758693016586,0.26401434047192407,0.07187114806936072,0.2364663702749885,0.6916624790358593,spherical,0.006677276429061521,0.01001093270911482,0.06775800710884752,0.02040243074369525,smooth,0.9935808467078203,0.0076730807321565555,high,1,0,0.0,connected,9,spherical,ball_pivoting,valve_0013_lidar_classes.ply
742,4.063281927966165,1.212083006040125,0.2983014782704284,low,"[0.9032965757072193, 0.08599201418001477, 0.010711410112765834]",0.9032965757072193,0.08599201418001477,0.010711410112765834,0.9048020136492924,0.0833398531650245,0.011858132078627003,linear,0.07628772975273554,0.06846228824197462,0.2785911663088099,0.18144565382553865,highly_curved,0.882301272156969,0.1312092809008752,high,1,0,0.0,connected,0,tubular,ball_pivoting,valve_0014_lidar_classes.ply
179,4.868322109021732,1.5540037876122572,0.319207265356014,low,"[0.6321073382432709, 0.2799015568670571, 0.08799110488967199]",0.6321073382432709,0.2799015568670571,0.08799110488967199,0.5571929947813262,0.3036042141309912,0.13920278950567286,complex,0.07101459815362308,0.03866294527695817,0.1680681590583384,0.125239684928623,highly_curved,0.9249944426188093,0.10032163304349039,high,1,0,0.0,connected,1,complex,poisson,valve_0014_lidar_classes.ply
75,4.519590372144815,1.3033279173666863,0.28837301829630335,low,"[0.5092083188868807, 0.374167319017206, 0.11662436209591331]",0.5092083188868807,0.374167319017206,0.11662436209591331,0.2651979447226504,0.5057713058940302,0.22903074741948665,complex,0.05483033668270441,0.018224106372863296,0.1109774283229643,0.07611974599137625,slightly_curved,0.9586539646553621,0.018047405963588718,high,1,0,0.0,connected,2,complex,poisson,valve_0014_lidar_classes.ply
649,4.261466969499579,1.1304371576891574,0.2652694871307742,low,"[0.8921740657320288, 0.06080406423546219, 0.04702187003250901]",0.8921740657320288,0.06080406423546219,0.04702187003250901,0.9318473070415696,0.015447875831491485,0.05270481600608145,linear,0.15307072870028987,0.05058290616737968,0.2632429077397554,0.2093191949109419,complex,0.92483552833582,0.09692832800445554,high,1,0,0.0,connected,3,tubular,ball_pivoting,valve_0014_lidar_classes.ply
84,5.292364137020431,1.8393890830667663,0.3475552768284716,low,"[0.5659165332955332, 0.36469686149419567, 0.06938660521027125]",0.5659165332955332,0.36469686149419567,0.06938660521027125,0.3555642212359473,0.5218265210284657,0.1226092559685421,complex,0.024747407363462075,0.021375110367328923,0.09308266705770575,0.0510619500370616,slightly_curved,0.9548722091457333,0.03628510017347249,high,1,0,0.0,connected,4,complex,poisson,valve_0014_lidar_classes.ply
953,4.192761888793888,1.4557427304984762,0.34720376896242944,low,"[0.5036200368149831, 0.36257087548742606, 0.13380908769759078]",0.5036200368149831,0.36257087548742606,0.13380908769759078,0.28007059039889687,0.4542348806897084,0.2656945269257709,complex,0.005263765609915014,0.007907861267681972,0.10902460939013188,0.015457070534014886,smooth,0.9924033583744231,0.010968146764221219,high,1,0,0.0,connected,5,complex,poisson,valve_0014_lidar_classes.ply
825,3.6249573184901074,0.9782712421195178,0.2698711063050869,medium,"[0.508442389112729, 0.382482346124432, 0.10907526476283907]",0.508442389112729,0.382482346124432,0.10907526476283907,0.2477370994978799,0.5377346316481886,0.2145282668871404,complex,0.051175295781212514,0.04766869289131343,0.15060160774220846,0.12329733203612202,slightly_curved,0.9916443205133038,0.008033334402275136,high,1,0,0.0,connected,6,complex,poisson,valve_0014_lidar_classes.ply
423,4.423398193377574,1.6001278180362708,0.36174175322270036,low,"[0.6266677238674488, 0.2810109703148651, 0.09232130581768601]",0.6266677238674488,0.2810109703148651,0.09232130581768601,0.5515789944754155,0.3011000200099507,0.14732098391889192,complex,0.02804055576808337,0.03283745839278536,0.10703248790369883,0.08881732997537095,slightly_curved,0.9919677099741038,0.007400510461132552,high,1,0,0.0,connected,7,complex,poisson,valve_0014_lidar_classes.ply
703,4.678616098363638,1.8844028921338944,0.40276929162668457,low,"[0.5958906691905713, 0.26227973909796226, 0.1418295917114663]",0.5958906691905713,0.26227973909796226,0.1418295917114663,0.5598525816588422,0.20213464216174906,0.23801277450124853,complex,0.01339078217661,0.019474068250825656,0.09287701932714497,0.039770429358568435,smooth,0.9867068152552304,0.023804840654425667,high,1,0,0.0,connected,8,complex,poisson,valve_0014_lidar_classes.ply
2385,4.444302097225108,1.517929368740472,0.3415450469369932,low,"[0.39195984034630915, 0.3632588789561397, 0.24478128069755134]",0.39195984034630915,0.3632588789561397,0.24478128069755134,0.07322423973738486,0.3022697372558368,0.6245060204554965,spherical,0.008294424027599423,0.012377337240530096,0.08035186628043428,0.023317245121072094,smooth,0.9920475409384167,0.010595002528439403,high,1,0,0.0,connected,9,spherical,ball_pivoting,valve_0014_lidar_classes.ply
832,3.7396286148274536,1.1461179094651703,0.3064790724443564,medium,"[0.9001190975223503, 0.08746282447610147, 0.012418078001548198]",0.9001190975223503,0.08746282447610147,0.012418078001548198,0.9028319412179102,0.0833720188781106,0.013796038793015181,linear,0.06258609401363342,0.06381133881770619,0.29419637292352036,0.13553442722650547,highly_curved,0.9023590832668004,0.1292959123585674,high,1,0,0.0,connected,0,tubular,ball_pivoting,valve_0015_lidar_classes.ply
194,4.312898977593567,1.34497981903678,0.31185052692223664,low,"[0.5545725227097478, 0.33997078563231126, 0.10545669165794103]",0.5545725227097478,0.33997078563231126,0.10545669165794103,0.3869678498348303,0.4228736259878433,0.1901585223741358,complex,0.0622531149930708,0.03942541224790663,0.22107703189495317,0.11322799415645582,highly_curved,0.9281221137917234,0.08836068426545374,high,1,0,0.0,connected,1,complex,poisson,valve_0015_lidar_classes.ply
77,4.321193459661088,1.3518011493342255,0.312830508895433,low,"[0.5569808121886202, 0.31234830324550805, 0.13067088456587173]",0.5569808121886202,0.31234830324550805,0.13067088456587173,0.43921173431923577,0.3261825441339067,0.2346057197514636,complex,0.05251853931424647,0.016895769964081372,0.09185794909056932,0.0791761364899964,slightly_curved,0.9555962969587402,0.04262606930496298,high,1,0,0.0,connected,2,complex,poisson,valve_0015_lidar_classes.ply
697,4.158045941696178,1.1287931711956662,0.2714720295908345,low,"[0.8943611756820652, 0.05971666658766698, 0.04592215773026782]",0.8943611756820652,0.05971666658766698,0.04592215773026782,0.9332298078845438,0.015423868138568528,0.051346322858771186,linear,0.151245746229066,0.04988228030051621,0.2662149974674945,0.21426634586568055,complex,0.9159037331157582,0.0947076939523761,high,1,0,0.0,connected,3,tubular,ball_pivoting,valve_0015_lidar_classes.ply
88,4.739725527860621,1.7615493698220952,0.3716564090253455,low,"[0.5618915791507841, 0.3892346272878275, 0.04887379356138827]",0.5618915791507841,0.3892346272878275,0.04887379356138827,0.3072780549881598,0.6057411175926557,0.0869808256394818,planar,0.02430303461627253,0.023955476114418207,0.14573552524510405,0.04616282962785622,slightly_curved,0.9640441984587007,0.04600073100352732,high,1,0,0.0,connected,4,planar,poisson,valve_0015_lidar_classes.ply
1008,3.6778651589483613,1.4650999475635549,0.3983560799124363,medium,"[0.5893862605876531, 0.24129624599018504, 0.169317493422162]",0.5893862605876531,0.24129624599018504,0.169317493422162,0.5905974354743257,0.1221249242799298,0.28727763854906424,complex,0.005857362870823522,0.010852180188135833,0.09563067707975613,0.020031010605968323,smooth,0.994962605764889,0.009706210037486169,high,1,0,0.0,connected,5,complex,poisson,valve_0015_lidar_classes.ply
811,3.229729073778613,1.0662977657636854,0.33015083961393155,medium,"[0.6073901430429867, 0.2980154423179642, 0.09459441463904902]",0.6073901430429867,0.2980154423179642,0.09459441463904902,0.5093508739962814,0.33490999100656876,0.15573913335076164,complex,0.06411658901064371,0.0644238875429921,0.22302277730914916,0.1525600160481849,highly_curved,0.9870408954710811,0.018350574022855393,high,1,0,0.0,connected,6,complex,poisson,valve_0015_lidar_classes.ply
456,4.116069084994733,1.2807492517009385,0.31115834669996045,low,"[0.5661305143590744, 0.3261698457413535, 0.1076996398995721]",0.5661305143590744,0.3261698457413535,0.1076996398995721,0.4238610392967834,0.3859007771436138,0.19023818179322563,complex,0.027759740800228912,0.031206960845333365,0.11594594799403897,0.08506765162716132,slightly_curved,0.9925211164058466,0.007301886958383606,high,1,0,0.0,connected,7,complex,poisson,valve_0015_lidar_classes.ply
761,4.328857127728577,1.5351067062509407,0.35462170743939864,low,"[0.5999929495351105, 0.24369409033691486, 0.1563129601279746]",0.5999929495351105,0.24369409033691486,0.1563129601279746,0.593838409068684,0.1456369281189194,0.2605246611457103,complex,0.012530884938611849,0.018012133545507635,0.11522739379803996,0.03598896250772279,smooth,0.9897856192505811,0.019450990370291465,high,1,0,0.0,connected,8,complex,poisson,valve_0015_lidar_classes.ply
2581,4.099771983424472,1.5055107081006418,0.367218155990201,low,"[0.43502920429896297, 0.3605628213921224, 0.20440797430891455]",0.43502920429896297,0.3605628213921224,0.20440797430891455,0.17117559464924975,0.35895256038245604,0.4698718426695979,complex,0.006251471359079064,0.012139482733161323,0.11723417842161972,0.021494290063463553,smooth,0.9907621075013354,0.02348366125263056,high,1,2,0.0007748934521503294,connected,9,complex,poisson,valve_0015_lidar_classes.ply
557,4.3596280659020845,1.4742882235994619,0.33816834853232763,low,"[0.8582562605328163, 0.12672445301201984, 0.015019286455163794]",0.8582562605328163,0.12672445301201984,0.015019286455163794,0.8523466012520616,0.13015362842486514,0.01749976915792011,linear,0.09131574712422814,0.05980967680365201,0.2954910185891479,0.18104911480366845,highly_curved,0.879851296534276,0.12027362239853125,high,1,0,0.0,connected,0,tubular,ball_pivoting,valve_0016_lidar_classes.ply
146,5.112127024250602,1.608171424387074,0.31457970751582404,low,"[0.5969581885102346, 0.30615035461638473, 0.09689145687338065]",0.5969581885102346,0.30615035461638473,0.09689145687338065,0.4871494168334282,0.3505419666236381,0.16230861486777456,complex,0.07199053750833684,0.030469870197382908,0.16170961688262733,0.1143051867647138,highly_curved,0.9239458449207197,0.08581977874582333,high,1,0,0.0,connected,1,complex,poisson,valve_0016_lidar_classes.ply
76,4.3950367011847025,1.1501389260655936,0.26169040306168045,low,"[0.474970580081109, 0.4161424375643524, 0.10888698235453863]",0.474970580081109,0.4161424375643524,0.10888698235453863,0.12385639207980913,0.6468936549932233,0.22924995082157393,complex,0.05530520435068054,0.01804954890760087,0.09468355715231463,0.08022798461902322,slightly_curved,0.9636407745278289,0.019822511188800886,high,1,0,0.0,connected,2,complex,poisson,valve_0016_lidar_classes.ply
645,4.293558355390617,1.1214248834738727,0.26118775858833304,low,"[0.8988509240971999, 0.05745718662792736, 0.043691889274872706]",0.8988509240971999,0.05745718662792736,0.043691889274872706,0.9360770668153743,0.015314327402584703,0.048608604669509524,linear,0.14992587443220537,0.05582185369035819,0.2656873289636923,0.2068293628092149,highly_curved,0.9355507747249495,0.0743915508769404,high,1,0,0.0,connected,3,tubular,ball_pivoting,valve_0016_lidar_classes.ply
80,5.984287311684807,2.039016226476236,0.34072833069932373,low,"[0.5019390291968231, 0.43235495112343986, 0.06570601967973713]",0.5019390291968231,0.43235495112343986,0.06570601967973713,0.13863053854588187,0.7304650752102906,0.13090438425155368,complex,0.031438551524194266,0.018980021587146817,0.08052615469242659,0.059915982773912066,slightly_curved,0.9619882015038925,0.024017394429630842,high,1,0,0.0,connected,4,complex,poisson,valve_0016_lidar_classes.ply
876,4.269842220048257,1.356158694275792,0.3176133037400271,low,"[0.4890412619638891, 0.37292940524053253, 0.13802933279557833]",0.4890412619638891,0.37292940524053253,0.13802933279557833,0.23742752507149947,0.4803277151324944,0.28224475775118885,complex,0.008306441296851735,0.009842218784606978,0.05449103379397778,0.022945237575096648,smooth,0.9908766024968763,0.010287552253500504,high,1,0,0.0,connected,5,complex,poisson,valve_0016_lidar_classes.ply
693,3.8467937947635504,1.0702585393934512,0.27822092792499564,medium,"[0.4895241037028016, 0.4065267231092298, 0.10394917318796854]",0.4895241037028016,0.4065267231092298,0.10394917318796854,0.16954707601980268,0.6181055172042269,0.21234740473317007,complex,0.04549712633660136,0.03724349556753572,0.14167684917588635,0.09871856209538535,slightly_curved,0.9903151077418563,0.012932416582381282,high,1,0,0.0,connected,6,complex,poisson,valve_0016_lidar_classes.ply
440,4.52202053342241,1.6428227721473005,0.3632939655275439,low,"[0.6084595821442709, 0.2947275050686268, 0.09681291278710231]",0.6084595821442709,0.2947275050686268,0.09681291278710231,0.5156169543002425,0.3252715509200836,0.15911149313617953,complex,0.02614720604768843,0.033328310480460505,0.11987585876629432,0.08654901911383818,slightly_curved,0.9915998479790444,0.006438396962418325,high,1,0,0.0,connected,7,complex,poisson,valve_0016_lidar_classes.ply
731,4.688713462642524,1.7095399905731472,0.364607477899717,low,"[0.5536663271204788, 0.3195452531925383, 0.12678841968698296]",0.5536663271204788,0.3195452531925383,0.12678841968698296,0.42285590081431745,0.3481462095769911,0.2289978878025495,complex,0.01469770008553519,0.02043358735799773,0.11792981801013415,0.04509197760105194,smooth,0.9866847495780704,0.018251979503380613,high,1,0,0.0,connected,8,complex,poisson,valve_0016_lidar_classes.ply
2580,4.389565506623159,1.4383712672215343,0.32767964499529173,low,"[0.38399184286532173, 0.34673630711324593, 0.2692718500214323]",0.38399184286532173,0.34673630711324593,0.2692718500214323,0.09702168508855752,0.20173464184042128,0.7012436704667991,spherical,0.006892872291888407,0.013906995845017325,0.12765480169843613,0.019870947678799974,smooth,0.9923030506178779,0.00896012333472874,high,1,0,0.0,connected,9,spherical,ball_pivoting,valve_0016_lidar_classes.ply
728,3.9334289676062744,1.233073995645616,0.3134857666140922,medium,"[0.8942942719747661, 0.09371912309964457, 0.011986604925589346]",0.8942942719747661,0.09371912309964457,0.011986604925589346,0.895203260345279,0.09139331497917513,0.013403423557345723,linear,0.06534768851002716,0.0600897097905718,0.289816726542954,0.13243397857688755,highly_curved,0.9261157585279448,0.0944959427890313,high,1,0,0.0,connected,0,tubular,ball_pivoting,valve_0017_lidar_classes.ply
233,4.332205738712738,1.2894179753551132,0.2976354431958747,low,"[0.6569455115429993, 0.25295824269743283, 0.09009624575956794]",0.6569455115429993,0.25295824269743283,0.09009624575956794,0.6149479083611583,0.24790792208540285,0.13714416803124269,complex,0.0704062085906127,0.04822107769047296,0.25222653876957096,0.13396740106113128,highly_curved,0.9080759355572887,0.12175610930235048,high,1,0,0.0,connected,1,complex,poisson,valve_0017_lidar_classes.ply
90,3.9503705374459193,1.1469182802573057,0.29033182307715993,medium,"[0.5041490585033179, 0.36564650363120677, 0.13020443786547525]",0.5041490585033179,0.36564650363120677,0.13020443786547525,0.27472540563412406,0.46700883662797354,0.25826575575436206,complex,0.05650437604726355,0.021131528474820385,0.11404331374313201,0.0848698483093928,slightly_curved,0.9603845215959642,0.020731879784121533,high,1,0,0.0,connected,2,complex,poisson,valve_0017_lidar_classes.ply
775,3.9992929272362256,1.1173744721114147,0.2793930057541949,medium,"[0.8962249396421403, 0.060185096733426514, 0.04358996362443324]",0.8962249396421403,0.060185096733426514,0.04358996362443324,0.9328459909960727,0.018516705300683726,0.04863730258745228,linear,0.15185230028180377,0.05503828795976475,0.2696600560172501,0.21472663571797662,complex,0.8932620224117099,0.11656212541432315,high,1,0,0.0,connected,3,tubular,ball_pivoting,valve_0017_lidar_classes.ply
96,4.504539121100873,1.4983973970333915,0.33264166575482057,low,"[0.5017248622068818, 0.44441898474879454, 0.05385615304432369]",0.5017248622068818,0.44441898474879454,0.05385615304432369,0.11421773497889763,0.7784402574911377,0.10734200553684058,complex,0.01869824969972832,0.01211213306623559,0.04929029207435523,0.03682436590875528,smooth,0.955336953906415,0.08762919560093833,high,1,0,0.0,connected,4,complex,poisson,valve_0017_lidar_classes.ply
1065,3.656518904181098,1.2835604064738029,0.35103343911474494,medium,"[0.5445402567447927, 0.31447515641323004, 0.14098458684197723]",0.5445402567447927,0.31447515641323004,0.14098458684197723,0.4224941995737371,0.3186000797989887,0.2589057187908628,complex,0.005966244283480757,0.00901474907978972,0.08417976038504896,0.0164218228737545,smooth,0.9949348697770987,0.005144039192496454,high,1,0,0.0,connected,5,complex,poisson,valve_0017_lidar_classes.ply
873,3.160305902731692,1.002001700700193,0.3170584529545157,medium,"[0.5962014011149037, 0.30716189321289905, 0.09663670567219738]",0.5962014011149037,0.30716189321289905,0.09663670567219738,0.48480179160380293,0.3531108561534847,0.1620873505654268,complex,0.05958809805723254,0.06313951976317368,0.254726505590635,0.15527215704175001,slightly_curved,0.9839886694023917,0.02377564055503826,high,1,0,0.0,connected,6,complex,poisson,valve_0017_lidar_classes.ply
480,4.007950458005334,1.2844391668430248,0.3204728152158318,low,"[0.5557827270323598, 0.3367770560133513, 0.10744021695428889]",0.5557827270323598,0.3367770560133513,0.10744021695428889,0.39404907704554853,0.4126375784850038,0.19331334267018338,complex,0.03160312665557426,0.03348155646722853,0.12024649375898525,0.0908161446850247,slightly_curved,0.9921154732191625,0.008601080084265605,high,1,0,0.0,connected,7,complex,poisson,valve_0017_lidar_classes.ply
675,4.206672193175606,1.5539205835905083,0.36939426507775097,low,"[0.5611120214254691, 0.3064894362583319, 0.13239854231619905]",0.5611120214254691,0.3064894362583319,0.13239854231619905,0.453782088051692,0.31026049520308907,0.23595741496304362,complex,0.008338944088700366,0.009217031065363838,0.04684041974407953,0.023206615289187774,smooth,0.9916117861455189,0.011931792590545486,high,1,0,0.0,connected,8,complex,poisson,valve_0017_lidar_classes.ply
3031,3.9503071563006316,1.3936326243080257,0.35279095240288566,medium,"[0.4513490928277178, 0.3490178837027632, 0.19963302346951897]",0.4513490928277178,0.3490178837027632,0.19963302346951897,0.2267229745763374,0.33097410026099483,0.4423029229470878,complex,0.007597428853472443,0.011321645326060786,0.08173025621796833,0.025097938004581818,smooth,0.9926934194888468,0.00991822200074949,high,1,2,0.0006598482349059716,connected,9,complex,poisson,valve_0017_lidar_classes.ply
409,5.002006191262969,2.0263404876741373,0.4051055536093601,low,"[0.8588816041552481, 0.1283566659248102, 0.012761729919941685]",0.8588816041552481,0.1283566659248102,0.012761729919941685,0.8505537129280946,0.1345877421416821,0.014858543765918615,linear,0.08716058480152239,0.06144487673947791,0.2743463374712932,0.17362965233773822,highly_curved,0.9074712738512112,0.12048016182015929,high,1,0,0.0,connected,0,tubular,ball_pivoting,valve_0018_lidar_classes.ply
151,5.3048885901455805,1.5975086084851424,0.30113895533104185,low,"[0.6954644072059538, 0.2289114779491328, 0.07562411484491337]",0.6954644072059538,0.2289114779491328,0.07562411484491337,0.6708509073244432,0.22041007605212362,0.10873901518554513,complex,0.08329033287667362,0.045685957007072196,0.2176486353254526,0.1567259075392298,highly_curved,0.8782258686066512,0.12640143773539433,high,1,0,0.0,connected,1,complex,poisson,valve_0018_lidar_classes.ply
75,4.553383051914523,1.4023102797262486,0.3079710763250326,low,"[0.4581060663262848, 0.42216433645208434, 0.11972959722163092]",0.4581060663262848,0.42216433645208434,0.11972959722163092,0.07845722298325523,0.6601849676333693,0.26135780720047486,complex,0.06623742251653351,0.023519396558362896,0.12825357008098406,0.09662168242389563,highly_curved,0.9523177398087724,0.03216302330525422,high,1,0,0.0,connected,2,complex,poisson,valve_0018_lidar_classes.ply
538,4.5104653543577555,1.1615703057779672,0.25752781903051225,low,"[0.8995019069217212, 0.05730335330138998, 0.04319473977688873]",0.8995019069217212,0.05730335330138998,0.04319473977688873,0.9362943493540907,0.015684917842029796,0.048020731692153054,linear,0.10425333909994146,0.05719049336591588,0.23369356416259313,0.17974846852162535,highly_curved,0.9716042637034034,0.040365819615614244,high,1,0,0.0,connected,3,tubular,ball_pivoting,valve_0018_lidar_classes.ply
988,4.262986314998805,1.1848076081261298,0.27792901977648804,low,"[0.5117720828042202, 0.3504581467413866, 0.13776977045439337]",0.5117720828042202,0.3504581467413866,0.13776977045439337,0.31520659521660166,0.4155919852173058,0.2692014176120978,complex,0.007674606667707917,0.00984912824981299,0.051371042261529984,0.02227818689292785,smooth,0.9936868863171406,0.005565598817618617,high,1,0,0.0,connected,5,complex,poisson,valve_0018_lidar_classes.ply
572,3.9976229356005497,0.9832182896892373,0.24595073254340855,medium,"[0.4862299078266904, 0.41052003263194886, 0.1032500595413606]",0.4862299078266904,0.41052003263194886,0.1032500595413606,0.15570797645384504,0.631943793486612,0.2123482280029026,complex,0.036596101195570996,0.03242690513057283,0.10735060262135628,0.08099531093550341,slightly_curved,0.992565699727364,0.005002056278582706,high,1,0,0.0,connected,6,complex,poisson,valve_0018_lidar_classes.ply
376,4.576661878059042,1.5283792875950561,0.3339506670982847,low,"[0.522305343691757, 0.37475517970684713, 0.10293947660139587]",0.522305343691757,0.37475517970684713,0.10293947660139587,0.2824979018202233,0.5204153200191082,0.19708677624607976,complex,0.022374196597038952,0.02538483976622564,0.1144373810787929,0.06512955139543061,slightly_curved,0.99079766513663,0.008203189263987063,high,1,0,0.0,connected,7,complex,poisson,valve_0018_lidar_classes.ply
653,4.697843334351443,1.655792557136844,0.35245801933771276,low,"[0.5145754419430594, 0.3560665745158972, 0.12935798354104353]",0.5145754419430594,0.3560665745158972,0.12935798354104353,0.3080381498980745,0.4405740578645146,0.25138779029406133,complex,0.007442904824656399,0.008195488282754638,0.039640991739599694,0.018108625456977258,smooth,0.9923928577154082,0.008719098200218036,high,1,0,0.0,connected,8,complex,poisson,valve_0018_lidar_classes.ply
2597,4.357495317273313,1.359645021620745,0.3120244365883825,low,"[0.4013392009324586, 0.32509177921229315, 0.27356901985524823]",0.4013392009324586,0.32509177921229315,0.27356901985524823,0.1899824919993665,0.12837709127082902,0.6816404142381465,spherical,0.0055426344675979025,0.008813854666609796,0.08277449339930108,0.01853842245683506,smooth,0.9950999192421502,0.004098524815544194,high,1,0,0.0,connected,9,spherical,ball_pivoting,valve_0018_lidar_classes.ply
731,3.8257770508026194,1.206174712299562,0.3152757455459251,medium,"[0.8861764689182562, 0.10210561009463921, 0.011717920987104592]",0.8861764689182562,0.10210561009463921,0.011717920987104592,0.8847795957569741,0.10199739236573532,0.013223010748847226,linear,0.06916040390582523,0.06437440100577198,0.2656078488097717,0.17332436203566676,highly_curved,0.895988537254941,0.1252355899527414,high,1,0,0.0,connected,0,tubular,ball_pivoting,valve_0019_lidar_classes.ply
225,4.329631728203885,1.3237517102681402,0.30574233400482453,low,"[0.6339572523534662, 0.2726655292965123, 0.09337721835002144]",0.6339572523534662,0.2726655292965123,0.09337721835002144,0.5698991866499141,0.2828082019696172,0.1472926098030753,complex,0.07506644178232844,0.044219677746043726,0.21232483382946618,0.13451168458648324,highly_curved,0.9029634279535763,0.11642409051175924,high,1,0,0.0,connected,1,complex,poisson,valve_0019_lidar_classes.ply
92,4.071122914747551,1.1173498666722648,0.2744574137887688,low,"[0.48139310897074344, 0.4089988760604144, 0.10960801496884219]",0.48139310897074344,0.4089988760604144,0.10960801496884219,0.15038485472866195,0.6219259372236707,0.22768920597036293,complex,0.05297602662196693,0.02067792910030727,0.10582279944994231,0.08318445750889637,slightly_curved,0.9688325924933692,0.015629346380117707,high,1,0,0.0,connected,2,complex,poisson,valve_0019_lidar_classes.ply
826,3.9710994059581344,1.169889774515236,0.29460097938252633,medium,"[0.90214265378145, 0.05495952112285191, 0.042897825095698144]",0.90214265378145,0.05495952112285191,0.042897825095698144,0.939078900846157,0.013370054018868883,0.04755104402650202,linear,0.148162402903853,0.057908734190195515,0.27897107386105957,0.2130508253249856,highly_curved,0.8882367629264537,0.12040301101421444,high,1,0,0.0,connected,3,tubular,ball_pivoting,valve_0019_lidar_classes.ply
76,4.656080134375616,1.6349791839219825,0.3511492793046796,low,"[0.5325464609974027, 0.4314058517163304, 0.03604768728626697]",0.5325464609974027,0.4314058517163304,0.03604768728626697,0.18991884558152516,0.7423918712129041,0.06768928132780043,planar,0.022626668491383953,0.01290989297869438,0.05328742134932602,0.039898049811561406,slightly_curved,0.9512139188925136,0.052352128189313285,high,1,0,0.0,connected,4,planar,poisson,valve_0019_lidar_classes.ply
1154,3.6076120244822913,1.2528670550104042,0.34728431055246634,medium,"[0.5375762421649716, 0.32881372450233076, 0.1336100333326976]",0.5375762421649716,0.32881372450233076,0.1336100333326976,0.3883402965011155,0.36311815049782437,0.24854155114085896,complex,0.009121440304649002,0.012866417318180034,0.07573790556642362,0.022684979897825426,smooth,0.9942893676443869,0.006919085120581892,high,1,0,0.0,connected,5,complex,poisson,valve_0019_lidar_classes.ply
983,3.0642054675082897,0.9549627840062431,0.3116510279159368,medium,"[0.5544629475496242, 0.36173908920120856, 0.08379796324916719]",0.5544629475496242,0.36173908920120856,0.08379796324916719,0.347586540908724,0.5012798901695515,0.15113356711817744,complex,0.05633275332319982,0.059895643554997706,0.18954195756730527,0.145674362281858,slightly_curved,0.9917447354486927,0.008507341636275164,high,1,0,0.0,connected,6,complex,poisson,valve_0019_lidar_classes.ply
533,3.9563372876471408,1.5151725981105648,0.382973565590176,medium,"[0.6421554610828193, 0.27278757106538454, 0.0850569678517963]",0.6421554610828193,0.27278757106538454,0.0850569678517963,0.5752001062474761,0.2923444777759696,0.13245541441929903,complex,0.03845531396866572,0.04312810446310693,0.1395610470896514,0.11298459713740493,slightly_curved,0.9920865160421595,0.008068202981560123,high,2,0,0.0,few_components,7,complex,ball_pivoting,valve_0019_lidar_classes.ply
687,4.192002486447318,1.4749324230203589,0.3518443577829329,low,"[0.5826607611196362, 0.28985962320127123, 0.12747961567909255]",0.5826607611196362,0.28985962320127123,0.12747961567909255,0.5025242078309795,0.2786870475565637,0.21878874289619232,complex,0.007610161801908093,0.009042994682581554,0.055151539569099475,0.020126619879024383,smooth,0.9939256811388213,0.005789823818922358,high,1,0,0.0,connected,8,complex,poisson,valve_0019_lidar_classes.ply
3343,3.885352737305299,1.280742642084448,0.3296335566801274,medium,"[0.43318834486997765, 0.360698345238234, 0.20611330989178844]",0.43318834486997765,0.360698345238234,0.20611330989178844,0.16734060443422372,0.35685409549970803,0.47580529775760344,complex,0.010322916594768358,0.015605358614498225,0.10394613710458817,0.03138140555321819,smooth,0.991564443237333,0.010427967615246952,high,1,2,0.0005982650314089142,connected,9,complex,poisson,valve_0019_lidar_classes.ply
684,4.2075488192746695,1.2631660029003613,0.30021422373368956,low,"[0.8964677749810198, 0.09064400121781174, 0.012888223801168375]",0.8964677749810198,0.09064400121781174,0.012888223801168375,0.8988876068427352,0.08673571934200748,0.01437667269976835,linear,0.07126112375264623,0.06389178054204804,0.27818063139711796,0.16027489866048658,highly_curved,0.9006051587135246,0.11720904073487845,high,1,0,0.0,connected,0,tubular,ball_pivoting,valve_0020_lidar_classes.ply
162,4.983003278021987,1.5029201966924965,0.30160931320668816,low,"[0.6024423475118851, 0.3040334505226479, 0.093524201965467]",0.6024423475118851,0.3040334505226479,0.093524201965467,0.4953318732096904,0.3494263792662775,0.1552417458641222,complex,0.06616431203037522,0.034434969585805594,0.18276233420111615,0.11003036975990928,highly_curved,0.9091294610910527,0.11375834766288016,high,1,0,0.0,connected,1,complex,poisson,valve_0020_lidar_classes.ply
85,4.380718114165387,1.2246769482576523,0.2795607742981693,low,"[0.46504412777118787, 0.41951897002774063, 0.11543690220107146]",0.46504412777118787,0.41951897002774063,0.11543690220107146,0.09789427481589952,0.6538778774181329,0.24822784561563402,complex,0.05138335247204492,0.016533740607045797,0.10615020654540257,0.07272367919952456,slightly_curved,0.9600215555215995,0.01500068268861432,high,1,0,0.0,connected,2,complex,poisson,valve_0020_lidar_classes.ply
634,4.263314405966149,1.1535213804055628,0.2705691558944697,low,"[0.8863833432406355, 0.06457107823727003, 0.04904557852209444]",0.8863833432406355,0.06457107823727003,0.04904557852209444,0.9271521970072801,0.017515558946424335,0.05533224291811551,linear,0.15805233374952285,0.052913560076138004,0.26934515565054434,0.21202978519621368,complex,0.9212780412077067,0.09241916644840578,high,1,0,0.0,connected,3,tubular,ball_pivoting,valve_0020_lidar_classes.ply
81,5.496820619960252,1.988589272217423,0.36177081432030284,low,"[0.5574851480397071, 0.3626763545682982, 0.07983849739199464]",0.5574851480397071,0.3626763545682982,0.07983849739199464,0.34944212201343056,0.5073459941731262,0.14321188201967353,complex,0.021332909885257312,0.014510188882410463,0.05547844767042085,0.0425322104827019,slightly_curved,0.959596892044854,0.04655516450932596,high,1,0,0.0,connected,4,complex,poisson,valve_0020_lidar_classes.ply
992,4.201626700825016,1.2324366614509723,0.29332369315809326,low,"[0.4955205519386932, 0.36212971213646944, 0.1423497359248373]",0.4955205519386932,0.36212971213646944,0.1423497359248373,0.2691933543647122,0.44353352228928383,0.28727312132792415,complex,0.00786751896482273,0.00967066021657908,0.043433751201942844,0.023261476702165527,smooth,0.9938890672711266,0.005366027027705945,high,1,0,0.0,connected,5,complex,poisson,valve_0020_lidar_classes.ply
631,3.8275465138394194,0.9772899888413088,0.255330662880869,medium,"[0.5278234614264857, 0.3748971753951373, 0.09727936317837706]",0.5278234614264857,0.3748971753951373,0.09727936317837706,0.28972998912993136,0.5259671689100527,0.1843028400654432,complex,0.05890910022549786,0.05341368255026873,0.21763294786121784,0.12626903720171598,slightly_curved,0.9889601982499883,0.009802342948416531,high,1,0,0.0,connected,6,complex,poisson,valve_0020_lidar_classes.ply
402,4.535894226418503,1.6364001246804505,0.3607668174422508,low,"[0.6180914089163135, 0.2803475882288909, 0.10156100285479558]",0.6180914089163135,0.2803475882288909,0.10156100285479558,0.5464302128598608,0.28925589727626555,0.16431388824599008,complex,0.024995196360441545,0.03163947696452987,0.111050153037637,0.08285893103849526,slightly_curved,0.9913851786244845,0.0076620371383329024,high,1,0,0.0,connected,7,complex,poisson,valve_0020_lidar_classes.ply
601,4.669469934475595,1.8160901209935778,0.38892853923228127,low,"[0.5636316254495349, 0.308324045888731, 0.12804432866173404]",0.5636316254495349,0.308324045888731,0.12804432866173404,0.4529688675723434,0.31985379948003756,0.2271773311734106,complex,0.0068967892280302435,0.007539317304835625,0.03853778530602835,0.01700542120859265,smooth,0.9926526682947325,0.008314020524122013,high,1,0,0.0,connected,8,complex,poisson,valve_0020_lidar_classes.ply
2671,4.412649166817876,1.4135631328541771,0.32034342162606283,low,"[0.4053639276522559, 0.34350702002332073, 0.25112905232442345]",0.4053639276522559,0.34350702002332073,0.25112905232442345,0.15259598414342262,0.2278889688237266,0.6195150445659316,spherical,0.005480764570885953,0.009242168838420446,0.08194132957965945,0.01828769675558748,smooth,0.9953477910584141,0.004485711967181597,high,1,0,0.0,connected,9,spherical,ball_pivoting,valve_0020_lidar_classes.ply
744,3.778132730535343,1.4339160546473484,0.37953035442051264,medium,"[0.8295828002955372, 0.15108663782219844, 0.01933056188226447]",0.8295828002955372,0.15108663782219844,0.01933056188226447,0.817876360760794,0.15882209194088165,0.023301546092899285,planar,0.054254522582518006,0.054373909591476595,0.2838882650956355,0.12046597872460778,slightly_curved,0.9046539181274181,0.13235370639078387,high,1,0,0.0,connected,0,planar,poisson,valve_0021_lidar_classes.ply
185,4.405639793847697,1.5845008015554674,0.35965282577311647,low,"[0.6467991965454981, 0.26404632630275787, 0.08915447715174397]",0.6467991965454981,0.26404632630275787,0.08915447715174397,0.5917646028245359,0.2703958969255082,0.13783949870388104,complex,0.06764398208285571,0.041964804331896886,0.2275509806497619,0.12421319171892282,highly_curved,0.9176718984706336,0.10766275116385186,high,1,0,0.0,connected,1,complex,poisson,valve_0021_lidar_classes.ply
98,3.81617870780216,1.1498973433566757,0.301321670472191,medium,"[0.46404341539019206, 0.42163193937201143, 0.11432464523779648]",0.46404341539019206,0.42163193937201143,0.11432464523779648,0.09139549128420094,0.6622382373717697,0.24636626918905863,complex,0.05754090898126464,0.017784048185918416,0.10171076654353076,0.08033213764404534,slightly_curved,0.9640073491744374,0.023157557981898832,high,1,0,0.0,connected,2,complex,poisson,valve_0021_lidar_classes.ply
716,4.017288798716094,1.119107573058706,0.2785728457306317,low,"[0.9056999410752825, 0.05313322551442891, 0.041166833410288595]",0.9056999410752825,0.05313322551442891,0.041166833410288595,0.9413346252483117,0.01321231408795393,0.045453059559616024,linear,0.13569994431314192,0.0641926258043968,0.27592516418703394,0.21058120452686208,highly_curved,0.933927413271194,0.09500480165024909,high,1,0,0.0,connected,3,tubular,ball_pivoting,valve_0021_lidar_classes.ply
99,4.962067063574171,1.8944848937217207,0.38179348829181925,low,"[0.5634456879781868, 0.364725443124566, 0.07182886889724707]",0.5634456879781868,0.364725443124566,0.07182886889724707,0.35268748832563,0.5198310679392883,0.12748144196028777,complex,0.01867775357174053,0.012076868113526103,0.06188179079674338,0.03713243529446398,smooth,0.9719816193116206,0.028747263973800164,high,1,0,0.0,connected,4,complex,poisson,valve_0021_lidar_classes.ply
1077,3.7161360377253683,1.1198385266747688,0.3013448687036959,medium,"[0.5082799366029229, 0.374449738853759, 0.11727032454331811]",0.5082799366029229,0.374449738853759,0.11727032454331811,0.26330017741859885,0.5059798651965561,0.23071995541742535,complex,0.006458789274125964,0.008964477324286901,0.0452878318808589,0.021663458245488793,smooth,0.9953549069149554,0.004220831833360041,high,1,0,0.0,connected,5,complex,poisson,valve_0021_lidar_classes.ply
447,4.051755554915162,1.6878157273320473,0.4165640557629405,low,"[0.6387854721371234, 0.2588024190373105, 0.10241210882556606]",0.6387854721371234,0.2588024190373105,0.10241210882556606,0.5948523707555334,0.2448244626536353,0.16032316502536056,complex,0.0052899650896978834,0.007026599421969634,0.04435065316852625,0.01634113906437486,smooth,0.9938056409811244,0.013827049495973482,high,1,1,0.0022371364653243847,connected,6,complex,poisson,valve_0021_lidar_classes.ply
409,4.033012401955679,1.2189341731009669,0.3022391332611933,low,"[0.6361930771877664, 0.2654060659127103, 0.09840085689952328]",0.6361930771877664,0.2654060659127103,0.09840085689952328,0.582821511248228,0.26250711417501,0.1546713730049122,complex,0.029786225527506722,0.032776882524149176,0.10730113509752041,0.08989125948056553,slightly_curved,0.9927510117357551,0.006504176145560761,high,1,0,0.0,connected,7,complex,poisson,valve_0021_lidar_classes.ply
722,4.160454509089097,1.6019985533258132,0.38505373618218125,low,"[0.6414405480094634, 0.255472791951179, 0.10308666003935754]",0.6414405480094634,0.255472791951179,0.10308666003935754,0.6017202321467053,0.23756859797395388,0.16071116832034996,complex,0.007485194046471481,0.009014652473814725,0.04282702017159222,0.021520515342352373,smooth,0.9926621514098322,0.008710502492284413,high,1,0,0.0,connected,8,complex,poisson,valve_0021_lidar_classes.ply
3370,3.664319894575844,1.199399288602728,0.32731838998304585,medium,"[0.41248014309886966, 0.38198399483025075, 0.20553586207087957]",0.41248014309886966,0.38198399483025075,0.20553586207087957,0.07393361524163236,0.4277736402193395,0.49829274211466895,complex,0.004791202152276746,0.010799041211611857,0.11983008442063516,0.02072857271285692,smooth,0.9962656707953389,0.005431969376706325,high,1,3,0.0008902077151335311,connected,9,complex,poisson,valve_0021_lidar_classes.ply
589,4.293655836392565,1.5466353952037326,0.36021410513027224,low,"[0.8470132778962681, 0.13866281753312937, 0.014323904570602404]",0.8470132778962681,0.13866281753312937,0.014323904570602404,0.8362920369869301,0.1467968874402434,0.016911074392207518,planar,0.08598211258406645,0.07291334188857201,0.27439810161089245,0.20482167384665548,highly_curved,0.9067238653383105,0.1169774617125293,high,1,0,0.0,connected,0,planar,poisson,valve_0022_lidar_classes.ply
174,4.844489476330078,1.5722666349142518,0.32454743523991886,low,"[0.6190790090116566, 0.2949361058539859, 0.08598488513435765]",0.6190790090116566,0.2949361058539859,0.08598488513435765,0.5235889085491163,0.33751947221679174,0.13889161761878932,complex,0.07159437702800134,0.04270112561107592,0.21814415570827653,0.1209612729773151,highly_curved,0.9363547027153786,0.06689517897088863,high,1,0,0.0,connected,1,complex,poisson,valve_0022_lidar_classes.ply
82,4.237411256721316,1.172503166898043,0.2767027072865618,low,"[0.49191272765403093, 0.39733332471039834, 0.11075394763557073]",0.49191272765403093,0.39733332471039834,0.11075394763557073,0.19226866359490283,0.5825817474960744,0.22514958687614184,complex,0.057554188795257526,0.019624559344332857,0.1243481870552031,0.08419458655027828,slightly_curved,0.96675380258991,0.01626582613326929,high,1,0,0.0,connected,2,complex,poisson,valve_0022_lidar_classes.ply
593,4.371317593145326,1.2224782663277458,0.27965899068167865,low,"[0.908996460832283, 0.05244895355366971, 0.038554585614047364]",0.908996460832283,0.05244895355366971,0.038554585614047364,0.9423001554396072,0.015285392763372454,0.042414450696906,linear,0.12038963142698939,0.05323081153046164,0.2687553691234509,0.18793832240087893,highly_curved,0.9407535848393692,0.09011112677648161,high,1,0,0.0,connected,3,tubular,ball_pivoting,valve_0022_lidar_classes.ply
78,4.99715722423237,1.896157423612744,0.3794472213198319,low,"[0.5413008395341529, 0.4065708192214674, 0.0521283412443797]",0.5413008395341529,0.4065708192214674,0.0521283412443797,0.24890044541540812,0.6547975754615968,0.0963019772755936,complex,0.023895811584924022,0.01945425607824662,0.06946711112081194,0.058629031433652314,slightly_curved,0.9377815481264822,0.09369013051142228,high,1,0,0.0,connected,4,complex,poisson,valve_0022_lidar_classes.ply
916,3.888893479288416,1.438941343822261,0.37001305155715997,medium,"[0.5422555132839978, 0.33917269504921865, 0.11857179166678354]",0.5422555132839978,0.33917269504921865,0.11857179166678354,0.3745149894933438,0.4068209498500348,0.21866405881247236,complex,0.00787594473475516,0.01067367018994721,0.059363556480612034,0.022357020911780243,smooth,0.9927729289001125,0.007697481376669909,high,1,1,0.001091703056768559,connected,5,complex,poisson,valve_0022_lidar_classes.ply
817,3.3661149614811365,1.1136514381677836,0.330841771769708,medium,"[0.5537608777376263, 0.3565015739698384, 0.08973754829253545]",0.5537608777376263,0.3565015739698384,0.08973754829253545,0.35621747823260375,0.4817314402661092,0.16205107969545354,complex,0.045269674560842986,0.049895308220945636,0.16735505275681742,0.12517199903558143,slightly_curved,0.9900956197122815,0.014104868792125158,high,1,0,0.0,connected,6,complex,poisson,valve_0022_lidar_classes.ply
463,4.317437665458605,1.3835364629302815,0.3204531413802976,low,"[0.620322304738959, 0.28063484008173395, 0.09904285517930717]",0.620322304738959,0.28063484008173395,0.09904285517930717,0.547598339628578,0.2927381189140141,0.15966353984534276,complex,0.03813778944329245,0.038213452049091635,0.12821325959700083,0.09898407796821415,slightly_curved,0.9917204471265428,0.007502762922604688,high,1,0,0.0,connected,7,complex,poisson,valve_0022_lidar_classes.ply
629,4.540253080244035,1.8405247287818562,0.4053793248629986,low,"[0.5788302342358559, 0.3078079878039989, 0.11336177796014534]",0.5788302342358559,0.3078079878039989,0.11336177796014534,0.4682240662867648,0.33592960078290063,0.19584633120271236,complex,0.005329924413386038,0.005536129370711367,0.03387704558902446,0.014227233572875687,smooth,0.9923189596823908,0.010020016872009985,high,1,2,0.003179650238473768,connected,8,complex,poisson,valve_0022_lidar_classes.ply
3200,4.12876842431321,1.3686095578199735,0.3314813079438211,low,"[0.42815205233503467, 0.34924735681869695, 0.22260059084626835]",0.42815205233503467,0.34924735681869695,0.22260059084626835,0.18429129301545996,0.2957985719931274,0.5199101326557937,spherical,0.00779085681462352,0.011391645690860774,0.06633419469513539,0.02629818582604341,smooth,0.9930190390208952,0.008097862629682758,high,1,1,0.0003125,connected,9,spherical,ball_pivoting,valve_0022_lidar_classes.ply
740,3.7871138724633333,1.2107946966783039,0.31971436221193594,medium,"[0.883869901699626, 0.10402628366329139, 0.012103814637082664]",0.883869901699626,0.10402628366329139,0.012103814637082664,0.882305886482206,0.1039999990331695,0.013694113353236352,linear,0.06850492123828683,0.0624661928867168,0.27858726111798443,0.15234760237229433,highly_curved,0.9169734408609328,0.10172449396968543,high,1,0,0.0,connected,0,tubular,ball_pivoting,valve_0023_lidar_classes.ply
193,4.288644949287918,1.2964349871462624,0.30229478125934073,low,"[0.6012226552055034, 0.31099920212658316, 0.08777814266791348]",0.6012226552055034,0.31099920212658316,0.08777814266791348,0.48272208321390875,0.37127852244871273,0.14599939267410125,complex,0.06977041899017473,0.04556870871700685,0.2476500026792536,0.1308314859788127,highly_curved,0.9194476298954318,0.1028396381675831,high,1,0,0.0,connected,1,complex,poisson,valve_0023_lidar_classes.ply
96,4.094212771909467,1.1146782066109993,0.27225702923565365,low,"[0.47051436356518556, 0.4078683640435233, 0.12161727239129111]",0.47051436356518556,0.4078683640435233,0.12161727239129111,0.13314364924768038,0.608379070247439,0.2584772783795469,complex,0.0779083073754513,0.03280847189609281,0.1401767197292099,0.12573023651060994,highly_curved,0.9534062737979152,0.04821113818672247,high,1,0,0.0,connected,2,complex,poisson,valve_0023_lidar_classes.ply
818,3.9465929128886814,1.1268560841421924,0.2855263029983682,medium,"[0.9003487802761768, 0.05649727970714264, 0.043153940016680464]",0.9003487802761768,0.05649727970714264,0.043153940016680464,0.9372495616342569,0.014820189650891729,0.04793024760417068,linear,0.15042227498423358,0.05528304896896628,0.301266914277331,0.21542760604556638,complex,0.8905572167994461,0.12628336777909824,high,1,0,0.0,connected,3,tubular,ball_pivoting,valve_0023_lidar_classes.ply
84,4.541746485592564,1.6165420249221087,0.3559296032251496,low,"[0.5313213247828946, 0.4234994763531029, 0.0451791988640024]",0.5313213247828946,0.4234994763531029,0.0451791988640024,0.20293152786765656,0.7120366887808444,0.08503178146939892,planar,0.02308546847119297,0.014030265898614043,0.052961759874868765,0.044655204542676845,slightly_curved,0.9257585368552119,0.12199195688993249,high,1,0,0.0,connected,4,planar,poisson,valve_0023_lidar_classes.ply
1119,3.5957344862702936,1.213799715016568,0.3375665581854531,medium,"[0.5260080946420641, 0.34426446999978816, 0.12972743535814782]",0.5260080946420641,0.34426446999978816,0.12972743535814782,0.3455148811358754,0.40785880753369175,0.24662630942932148,complex,0.005752787182203246,0.009103079555941593,0.07610474403809032,0.01720586865674096,smooth,0.9948353251624844,0.005201703085985705,high,1,0,0.0,connected,5,complex,poisson,valve_0023_lidar_classes.ply
970,3.091040907798088,0.9725355460940784,0.3146304351152171,medium,"[0.5710640660327524, 0.33169136195557314, 0.09724457201167444]",0.5710640660327524,0.33169136195557314,0.09724457201167444,0.41916961317660784,0.41054376116165686,0.17028662391061833,complex,0.05605888211238678,0.06123525951461408,0.1939435895973544,0.1498263034448428,slightly_curved,0.9912767982449522,0.009011016762029471,high,1,0,0.0,connected,6,complex,poisson,valve_0023_lidar_classes.ply
488,3.914861068031719,1.2976962065112587,0.33147950428601647,medium,"[0.585515165737868, 0.3207137802603516, 0.09377105400178043]",0.585515165737868,0.3207137802603516,0.09377105400178043,0.45225367423499485,0.38759495765576335,0.1601513664013442,complex,0.032623777985811855,0.03575141281080267,0.1155447620667526,0.09108570235835477,slightly_curved,0.992907626371335,0.007015272572572989,high,1,1,0.0020491803278688526,connected,7,complex,poisson,valve_0023_lidar_classes.ply
753,4.124116304606172,1.522192822088609,0.3690955126603476,low,"[0.6329218059599375, 0.24992497550047046, 0.11715321853959193]",0.6329218059599375,0.24992497550047046,0.11715321853959193,0.6051250347955066,0.20977592413604843,0.18509903948847106,complex,0.007311535102144225,0.010721961932213614,0.06894111508799929,0.022749601201312177,smooth,0.9934504934870505,0.0065893871013248465,high,1,0,0.0,connected,8,complex,poisson,valve_0023_lidar_classes.ply
3401,3.8707709507003676,1.328317025233017,0.34316601054617,medium,"[0.4346762112188863, 0.3607748185469198, 0.20454897023419386]",0.4346762112188863,0.3607748185469198,0.20454897023419386,0.17001480779158115,0.35940740238634583,0.47057778752150997,complex,0.00931793966327583,0.014614149912697624,0.10383404667648069,0.02968724196391862,smooth,0.9908595399431548,0.012526840690890335,high,1,3,0.0008820935019112026,connected,9,complex,poisson,valve_0023_lidar_classes.ply
753,3.4627853674576308,1.4696584997716209,0.4244151292652093,medium,"[0.9047937153061257, 0.0876529783068171, 0.007553306387057199]",0.9047937153061257,0.0876529783068171,0.007553306387057199,0.9031237974721292,0.08852810367292513,0.008348097749721365,linear,0.04631738301424065,0.06573854376566049,0.2864779657635615,0.13848858099484232,slightly_curved,0.9400189485175178,0.1246066411668444,high,1,0,0.0,connected,0,tubular,ball_pivoting,valve_0024_lidar_classes.ply
156,5.226175146165331,1.6588677422758604,0.3174152598340734,low,"[0.6034177421630913, 0.28078171519096784, 0.11580054264594096]",0.6034177421630913,0.28078171519096784,0.11580054264594096,0.5346810408339644,0.27341120544484204,0.19190775206396687,complex,0.07451830312498042,0.04718104003939798,0.2595966355209004,0.13608914149769827,highly_curved,0.9069463706101007,0.11051841057449391,high,1,0,0.0,connected,1,complex,poisson,valve_0024_lidar_classes.ply
439,4.384049458975381,1.2345871765425624,0.281608861353835,low,"[0.9045934034986678, 0.056675646692447894, 0.038730949808884294]",0.9045934034986678,0.056675646692447894,0.038730949808884294,0.9373468263082706,0.019837306788135032,0.042815865798125366,linear,0.038318867597289266,0.03572440458822142,0.14316938465659967,0.0949640523047383,slightly_curved,0.9870981112064872,0.01997498923885368,high,1,0,0.0,connected,3,tubular,ball_pivoting,valve_0024_lidar_classes.ply
960,4.098723521175052,1.1355016330663084,0.277037869698451,low,"[0.4691140330179925, 0.41078907102406936, 0.12009689595793825]",0.4691140330179925,0.41078907102406936,0.12009689595793825,0.12433003015144524,0.6196620735822664,0.2560078941346104,complex,0.00561285913334137,0.0068336143010891744,0.03255401507399286,0.017723415665049442,smooth,0.9949313065288902,0.005318054655685011,high,1,0,0.0,connected,5,complex,poisson,valve_0024_lidar_classes.ply
358,4.600640774709388,1.6926865828712878,0.36792409261953013,low,"[0.6672585647013752, 0.23504383478492702, 0.09769760051369783]",0.6672585647013752,0.23504383478492702,0.09769760051369783,0.6477469936442622,0.20583659967985649,0.1464164051772119,complex,0.006455139337953999,0.007120457148966517,0.031019591248423913,0.01875485930458098,smooth,0.9934833240917648,0.005551606912766536,high,1,0,0.0,connected,6,complex,poisson,valve_0024_lidar_classes.ply
456,4.546008739269135,1.4371716432263812,0.3161392169125696,low,"[0.5851068696135303, 0.318946127772521, 0.09594700261394855]",0.5851068696135303,0.318946127772521,0.09594700261394855,0.4548925251243742,0.3811254599091281,0.1639820132574082,complex,0.040728327524334945,0.037057880515127706,0.11889832715146127,0.09601534314719254,slightly_curved,0.9919377635071759,0.005435428618406357,high,1,0,0.0,connected,7,complex,poisson,valve_0024_lidar_classes.ply
692,4.759801093761654,1.6749433811791108,0.3518935661035187,low,"[0.5812038718115972, 0.30248350241929883, 0.1163126257691041]",0.5812038718115972,0.30248350241929883,0.1163126257691041,0.47955697205522274,0.3203194014341054,0.20012362479010523,complex,0.00958875005159535,0.016784919215726318,0.12282968722595476,0.02426908410418087,smooth,0.9897931666563399,0.01397481606229049,high,1,0,0.0,connected,8,complex,poisson,valve_0024_lidar_classes.ply
2994,4.2038352245715185,1.4321562380606885,0.3406784902864466,low,"[0.4028599777813643, 0.32780160469072805, 0.26933841752790777]",0.4028599777813643,0.32780160469072805,0.26933841752790777,0.18631379894742803,0.14512036499547346,0.6685658335748464,spherical,0.0063975166951485,0.009744338230310874,0.06249433660932804,0.02194520812218453,smooth,0.9926411993839594,0.010694006520429981,high,1,0,0.0,connected,9,spherical,ball_pivoting,valve_0024_lidar_classes.ply
664,4.033969433379479,1.5532056620616599,0.3850315891896638,low,"[0.8302496280203676, 0.15133744670725213, 0.018412925272380226]",0.8302496280203676,0.15133744670725213,0.018412925272380226,0.8177205476311757,0.16010187392882413,0.02217757723554312,planar,0.051471715350598385,0.048487135586997715,0.23824467906257477,0.11580262382944517,slightly_curved,0.9311466461225201,0.08057754280051738,high,1,0,0.0,connected,0,planar,poisson,valve_0025_lidar_classes.ply
209,4.419932615796706,1.4710553378620466,0.33282302365237787,low,"[0.6374555594156294, 0.2704886978942518, 0.09205574269011883]",0.6374555594156294,0.2704886978942518,0.09205574269011883,0.5756744223583373,0.2799143442843174,0.1444112317886086,complex,0.06358895086187585,0.040603873622693,0.1977640988844366,0.11896688010348934,highly_curved,0.9251415667866457,0.08842580572359639,high,1,0,0.0,connected,1,complex,poisson,valve_0025_lidar_classes.ply
101,3.8208551974630587,1.100261928760813,0.2879622156849582,medium,"[0.4582608813596404, 0.4274644990651127, 0.114274619575247]",0.4582608813596404,0.4274644990651127,0.114274619575247,0.06720272988598419,0.6834314067506991,0.24936586118115348,complex,0.06277156859213776,0.020204942768476904,0.1290395973614702,0.08895110008715323,highly_curved,0.9637480509775138,0.021520136263006775,high,1,0,0.0,connected,2,complex,poisson,valve_0025_lidar_classes.ply
736,3.9875331462884627,1.0634416543073257,0.2666916148472571,medium,"[0.8983998183228017, 0.05819903529376085, 0.04340114638343741]",0.8983998183228017,0.05819903529376085,0.04340114638343741,0.9352192252914407,0.01647138455735425,0.04830938903811495,linear,0.14187947246975294,0.05806042824791641,0.2630106291730404,0.21208228059500067,highly_curved,0.9224474162736567,0.10232888870552409,high,1,0,0.0,connected,3,tubular,ball_pivoting,valve_0025_lidar_classes.ply
91,4.778196053946493,1.6317822550586123,0.3415059232174778,low,"[0.5828632223904676, 0.3452941757872795, 0.07184260182225298]",0.5828632223904676,0.3452941757872795,0.07184260182225298,0.4075897004125058,0.469152217864049,0.12325808000777688,complex,0.018119892339914345,0.012982516480731137,0.07035139893204828,0.03739787755837727,smooth,0.9591165160629136,0.07717740613328476,high,1,0,0.0,connected,4,complex,poisson,valve_0025_lidar_classes.ply
1219,3.838090864710706,1.4025725782086909,0.36543495901548284,medium,"[0.5015407605119682, 0.3665418787418186, 0.13191736074621324]",0.5015407605119682,0.3665418787418186,0.13191736074621324,0.2691683151797586,0.46780747648166293,0.2630242063447227,complex,0.012002486928764858,0.017110508463638888,0.1337871886712125,0.030550348947993432,smooth,0.9896624327425356,0.020331136953654537,high,1,0,0.0,connected,5,complex,poisson,valve_0025_lidar_classes.ply
490,4.039217101895153,1.623961244879813,0.40204851670780983,low,"[0.5877454001138321, 0.3060867182767922, 0.10616788160937571]",0.5877454001138321,0.3060867182767922,0.10616788160937571,0.4792188612676009,0.34014530150053357,0.1806358355304486,complex,0.005308851941276367,0.006728399380517968,0.02927852817293727,0.016937667775411308,smooth,0.9933391558883682,0.011198949613740593,high,1,0,0.0,connected,6,complex,poisson,valve_0025_lidar_classes.ply
441,4.022019834773991,1.2537430187125942,0.3117197502511387,low,"[0.609131547581371, 0.279400114357389, 0.11146833806124003]",0.609131547581371,0.279400114357389,0.11146833806124003,0.5413139969386018,0.2756904919590054,0.18299550946071136,complex,0.027079585867884913,0.032067081987251826,0.10573648245036402,0.08398084531358967,slightly_curved,0.9933347414759383,0.005668223856361752,high,1,0,0.0,connected,7,complex,poisson,valve_0025_lidar_classes.ply
846,4.0898085261068005,1.5190588492792063,0.37142541984815464,low,"[0.5682550137258985, 0.280608509193281, 0.15113647708082037]",0.5682550137258985,0.280608509193281,0.15113647708082037,0.5061926372464406,0.22784142463733878,0.2659659363564474,complex,0.010126795298908206,0.016260150475660873,0.10585512848301042,0.028144904134555122,smooth,0.9904598851055232,0.01677650044569855,high,1,1,0.001182033096926714,connected,8,complex,poisson,valve_0025_lidar_classes.ply
3074,3.697491809034753,1.1792188870740743,0.3189240024477541,medium,"[0.4018680056691363, 0.36178118058045805, 0.23635081375040576]",0.4018680056691363,0.36178118058045805,0.23635081375040576,0.0997512228478598,0.3121183193200073,0.5881304553437536,spherical,0.007278579270296791,0.01224716579769869,0.08219338020154618,0.02572838035315691,smooth,0.9923214467069179,0.009624769306530957,high,1,1,0.00032530904359141186,connected,9,spherical,ball_pivoting,valve_0025_lidar_classes.ply
644,4.16873083075567,1.6703344961646804,0.4006817814766936,low,"[0.9188888047405663, 0.07211561536324347, 0.008995579896190238]",0.9188888047405663,0.07211561536324347,0.008995579896190238,0.9215186691657182,0.06869170140361268,0.009789628342398153,linear,0.06578976451944932,0.07156999131131482,0.29542268395947757,0.15937867818588125,highly_curved,0.8868401471643013,0.14503394487466786,high,1,0,0.0,connected,0,tubular,ball_pivoting,valve_0026_lidar_classes.ply
216,4.459524812182387,1.3363908284372166,0.29967112740057766,low,"[0.6455739960670103, 0.26837227656580004, 0.08605372736718968]",0.6455739960670103,0.26837227656580004,0.08605372736718968,0.5842888982749052,0.2824130928862145,0.1332980072898713,complex,0.06952556071563648,0.04203803523835897,0.21217755507883687,0.1292413674449644,highly_curved,0.9065656842987103,0.12225178159630867,high,1,0,0.0,connected,1,complex,poisson,valve_0026_lidar_classes.ply
88,4.095898769960389,1.2471799771084344,0.3044948244206731,low,"[0.4912356245137512, 0.3718292928354645, 0.1369350826507842]",0.4912356245137512,0.3718292928354645,0.1369350826507842,0.24307343660877082,0.47817014480376874,0.27875641655177746,complex,0.06128989103992706,0.025131276408262307,0.15202435955767685,0.09068085446020509,highly_curved,0.9567825508383905,0.025707972886500955,high,1,0,0.0,connected,2,complex,poisson,valve_0026_lidar_classes.ply
709,4.031867089129979,1.0539553123332068,0.2614062638407134,low,"[0.8900796307811815, 0.0619970357497896, 0.047923333469029]",0.8900796307811815,0.0619970357497896,0.047923333469029,0.9303466403048408,0.015811733892390087,0.05384162467927426,linear,0.13968815386350045,0.06255092260763928,0.25813231903534467,0.21113840941742543,highly_curved,0.9252652333223206,0.09566928474170212,high,1,0,0.0,connected,3,tubular,ball_pivoting,valve_0026_lidar_classes.ply
104,4.910914956837924,1.6405202720606484,0.3340559317652902,low,"[0.5498089687888622, 0.3759056615763048, 0.0742853696348331]",0.5498089687888622,0.3759056615763048,0.0742853696348331,0.3162976902310994,0.5485910716540329,0.13511123629605423,complex,0.0185453711781092,0.0135889960086927,0.06333485445897406,0.04283058887447169,smooth,0.9711405568032566,0.030101846544559264,high,1,0,0.0,connected,4,complex,poisson,valve_0026_lidar_classes.ply
1066,3.76103406959312,1.1272488359171944,0.2997177942978394,medium,"[0.48462072592277083, 0.39040793293018633, 0.12497134114704278]",0.48462072592277083,0.39040793293018633,0.12497134114704278,0.1944052075337633,0.5477202625413987,0.2578745278613686,complex,0.005838119876260393,0.007684669243321356,0.039149527076930604,0.019286906248947765,smooth,0.9947233288050515,0.004721306452314632,high,1,0,0.0,connected,5,complex,poisson,valve_0026_lidar_classes.ply
439,4.1896376939082085,1.888051917824857,0.4506480166816006,low,"[0.5918596632927853, 0.31604245960563065, 0.09209787710158411]",0.5918596632927853,0.31604245960563065,0.09209787710158411,0.46601790986505115,0.37837446275653625,0.15560762568882291,complex,0.006386018437670429,0.007112230559365127,0.026391116804674493,0.01950266113291663,smooth,0.9915587415672802,0.039567853297288055,high,1,1,0.002277904328018223,connected,6,complex,poisson,valve_0026_lidar_classes.ply
391,4.3260209130408755,1.4315697822516007,0.33092067992671614,low,"[0.6063874264962773, 0.29945530859137187, 0.09415726491235081]",0.6063874264962773,0.29945530859137187,0.09415726491235081,0.5061650423264914,0.3385592022029207,0.1552757538214772,complex,0.028986362880417105,0.030092167558754258,0.10744061396737946,0.08394901628748504,slightly_curved,0.9923988726704586,0.004863693711218559,high,1,0,0.0,connected,7,complex,poisson,valve_0026_lidar_classes.ply
750,4.235046129799324,1.6613542603654872,0.3922871697390278,low,"[0.6308514839065795, 0.2545509783942477, 0.11459753769917284]",0.6308514839065795,0.2545509783942477,0.11459753769917284,0.5964961873206288,0.22184847629517748,0.18165533479903465,complex,0.007058512080931264,0.008669927799539148,0.04814988341721528,0.021022461862170234,smooth,0.9924851716123825,0.009051002805382118,high,1,0,0.0,connected,8,complex,poisson,valve_0026_lidar_classes.ply
3089,3.676462849664397,1.1433278667873628,0.3109858342729465,medium,"[0.4190890412894462, 0.3656167541067796, 0.21529420460377424]",0.4190890412894462,0.3656167541067796,0.21529420460377424,0.12759170912833287,0.3586888091413858,0.5137194793441535,spherical,0.0050770670679046595,0.009124733764705113,0.05258098028933038,0.021484383598355153,smooth,0.9964188655174788,0.0033082896503771725,high,1,0,0.0,connected,9,spherical,ball_pivoting,valve_0026_lidar_classes.ply
770,3.9724824206199894,1.167476734129797,0.2938909755209682,medium,"[0.9033143415713618, 0.08469730119683017, 0.011988357231807923]",0.9033143415713618,0.08469730119683017,0.011988357231807923,0.9062371776853094,0.08049129803258741,0.013271523175068864,linear,0.06484509770127403,0.05969985894755943,0.24972835301703164,0.1373926921942168,highly_curved,0.9067419233069701,0.12459875538770683,high,1,0,0.0,connected,0,tubular,ball_pivoting,valve_0027_lidar_classes.ply
149,4.95025803298797,1.530615729290702,0.30919918088747084,low,"[0.6087557556142391, 0.30792591983190254, 0.08331832455385846]",0.6087557556142391,0.30792591983190254,0.08331832455385846,0.4941716485039643,0.36896175984808816,0.1368665900052527,complex,0.07167511618734633,0.043804671044219555,0.23186404927712867,0.12436853806506708,highly_curved,0.922194447096042,0.10360472529065182,high,1,0,0.0,connected,1,complex,poisson,valve_0027_lidar_classes.ply
74,4.296277631756804,1.217604115947606,0.2834090857313387,low,"[0.5036131908556672, 0.39337708176894576, 0.10300972737538693]",0.5036131908556672,0.39337708176894576,0.10300972737538693,0.21889043192163748,0.5765682056969955,0.20454136039571605,complex,0.05572471119021101,0.017350469889721613,0.10660791297414088,0.08034932392035597,slightly_curved,0.9639505490654908,0.02175923760426764,high,1,0,0.0,connected,2,complex,poisson,valve_0027_lidar_classes.ply
660,4.283185083935734,1.1592074546283662,0.2706414576165249,low,"[0.8973862823725198, 0.05767703875187654, 0.044936678875603646]",0.8973862823725198,0.05767703875187654,0.044936678875603646,0.9357277453193099,0.014197185885650719,0.05007506768069207,linear,0.14839520574185314,0.05624853702832566,0.24516849873744354,0.20548144916466898,highly_curved,0.9413803938245138,0.07033540832632593,high,1,0,0.0,connected,3,tubular,ball_pivoting,valve_0027_lidar_classes.ply
930,4.204870944655716,1.4541979710288135,0.3458365285933985,low,"[0.5047877999571719, 0.3630376446278033, 0.13217455541502485]",0.5047877999571719,0.3630376446278033,0.13217455541502485,0.2808113727403552,0.4573468074605189,0.26184181781809546,complex,0.006872507651226147,0.010301122962259534,0.07828590689802555,0.019964620951842028,smooth,0.9926579860939495,0.010857447487320525,high,1,0,0.0,connected,5,complex,poisson,valve_0027_lidar_classes.ply
778,3.672482329428846,0.9847686422832104,0.2681479592491916,medium,"[0.5144638902965815, 0.37499474202751404, 0.11054136767590449]",0.5144638902965815,0.37499474202751404,0.11054136767590449,0.2710960878470387,0.5140368037980644,0.21486710641112594,complex,0.04915407371805278,0.046352507757160946,0.14889279658424898,0.11652670932833234,slightly_curved,0.9920304429687241,0.005814031470181481,high,1,0,0.0,connected,6,complex,poisson,valve_0027_lidar_classes.ply
393,4.41427670529386,1.4535436238786934,0.3292823990408748,low,"[0.6193950546827107, 0.29011939352272503, 0.0904855517945642]",0.6193950546827107,0.29011939352272503,0.0904855517945642,0.531608475300228,0.32230454521165025,0.14608697787364328,complex,0.027540394761964335,0.03297923502218863,0.10792110471586033,0.08466674670034736,slightly_curved,0.9922533267379801,0.007414071099650164,high,1,0,0.0,connected,7,complex,poisson,valve_0027_lidar_classes.ply
646,4.583774549404467,1.6629124648934808,0.36278234162863604,low,"[0.5724208632816582, 0.29140904835104375, 0.13617008836729796]",0.5724208632816582,0.29140904835104375,0.13617008836729796,0.4909181905576791,0.2711972425717887,0.23788456512356584,complex,0.00700501065164169,0.00855342419760093,0.051510987166303764,0.01848449273755464,smooth,0.9932950104443046,0.006715324069322195,high,1,0,0.0,connected,8,complex,poisson,valve_0027_lidar_classes.ply
2938,4.32481574297054,1.4467224177157987,0.33451654437134176,low,"[0.40042564392736296, 0.3624104787696378, 0.2371638773029992]",0.40042564392736296,0.3624104787696378,0.2371638773029992,0.09493688938085151,0.31278366671384955,0.5922794414079563,spherical,0.007828288614376434,0.012144679653281483,0.07124433122845811,0.026249052495484603,smooth,0.9920191202245527,0.010802717884469355,high,1,0,0.0,connected,9,spherical,ball_pivoting,valve_0027_lidar_classes.ply
867,3.5648390362748903,1.1473270163263312,0.3218453917076141,medium,"[0.9016092381889352, 0.08638928997852584, 0.012001471832538883]",0.9016092381889352,0.08638928997852584,0.012001471832538883,0.9041832234813395,0.08250560765426977,0.013311167755262915,linear,0.03742777461590153,0.044007257571784766,0.18923033290630858,0.10344627889912618,slightly_curved,0.9491660692030243,0.0772213589186231,high,1,0,0.0,connected,0,planar,poisson,valve_0028_lidar_classes.ply
219,4.316657669276656,1.3092512787714958,0.3033020866552954,low,"[0.5753114055426028, 0.3363783038687532, 0.08831029058864401]",0.5753114055426028,0.3363783038687532,0.08831029058864401,0.41531090633113704,0.4311891098612163,0.15349998206945767,complex,0.07958413290310584,0.053845852964196174,0.23376132351375362,0.16346587642104593,highly_curved,0.9000209565434004,0.12862849597579296,high,1,0,0.0,connected,1,complex,poisson,valve_0028_lidar_classes.ply
86,4.109003332725916,1.2284195105719145,0.2989580223723065,low,"[0.5384450554984789, 0.35352027637287997, 0.10803466812864115]",0.5384450554984789,0.35352027637287997,0.10803466812864115,0.3434422452091383,0.4559157991729697,0.20064195376069233,complex,0.04446426830450535,0.018000859456194382,0.09108778122722473,0.06771457182804394,slightly_curved,0.9612954145458333,0.01905489668165372,high,1,0,0.0,connected,2,complex,poisson,valve_0028_lidar_classes.ply
792,3.950087046693718,1.10883091101025,0.28071050020471006,medium,"[0.8956882389643945, 0.05837195166299624, 0.04593980937260926]",0.8956882389643945,0.05837195166299624,0.04593980937260926,0.9348300557509646,0.013879988299144334,0.05128995483343118,linear,0.15603978861964943,0.051918647841006464,0.26366348588004357,0.21721054248098448,complex,0.8916657532262674,0.11726107159307296,high,1,0,0.0,connected,3,tubular,ball_pivoting,valve_0028_lidar_classes.ply
110,4.558564858029658,1.6704299854357085,0.3664376919255414,low,"[0.5219596205081575, 0.4044795245933325, 0.07356085489850996]",0.5219596205081575,0.4044795245933325,0.07356085489850996,0.2250750653381508,0.6339928531993748,0.1409320795466174,complex,0.0169856786851171,0.014660516892138358,0.09090582829322148,0.036534070878503945,smooth,0.9669670517956559,0.03991320958227711,high,1,0,0.0,connected,4,complex,poisson,valve_0028_lidar_classes.ply
1235,3.6756625840925827,1.3307861708423239,0.3620534094287123,medium,"[0.5283284968490243, 0.31231578754188083, 0.1593557156090948]",0.5283284968490243,0.31231578754188083,0.1593557156090948,0.4088606050716414,0.28951698149073923,0.30162241154485764,complex,0.009565038865597156,0.013546484115947652,0.07356934096036845,0.026639421546234162,smooth,0.9938059126437162,0.01236490957228916,high,1,0,0.0,connected,5,complex,poisson,valve_0028_lidar_classes.ply
938,3.1330092059512333,0.9578494764203034,0.3057282673460119,medium,"[0.5551445829240508, 0.3564489306495416, 0.08840648642640751]",0.5551445829240508,0.3564489306495416,0.08840648642640751,0.3579169427719621,0.4828335752255216,0.15924948020118376,complex,0.054323171573105865,0.056310453365723115,0.18638902051991835,0.1421711920923367,slightly_curved,0.9916711465149675,0.008483832744760575,high,1,0,0.0,connected,6,complex,poisson,valve_0028_lidar_classes.ply
448,4.293909113149506,1.4276598494982735,0.3324848783579924,low,"[0.6489315543937476, 0.25785736238096035, 0.09321108322529206]",0.6489315543937476,0.25785736238096035,0.09321108322529206,0.6026432044524295,0.2537190213469694,0.14363777265960667,complex,0.039026588613201914,0.04147372444478258,0.13557426757240784,0.10672667628656164,slightly_curved,0.9902738227425155,0.008046303870941936,high,1,0,0.0,connected,7,complex,poisson,valve_0028_lidar_classes.ply
731,4.5109136453866245,1.7338184758751383,0.3843608217293138,low,"[0.6061557818640084, 0.26018811006746667, 0.1336561080685249]",0.6061557818640084,0.26018811006746667,0.1336561080685249,0.5707570257960567,0.20874502161984543,0.22049795093435703,complex,0.013285837742125777,0.019788555327972565,0.13032605624288518,0.03281162423235511,smooth,0.9849806754219927,0.02426477871572534,high,1,0,0.0,connected,8,complex,poisson,valve_0028_lidar_classes.ply
2832,3.9598305125962976,1.4151580921699853,0.3573784502419893,medium,"[0.4214547260704172, 0.35990269931854263, 0.21864257461104014]",0.4214547260704172,0.35990269931854263,0.21864257461104014,0.14604659242934617,0.33517271401703974,0.5187806911808799,spherical,0.0069098991073775,0.014130839648416002,0.17097738806112658,0.025113610584278516,smooth,0.9920350224860408,0.015185992755914231,high,1,1,0.00035310734463276836,connected,9,spherical,ball_pivoting,valve_0028_lidar_classes.ply
923,3.571891168793059,1.2082070257300404,0.3382541539752565,medium,"[0.9153469738005954, 0.07429548509761043, 0.010357541101794217]",0.9153469738005954,0.07429548509761043,0.010357541101794217,0.9188335263643654,0.06985104638571055,0.011315426157442172,linear,0.058341159817933315,0.06269224936404622,0.25055914836364906,0.1346136262775197,slightly_curved,0.8726902720991285,0.1614233382432925,high,1,0,0.0,connected,0,tubular,ball_pivoting,valve_0029_lidar_classes.ply
208,4.531901714910625,1.3918139981652142,0.30711477993417774,low,"[0.5718278413331431, 0.3316809937560236, 0.09649116491083344]",0.5718278413331431,0.3316809937560236,0.09649116491083344,0.4199635446173528,0.41129481888391534,0.16874163474995388,complex,0.07427596692468619,0.056230854390702675,0.2598767836127814,0.1651655719295335,highly_curved,0.9100673268568698,0.11247486923797848,high,1,0,0.0,connected,1,complex,poisson,valve_0029_lidar_classes.ply
703,4.191677382469172,1.0868761378389402,0.25929384311046505,low,"[0.9053468131359671, 0.052079018180064454, 0.04257416868396848]",0.9053468131359671,0.052079018180064454,0.04257416868396848,0.9424761667386361,0.010498572864772364,0.04702525929204252,linear,0.14152195369431178,0.053170292398298895,0.2515841266033336,0.20090340116111002,highly_curved,0.9266462251782072,0.09398748163710596,high,1,0,0.0,connected,3,tubular,ball_pivoting,valve_0029_lidar_classes.ply
995,3.714200991793739,1.276223041900634,0.34360634881546553,medium,"[0.5571558688267316, 0.31482568173032144, 0.12801844944294685]",0.5571558688267316,0.31482568173032144,0.12801844944294685,0.43494145932945444,0.33528720130951734,0.2297713375661984,complex,0.007685919708993623,0.01299889209232006,0.07703134177921193,0.023996170484014433,smooth,0.9949658217986258,0.005075943518652697,high,1,0,0.0,connected,5,complex,poisson,valve_0029_lidar_classes.ply
919,3.1373890834854326,0.9811329490851367,0.31272275215621004,medium,"[0.5771615851460905, 0.3327558106112005, 0.09008260424270884]",0.5771615851460905,0.3327558106112005,0.09008260424270884,0.4234616100611836,0.42045973293008887,0.15607865527611053,complex,0.056750657123919496,0.056527044621497914,0.1777028685609515,0.14189499371793748,slightly_curved,0.991255494665763,0.009055483007352087,high,1,0,0.0,connected,6,complex,poisson,valve_0029_lidar_classes.ply
455,4.043411635933541,1.2933470007211598,0.31986528131526415,low,"[0.5887484119997957, 0.3200955433162852, 0.0911560446839191]",0.5887484119997957,0.3200955433162852,0.0911560446839191,0.4563118349902095,0.38885794607219704,0.15483021723907514,complex,0.030549638328346125,0.03437998648669946,0.11120005645072627,0.09011876439513594,slightly_curved,0.9930418826712564,0.005972911804465639,high,1,0,0.0,connected,7,complex,poisson,valve_0029_lidar_classes.ply
690,4.225429514446586,1.5355325600677836,0.3634027155001527,low,"[0.6225511217141132, 0.2587884008859252, 0.1186604773999616]",0.6225511217141132,0.2587884008859252,0.1186604773999616,0.5843097981131334,0.22508661276692113,0.19060358751365172,complex,0.007674297415674526,0.008716231857515362,0.04290975940901497,0.021371720472765025,smooth,0.9933162156445561,0.007072845326376282,high,1,0,0.0,connected,8,complex,poisson,valve_0029_lidar_classes.ply
2696,4.152214082728022,1.5929407993882096,0.3836364809875132,low,"[0.45760759410201357, 0.3621648417319916, 0.18022756416599472]",0.45760759410201357,0.3621648417319916,0.18022756416599472,0.2085689865981029,0.39758360550252214,0.39384740571409643,complex,0.005057239148883417,0.009765373873832221,0.05556151623287882,0.019511477519944715,smooth,0.9957526820202967,0.0046408215953058106,high,1,1,0.000370919881305638,connected,9,complex,poisson,valve_0029_lidar_classes.ply
584,4.3744204005309255,1.4849160608150314,0.3394543561234654,low,"[0.8620473902028274, 0.12443040249749666, 0.01352220729967587]",0.8620473902028274,0.12443040249749666,0.01352220729967587,0.8556571195884287,0.12865672621904112,0.015686153032501076,linear,0.0919006332615258,0.07047068760151447,0.2768614956478927,0.20967070184067957,highly_curved,0.8916131861645453,0.12521342024665436,high,1,0,0.0,connected,0,tubular,ball_pivoting,valve_0030_lidar_classes.ply
180,4.869752996728794,1.6092762037196173,0.330463619914638,low,"[0.6553215232121458, 0.2534592550625958, 0.09121922172525856]",0.6553215232121458,0.2534592550625958,0.09121922172525856,0.6132291604990163,0.24757317948985247,0.13919765848516275,complex,0.07106286105526692,0.04445583198970242,0.211196298551096,0.13557310396029726,highly_curved,0.9017812096106117,0.12433088098222098,high,1,0,0.0,connected,1,complex,poisson,valve_0030_lidar_classes.ply
84,4.226591394393685,1.1767702765850618,0.2784206388787795,low,"[0.47715005752467926, 0.4265374377366609, 0.09631250473865988]",0.47715005752467926,0.4265374377366609,0.09631250473865988,0.10607275192317836,0.6920777375969264,0.20184950838411847,complex,0.04632244744849183,0.012428652717835028,0.08642538549437657,0.06260670778955739,slightly_curved,0.9712707790380076,0.01682948775402493,high,1,0,0.0,connected,2,complex,poisson,valve_0030_lidar_classes.ply
613,4.304322622461168,1.2283797683825455,0.2853828292719349,low,"[0.9030095068859693, 0.055490694118394995, 0.041499798995635766]",0.9030095068859693,0.055490694118394995,0.041499798995635766,0.938549157418836,0.01549362991261658,0.04595721156113929,linear,0.1207704198168337,0.051938447390842045,0.26273444257162654,0.19202993616370756,highly_curved,0.9407704007439806,0.09391358623932955,high,1,0,0.0,connected,3,tubular,ball_pivoting,valve_0030_lidar_classes.ply
96,4.7945267352756735,1.7103476063413827,0.35672918317480456,low,"[0.5119060902010208, 0.43358489428036034, 0.05450901551861879]",0.5119060902010208,0.43358489428036034,0.05450901551861879,0.1529991482166296,0.7405183983499074,0.10648245147997976,complex,0.01801290668830025,0.012739280841232112,0.05352158393750405,0.03572495535834644,smooth,0.9650394769377425,0.03907943591211236,high,1,0,0.0,connected,4,complex,poisson,valve_0030_lidar_classes.ply
962,3.835576966486213,1.2849821063364308,0.3350166395379601,medium,"[0.5406359008967145, 0.33175985833385596, 0.12760424076942944]",0.5406359008967145,0.33175985833385596,0.12760424076942944,0.3863525190059671,0.3776212731122494,0.2360262060321098,complex,0.004696021999254521,0.006892465313187003,0.05374366984734635,0.014653946301000247,smooth,0.9950109520258559,0.004780696404545221,high,1,0,0.0,connected,5,complex,poisson,valve_0030_lidar_classes.ply
823,3.3843078101796165,1.057821409287619,0.31256654781614274,medium,"[0.5454609979999292, 0.3602978048546433, 0.09424119714542747]",0.5454609979999292,0.3602978048546433,0.09424119714542747,0.33946183775700145,0.4877646764791892,0.17277348393049768,complex,0.04294710388645308,0.05066802120850326,0.17126708550730033,0.12640256275386838,slightly_curved,0.9919199539748392,0.007528473499517287,high,1,0,0.0,connected,6,complex,poisson,valve_0030_lidar_classes.ply
404,4.285118870825391,1.434504159205323,0.33476414589970227,low,"[0.5415094481434289, 0.36132690379829635, 0.09716364805827465]",0.5415094481434289,0.36132690379829635,0.09716364805827465,0.33274127465393105,0.48782760145345705,0.17943112204592213,complex,0.03211145813368575,0.03245052737493,0.11377682509867083,0.08333877150268025,slightly_curved,0.9918002796550592,0.009011402932000484,high,1,0,0.0,connected,7,complex,poisson,valve_0030_lidar_classes.ply
658,4.490037057725404,1.7313000489064434,0.3855870288513634,low,"[0.5509663926576113, 0.31922036849103286, 0.12981323885135584]",0.5509663926576113,0.31922036849103286,0.12981323885135584,0.42061734950497376,0.34377256366271386,0.23561008501731975,complex,0.006565574704203291,0.007752330658368311,0.04327386124543781,0.017620780671471766,smooth,0.9930429845769408,0.009049461308392811,high,1,0,0.0,connected,8,complex,poisson,valve_0030_lidar_classes.ply
3018,4.100894143985939,1.3916662453807653,0.33935678322307367,low,"[0.42710026489720954, 0.35609416305816743, 0.216805572044623]",0.42710026489720954,0.35609416305816743,0.216805572044623,0.1662515982983049,0.32612621001520775,0.5076221893451167,spherical,0.005656365074502071,0.010619099230690153,0.07496408799736759,0.021962774430853534,smooth,0.995957250577896,0.004330998557630208,high,1,0,0.0,connected,9,spherical,ball_pivoting,valve_0030_lidar_classes.ply
642,4.272900526135073,1.4448177457927116,0.3381351231130681,low,"[0.8794269480064426, 0.1088619397032513, 0.011711112290305936]",0.8794269480064426,0.1088619397032513,0.011711112290305936,0.8762126395759863,0.11047060534442826,0.013316753942481404,linear,0.09729698787238063,0.07344374651723592,0.2660043412666823,0.20816389503977767,highly_curved,0.8808411426638896,0.1314627296148965,high,1,0,0.0,connected,0,tubular,ball_pivoting,valve_0031_lidar_classes.ply
176,4.802274331115449,1.622895601853423,0.33794312644744756,low,"[0.675450417923658, 0.24797280167809313, 0.07657678039824885]",0.675450417923658,0.24797280167809313,0.07657678039824885,0.6328778608602508,0.2537507069030571,0.11337143075619863,complex,0.07170588329724702,0.04700966955644185,0.23422751816141718,0.13811093951178818,highly_curved,0.9042777103111482,0.11131797951014567,high,1,0,0.0,connected,1,complex,poisson,valve_0031_lidar_classes.ply
98,4.0651530966667035,1.0691111062069965,0.26299405717847124,low,"[0.49908668051419586, 0.379870240639372, 0.12104307884643213]",0.49908668051419586,0.379870240639372,0.12104307884643213,0.238869207074669,0.5186016204793834,0.2425291704422876,complex,0.05116151644726059,0.013976354522162445,0.09536866040834772,0.06950793872067412,slightly_curved,0.9608391205499884,0.021003104652315818,high,1,0,0.0,connected,2,complex,poisson,valve_0031_lidar_classes.ply
682,4.166410640572081,1.145480844404325,0.27493229615314857,low,"[0.9094874797654757, 0.051690196007542315, 0.038822324226981994]",0.9094874797654757,0.051690196007542315,0.038822324226981994,0.9431655761066255,0.014148486980524457,0.04268593581332966,linear,0.12565569057466808,0.05200644444646141,0.23585999453185888,0.19333168182747473,highly_curved,0.9281300580383395,0.11265367485044207,high,1,0,0.0,connected,3,tubular,ball_pivoting,valve_0031_lidar_classes.ply
99,4.6577741706414795,1.6390452980084855,0.3518945396682592,low,"[0.49387642277866495, 0.44705735795624696, 0.05906621926508814]",0.49387642277866495,0.44705735795624696,0.05906621926508814,0.09479914927747261,0.7856036854778887,0.11959716321984057,complex,0.017633014954729735,0.01652916030635287,0.07151119474548823,0.0429858214838838,smooth,0.941049424703008,0.10758993704700011,high,1,0,0.0,connected,4,complex,poisson,valve_0031_lidar_classes.ply
1157,3.768922003833373,1.3128319561142527,0.3483308899549101,medium,"[0.5202104898621358, 0.3333266253169906, 0.1464628848208737]",0.5202104898621358,0.3333266253169906,0.1464628848208737,0.3592466277168418,0.3592079432816337,0.28154542707922575,complex,0.009287702362640829,0.011856550768567618,0.07077803992297592,0.025093059411961705,smooth,0.9938785143087624,0.008094372594388449,high,1,2,0.001728608470181504,connected,5,complex,poisson,valve_0031_lidar_classes.ply
810,3.2725925256943635,1.0303501274688407,0.31484216842284196,medium,"[0.5900950208975818, 0.3140459043600835, 0.09585907474233459]",0.5900950208975818,0.3140459043600835,0.09585907474233459,0.46780451671969875,0.36974863627237636,0.1624468453132826,complex,0.05285376646919503,0.051454453438016585,0.16539567544499903,0.12781974374986907,slightly_curved,0.990847351652624,0.008858774663997811,high,1,0,0.0,connected,6,complex,poisson,valve_0031_lidar_classes.ply
432,4.219204070752542,1.4999267395959393,0.35549992702128547,low,"[0.5534452311316779, 0.3427752542273534, 0.1037795146409687]",0.5534452311316779,0.3427752542273534,0.1037795146409687,0.3806518959299681,0.431832683183224,0.18751541907994443,complex,0.02680874518486347,0.030644783977182764,0.09804060806789772,0.0790730968936794,slightly_curved,0.9920222728089335,0.008706648544217065,high,1,0,0.0,connected,7,complex,poisson,valve_0031_lidar_classes.ply
645,4.399009427788723,1.8781298030360518,0.4269438002894208,low,"[0.5646261766070454, 0.2809760339518241, 0.15439778944113053]",0.5646261766070454,0.2809760339518241,0.15439778944113053,0.5023680337623828,0.22418061636310876,0.2734513481034252,complex,0.005248614675212194,0.00662103897198376,0.04632110793390346,0.014912265464600364,smooth,0.992162578875576,0.026602301446563597,high,1,1,0.0015503875968992248,connected,8,complex,poisson,valve_0031_lidar_classes.ply
2590,4.097232106510558,1.3768555819489328,0.33604529736673816,low,"[0.43965752365292193, 0.36217001651138286, 0.1981724598356952]",0.43965752365292193,0.36217001651138286,0.1981724598356952,0.17624515172965569,0.37301205479231125,0.45074279120353533,complex,0.006969806742545311,0.011770316606037909,0.10373157901105057,0.024100487969910735,smooth,0.9950391158682121,0.005475639710330903,high,1,1,0.0003861003861003861,connected,9,complex,poisson,valve_0031_lidar_classes.ply
641,4.259975179291088,1.4599119722452532,0.34270433757444946,low,"[0.8786396227544421, 0.10827649321663, 0.013083884028927928]",0.8786396227544421,0.10827649321663,0.013083884028927928,0.8767680271987249,0.108340901791957,0.014891069871195052,linear,0.08487531835420177,0.0682164261936201,0.2782795340934603,0.19370245908440725,highly_curved,0.893273885580912,0.12666701240231468,high,1,0,0.0,connected,0,tubular,ball_pivoting,valve_0032_lidar_classes.ply
174,4.669410619757831,1.5868426589222728,0.339837891289315,low,"[0.6420171398525607, 0.25097693156997636, 0.10700592857746288]",0.6420171398525607,0.25097693156997636,0.10700592857746288,0.6090806357028197,0.22424791151421367,0.16667145122537594,complex,0.06852090839365388,0.04503020429070458,0.25777574040026263,0.14160947689519984,highly_curved,0.9208427256778983,0.10886390534232343,high,1,0,0.0,connected,1,complex,poisson,valve_0032_lidar_classes.ply
89,4.0499632418883875,1.1658008925212362,0.2878546847476572,low,"[0.49032482701417984, 0.3889198743993076, 0.12075529858651261]",0.49032482701417984,0.3889198743993076,0.12075529858651261,0.20681178439517994,0.5469120886634764,0.24627612490187922,complex,0.05896934479638114,0.021367076885579782,0.13186572261484397,0.08925252329084786,slightly_curved,0.9638300673251489,0.024783011515582234,high,1,0,0.0,connected,2,complex,poisson,valve_0032_lidar_classes.ply
675,4.155092133150445,1.138430658400904,0.2739844560952603,low,"[0.9007611552396997, 0.057260892165809686, 0.041977952594490615]",0.9007611552396997,0.057260892165809686,0.041977952594490615,0.9364305479103363,0.01696669473972317,0.046602756239768346,linear,0.13034566193684077,0.055198481933098266,0.24731716602613507,0.19972017851282328,highly_curved,0.9273824822512455,0.10337612561642992,high,1,0,0.0,connected,3,tubular,ball_pivoting,valve_0032_lidar_classes.ply
82,5.0344461380624255,1.9946071400872183,0.39619197126988787,low,"[0.4889328828543176, 0.4605310820237604, 0.05053603512192207]",0.4889328828543176,0.4605310820237604,0.05053603512192207,0.05808936516329663,0.8385507713651766,0.10335986142625617,complex,0.024412501738904458,0.021997123057586148,0.10033074666073578,0.057865383958704504,slightly_curved,0.9403930743483895,0.09740455834645442,high,1,0,0.0,connected,4,complex,poisson,valve_0032_lidar_classes.ply
963,3.763813064516362,1.327394591284752,0.3526728262479861,medium,"[0.5544960455233688, 0.31791365014562106, 0.12759030433101015]",0.5544960455233688,0.31791365014562106,0.12759030433101015,0.42666200572771296,0.34323661459431143,0.2301013778745363,complex,0.007305318848151068,0.010874123493796229,0.061273772177142735,0.023174255781002715,smooth,0.9944744083466281,0.005600320818568393,high,1,0,0.0,connected,5,complex,poisson,valve_0032_lidar_classes.ply
882,3.2858899802115764,1.011510701162255,0.3078346222624562,medium,"[0.5628027557233499, 0.3370311729815057, 0.10016607129514432]",0.5628027557233499,0.3370311729815057,0.10016607129514432,0.40115578689822234,0.42086698911248277,0.17797722221247353,complex,0.06085200622047692,0.06260699019990629,0.2340974679882196,0.1490037614521924,highly_curved,0.9887113570938211,0.013835242506499498,high,1,0,0.0,connected,6,complex,poisson,valve_0032_lidar_classes.ply
415,4.20631982419611,1.306976187235276,0.31071726391474314,low,"[0.5929879543266523, 0.3202849518373879, 0.08672709383595971]",0.5929879543266523,0.3202849518373879,0.08672709383595971,0.4598794967750124,0.3938661079090062,0.1462543936296065,complex,0.03303668564769538,0.03648167343312978,0.13209701768267917,0.09367225255097059,slightly_curved,0.9917017250060584,0.007999403375093922,high,1,0,0.0,connected,7,complex,poisson,valve_0032_lidar_classes.ply
687,4.345081644319859,1.6132958474517467,0.3712924126959611,low,"[0.6307794297506228, 0.23651276159560516, 0.13270780865377213]",0.6307794297506228,0.23651276159560516,0.13270780865377213,0.6250468054829297,0.16456616668413857,0.21038702624759154,complex,0.008845324478756161,0.010206166262338756,0.05473444367624024,0.022419038742486228,smooth,0.9933259217631026,0.006815469938711848,high,1,0,0.0,connected,8,complex,poisson,valve_0032_lidar_classes.ply
2739,4.076869867591957,1.4767558252827406,0.36222785442812605,low,"[0.4555167173477477, 0.35029333804957064, 0.1941899446026817]",0.4555167173477477,0.35029333804957064,0.1941899446026817,0.23099784280112431,0.3426952012060235,0.4263069537975431,complex,0.004247647465798627,0.008458285038475752,0.05137708798786222,0.016134049447236596,smooth,0.9966438880504643,0.004329646788188939,high,2,1,0.0003650967506389193,few_components,9,complex,ball_pivoting,valve_0032_lidar_classes.ply
907,3.5590384030448714,1.21153195502552,0.34040991343296706,medium,"[0.9079613636366961, 0.07937276711238225, 0.012665869250921582]",0.9079613636366961,0.07937276711238225,0.012665869250921582,0.9125813374843964,0.07346887264102057,0.01394978877321459,linear,0.03989612203972378,0.046942481994671985,0.21332364125647602,0.11168995965775864,slightly_curved,0.9307460849771837,0.11092939891003901,high,1,0,0.0,connected,0,planar,poisson,valve_0033_lidar_classes.ply
189,4.460286327364691,1.416659387242554,0.317616243206959,low,"[0.5069154191371069, 0.3760785564014058, 0.11700602446148727]",0.5069154191371069,0.3760785564014058,0.11700602446148727,0.25810393122448966,0.5110764471711009,0.23081961963169378,complex,0.06594425718722013,0.03917713552018858,0.23278125990272377,0.12007001608627327,highly_curved,0.9037078531298771,0.11450666208339326,high,1,0,0.0,connected,1,complex,poisson,valve_0033_lidar_classes.ply
75,4.465314734154112,1.2841632540886136,0.28758628008430703,low,"[0.5134410211555216, 0.3754182181582939, 0.11114076068618439]",0.5134410211555216,0.3754182181582939,0.11114076068618439,0.26881919644398905,0.5147182365028475,0.21646256510552014,complex,0.055734020533587815,0.026482317905637362,0.13143769921510948,0.09183065458058778,slightly_curved,0.9568410251804214,0.032575437570710984,high,1,0,0.0,connected,2,complex,poisson,valve_0033_lidar_classes.ply
691,4.176094163201594,1.1222533803389736,0.26873277665987,low,"[0.8987839273935582, 0.05684677816186266, 0.04436929444457931]",0.8987839273935582,0.05684677816186266,0.04436929444457931,0.936751451193094,0.013882628875646444,0.049365918818645084,linear,0.1450864886552584,0.05030142379055224,0.25502737938653186,0.20600797490116324,highly_curved,0.9257659077309801,0.08718134517557204,high,1,0,0.0,connected,3,tubular,ball_pivoting,valve_0033_lidar_classes.ply
107,4.718758540293303,2.2765635534200492,0.4824496810968623,low,"[0.6092582564292418, 0.30413898930694927, 0.08660275426380891]",0.6092582564292418,0.30413898930694927,0.08660275426380891,0.5008044838156807,0.35705094250348285,0.1421445720394964,complex,0.017403128442129146,0.014130127165843342,0.06642914718807058,0.0370407482164455,smooth,0.9712205510694015,0.05133331923027491,high,1,0,0.0,connected,4,complex,poisson,valve_0033_lidar_classes.ply
1262,3.6922658451329533,1.4205874461939865,0.3847467938100449,medium,"[0.5057106460036094, 0.33926112844350936, 0.15502822555288123]",0.5057106460036094,0.33926112844350936,0.15502822555288123,0.3291398323257213,0.36430497159240793,0.3065551941044555,complex,0.00495451947382441,0.010543714006627729,0.10057467449256625,0.013915264191009757,smooth,0.9941549681335247,0.013630282324727613,high,1,0,0.0,connected,5,complex,poisson,valve_0033_lidar_classes.ply
960,3.10235616538656,0.9685834822196834,0.3122089889981368,medium,"[0.5646773389883343, 0.3480299861481405, 0.08729267486352522]",0.5646773389883343,0.3480299861481405,0.08729267486352522,0.3836657459013133,0.4617456604332696,0.15458859189449434,complex,0.05877188101560382,0.058412800009799676,0.1683869288816664,0.14105321725635095,slightly_curved,0.9920411136156608,0.00857693553442714,high,1,0,0.0,connected,6,complex,poisson,valve_0033_lidar_classes.ply
458,3.9793443318282105,1.285002066260486,0.3229180384466015,medium,"[0.6188377427735011, 0.30110722945952656, 0.0800550277669725]",0.6188377427735011,0.30110722945952656,0.0800550277669725,0.5134310512098728,0.35720542891362606,0.1293635182605688,complex,0.03412662955100124,0.03797514367749203,0.11936729811424387,0.0985254742376146,slightly_curved,0.9929994101697789,0.006419465023539698,high,1,0,0.0,connected,7,complex,poisson,valve_0033_lidar_classes.ply
886,4.2256802891402065,1.7062873013485098,0.40378996615759016,low,"[0.6039650014570168, 0.23107612473775732, 0.16495887380522592]",0.6039650014570168,0.23107612473775732,0.16495887380522592,0.6174014639959166,0.10947199036956924,0.2731265439787892,complex,0.012661795059116323,0.019121098191710314,0.12969878607927882,0.030385999261070044,smooth,0.9896412392207887,0.019303506267615626,high,1,1,0.001128668171557562,connected,8,complex,poisson,valve_0033_lidar_classes.ply
2245,4.216263799298949,1.5947860247755026,0.3782462626419215,low,"[0.4464487822638193, 0.3521836873194825, 0.20136753041669825]",0.4464487822638193,0.3521836873194825,0.20136753041669825,0.2111442532225087,0.33781289714852397,0.4510428473890687,complex,0.007744484850322883,0.011990581419105431,0.10872969737379282,0.02438529409171399,smooth,0.9916514773051793,0.012588832615384729,high,1,0,0.0,connected,9,complex,poisson,valve_0033_lidar_classes.ply
852,3.5886390629670792,1.1330699286912056,0.31573805793627174,medium,"[0.8917144276214035, 0.09543040151925021, 0.012855170859346371]",0.8917144276214035,0.09543040151925021,0.012855170859346371,0.8929809819643871,0.09260277506955417,0.014416241844623454,linear,0.04708972217268277,0.04830119157885749,0.2048303652645099,0.11743025108788034,slightly_curved,0.9391084282228306,0.08081816011517268,high,1,0,0.0,connected,0,tubular,ball_pivoting,valve_0034_lidar_classes.ply
232,4.246284268910477,1.2864729075109471,0.3029643862110224,low,"[0.5852758517038193, 0.3281357489636062, 0.08658839933257441]",0.5852758517038193,0.3281357489636062,0.08658839933257441,0.4393485594054394,0.4127068433032852,0.14794459558267944,complex,0.07973508515810751,0.04729272274672512,0.2795643716484893,0.15387896051374275,highly_curved,0.9025288734940963,0.11980826693750644,high,1,0,0.0,connected,1,complex,poisson,valve_0034_lidar_classes.ply
82,4.181781984396098,1.2291662880991576,0.2939336130845021,low,"[0.544552238772183, 0.3374808647979268, 0.11796689642989032]",0.544552238772183,0.3374808647979268,0.11796689642989032,0.38025988849276576,0.4031091093480244,0.21663100032283875,complex,0.05832811491884906,0.021669465800570015,0.12257535962348391,0.08473609748029248,slightly_curved,0.9638342399591532,0.023534120626624067,high,1,0,0.0,connected,2,complex,poisson,valve_0034_lidar_classes.ply
776,3.9804614630010255,1.1076617986796855,0.27827471982766067,medium,"[0.8951165789837913, 0.05962800487665527, 0.045255416139553375]",0.8951165789837913,0.05962800487665527,0.045255416139553375,0.9333852067875504,0.016056666872780026,0.05055812522249656,linear,0.1583687751695926,0.05235566209896654,0.2753594988805327,0.2176782792511629,complex,0.9095855613697557,0.10095052528830761,high,1,0,0.0,connected,3,tubular,ball_pivoting,valve_0034_lidar_classes.ply
123,4.373162643600294,1.5267340396002929,0.3491143969880489,low,"[0.5185394115469971, 0.41858090391126485, 0.06287968454173791]",0.5185394115469971,0.41858090391126485,0.06287968454173791,0.19276935410704713,0.6859675672913068,0.12126307667315239,complex,0.01901024060126924,0.014532952905339989,0.0705226672258789,0.03794055470233053,smooth,0.9772992063521518,0.015453780014790197,high,1,0,0.0,connected,4,complex,poisson,valve_0034_lidar_classes.ply
1180,3.7404603755788264,1.5006758001945646,0.40120082800265944,medium,"[0.5251977024406808, 0.3307096876839676, 0.1440926098753517]",0.5251977024406808,0.3307096876839676,0.1440926098753517,0.37031390937656666,0.35532729215312275,0.2743587965662657,complex,0.0076535651847701525,0.012162517606315693,0.08944246322117472,0.022983985260798697,smooth,0.9925537979950048,0.012246041959406801,high,1,1,0.000847457627118644,connected,5,complex,poisson,valve_0034_lidar_classes.ply
1083,3.0476125482017062,1.0136174406834566,0.3325939319120353,medium,"[0.5432351521798484, 0.36722000131520033, 0.08954484650495123]",0.5432351521798484,0.36722000131520033,0.08954484650495123,0.32401281440336926,0.5111509319396336,0.16483625181617378,complex,0.05684472893202743,0.05569702318754431,0.18544497923628145,0.13844159617969598,slightly_curved,0.9899133830224534,0.011091069023460472,high,1,0,0.0,connected,6,complex,poisson,valve_0034_lidar_classes.ply
470,4.198142060771818,1.488849195205284,0.3546447865027507,low,"[0.6459865988059549, 0.2629458217576468, 0.09106757943639832]",0.6459865988059549,0.2629458217576468,0.09106757943639832,0.5929546791889616,0.26607090978803316,0.14097440947498557,complex,0.040395314915777206,0.039999407262172944,0.13334806331114094,0.10900364993384293,slightly_curved,0.9903479127667796,0.0069809445985801605,high,1,0,0.0,connected,7,complex,poisson,valve_0034_lidar_classes.ply
705,4.341724631567115,1.5547587459592103,0.3580970415067374,low,"[0.5541422795870125, 0.2966776492665092, 0.14918007114647835]",0.5541422795870125,0.2966776492665092,0.14918007114647835,0.46461827465640515,0.26617275614447633,0.2692089673945279,complex,0.01167959956344279,0.014973252371292243,0.09873688123392672,0.026956275816496917,smooth,0.9912961200735416,0.021891100384684187,high,1,0,0.0,connected,8,complex,poisson,valve_0034_lidar_classes.ply
2929,3.947770689723235,1.3966422611889957,0.3537799863783703,medium,"[0.4369287015548782, 0.35232265649623834, 0.2107486419488834]",0.4369287015548782,0.35232265649623834,0.2107486419488834,0.1936381028847912,0.3240208613431004,0.48234103348340546,complex,0.008240499680788545,0.011609373852540666,0.07425919182687017,0.0261062979683035,smooth,0.9926686259286944,0.0090973865655892,high,1,1,0.0003414134516899966,connected,9,complex,poisson,valve_0034_lidar_classes.ply
413,4.9600336030177505,2.0537898924289375,0.4140677375180113,low,"[0.8815567757500898, 0.10787747411022738, 0.01056575013968276]",0.8815567757500898,0.10787747411022738,0.01056575013968276,0.8776284432774438,0.11038622416277025,0.011985331425429013,linear,0.0925714915922364,0.059289575201246204,0.2677142913878302,0.17725111077758124,highly_curved,0.8986595874489776,0.12037964216758724,high,1,0,0.0,connected,0,tubular,ball_pivoting,valve_0035_lidar_classes.ply
149,5.194218913789359,1.4679237488086374,0.2826072163860976,low,"[0.613757293846429, 0.2955584833292062, 0.09068422282436474]",0.613757293846429,0.2955584833292062,0.09068422282436474,0.5184440383667306,0.3338033816055971,0.1477525783983639,complex,0.07226318289128711,0.04384966649640189,0.23448718307285613,0.13245538358890774,highly_curved,0.897830084754872,0.10360531003476676,high,1,0,0.0,connected,1,complex,poisson,valve_0035_lidar_classes.ply
73,4.457078446626871,1.2156557397614876,0.2727472163764028,low,"[0.46873566519385573, 0.428303315032055, 0.10296101977408936]",0.46873566519385573,0.428303315032055,0.10296101977408936,0.08625831801986042,0.6940847874874819,0.21965689235925906,complex,0.05279491840746619,0.02064598758883616,0.10670301739528291,0.08120233991708144,slightly_curved,0.9652307789653755,0.018618125153585862,high,1,0,0.0,connected,2,complex,poisson,valve_0035_lidar_classes.ply
553,4.487041611237266,1.1876994024447993,0.2646954285437539,low,"[0.897641428481133, 0.05748391236715699, 0.044874659151710024]",0.897641428481133,0.05748391236715699,0.044874659151710024,0.9359611627992876,0.014047093640425598,0.04999174244625617,linear,0.10638397434538949,0.05969577215076141,0.259377111936833,0.1818647078957717,highly_curved,0.9669510057077566,0.04065773811490351,high,1,0,0.0,connected,3,tubular,ball_pivoting,valve_0035_lidar_classes.ply
85,5.6465465079863115,2.0749169028360828,0.3674665389781017,low,"[0.4809654452610591, 0.44472246001181726, 0.07431209472712362]",0.4809654452610591,0.44472246001181726,0.07431209472712362,0.07535465495700046,0.7701392442309499,0.15450609873289814,complex,0.022091770731709006,0.016963145484017388,0.08905276381858361,0.04105110981126992,slightly_curved,0.9612929449558202,0.05186200684222211,high,1,0,0.0,connected,4,complex,poisson,valve_0035_lidar_classes.ply
865,4.2485738661653745,1.1938633558674474,0.28100331857098826,low,"[0.44932692494202614, 0.4127206473518338, 0.13795242770614002]",0.44932692494202614,0.4127206473518338,0.13795242770614002,0.08146913856418976,0.611510692508878,0.30702016670138116,complex,0.00714703009417009,0.00783764383608545,0.04769902001937289,0.017332822287210385,smooth,0.9917012565154195,0.008618698992741886,high,1,0,0.0,connected,5,complex,poisson,valve_0035_lidar_classes.ply
652,4.002278849440675,1.0449429063284317,0.2610869820360911,low,"[0.4812361615755116, 0.40723441187456216, 0.1115294265499263]",0.4812361615755116,0.40723441187456216,0.1115294265499263,0.1537742909944713,0.6144695854568831,0.23175612147066363,complex,0.03735069077889517,0.032349119034502355,0.11680823934782983,0.08329019706547913,slightly_curved,0.9918854090186834,0.009245217712183139,high,1,0,0.0,connected,6,complex,poisson,valve_0035_lidar_classes.ply
398,4.555706225503902,1.4642729859181651,0.32141514687655004,low,"[0.5244361653948032, 0.36341187855668405, 0.11215195604851273]",0.5244361653948032,0.36341187855668405,0.11215195604851273,0.30704268156231185,0.4791048722582172,0.21385244427266123,complex,0.017540045139658764,0.022058232803662783,0.08540172710001641,0.05619743095613427,smooth,0.9916515352549196,0.007197046041706108,high,1,0,0.0,connected,7,complex,poisson,valve_0035_lidar_classes.ply
710,4.7727188952120185,1.7635433226948491,0.3695049637418468,low,"[0.5456345987082412, 0.3315605537733121, 0.12280484751844668]",0.5456345987082412,0.3315605537733121,0.12280484751844668,0.3923395712980768,0.38259250122057914,0.22506792564861586,complex,0.012457955278731813,0.018483330123350555,0.11595842346261831,0.03081058126516697,smooth,0.9876023369223141,0.01608048297622525,high,1,0,0.0,connected,8,complex,poisson,valve_0035_lidar_classes.ply
2600,4.38869964704098,1.4088377158137464,0.3210148401116082,low,"[0.3854604184782929, 0.3294592196176097, 0.2850803619040974]",0.3854604184782929,0.3294592196176097,0.2850803619040974,0.14528391510723412,0.11513207445158058,0.7395840078468852,spherical,0.005539877994175194,0.00892723869173216,0.05714846042974024,0.019524666864744047,smooth,0.9934351830445807,0.007306310951623044,high,1,1,0.0003846153846153846,connected,9,spherical,ball_pivoting,valve_0035_lidar_classes.ply
637,4.201309654043424,1.6946713683750352,0.40336740386195585,low,"[0.9219935203972133, 0.06827787838144493, 0.009728601221341716]",0.9219935203972133,0.06827787838144493,0.009728601221341716,0.9259453805293829,0.0635029160198177,0.010551702366193134,linear,0.059744608911529155,0.06939550475846777,0.28816644699064325,0.14749160624753818,slightly_curved,0.8944045317785861,0.15032893607541217,high,1,0,0.0,connected,0,tubular,ball_pivoting,valve_0036_lidar_classes.ply
172,4.740292381517477,1.5317302023552508,0.32312989975141126,low,"[0.6034805257209969, 0.3037763531540288, 0.09274312112497424]",0.6034805257209969,0.3037763531540288,0.09274312112497424,0.4966260870013596,0.34969352395793235,0.1536803873836538,complex,0.0783310701024235,0.04871490130579328,0.2393803477139619,0.15107702090844527,highly_curved,0.8974211014642381,0.12743774792086032,high,1,0,0.0,connected,1,complex,poisson,valve_0036_lidar_classes.ply
75,4.163102900089674,1.2823546120567773,0.30802856487672364,low,"[0.5701378951091631, 0.30913313610997967, 0.12072896878085719]",0.5701378951091631,0.30913313610997967,0.12072896878085719,0.45779233546897824,0.33045368254743956,0.21175398022962058,complex,0.057579425450462976,0.019971224353356135,0.10205031861277834,0.08372837560463477,slightly_curved,0.9460402792909733,0.04645798029144212,high,1,0,0.0,connected,2,complex,poisson,valve_0036_lidar_classes.ply
735,4.035339336392848,1.0692967910843132,0.26498311583758016,low,"[0.9029306830780136, 0.05335997920134003, 0.04370933772064642]",0.9029306830780136,0.05335997920134003,0.04370933772064642,0.9409035697398787,0.010688131050223332,0.04840829810239333,linear,0.13707815522769498,0.060317876468121,0.26543053178836357,0.21044399571242267,highly_curved,0.9430930560590411,0.08019397721925509,high,1,0,0.0,connected,3,tubular,ball_pivoting,valve_0036_lidar_classes.ply
99,4.943880217223153,1.9568320518062419,0.39580895277222833,low,"[0.5987790670094367, 0.3209573856268912, 0.08026354736367207]",0.5987790670094367,0.3209573856268912,0.08026354736367207,0.4639802829215919,0.4019743693836435,0.13404534602469959,complex,0.027330959038713316,0.023359214814464596,0.10425362231725697,0.06613332745117592,slightly_curved,0.9666465488410756,0.042747318792336945,high,1,0,0.0,connected,4,complex,poisson,valve_0036_lidar_classes.ply
1208,3.8161114886732412,1.2326082900967854,0.3230011212807435,medium,"[0.5273846053663551, 0.34015674812499075, 0.13245864650865416]",0.5273846053663551,0.34015674812499075,0.13245864650865416,0.3550119874210055,0.39382662881907515,0.25116138186377,complex,0.0052202672392582155,0.010054395480351056,0.07993265484089442,0.016800190497262557,smooth,0.9930827713305663,0.011868000905486101,high,1,0,0.0,connected,5,complex,poisson,valve_0036_lidar_classes.ply
441,4.123093007766847,1.585730762561347,0.38459737851890335,low,"[0.585260530712961, 0.31965349011841737, 0.09508597916862158]",0.585260530712961,0.31965349011841737,0.09508597916862158,0.4538270158371276,0.38370520269412967,0.16246777976010207,complex,0.0058959277573362905,0.007108189436437565,0.0329517826355341,0.017844393151805797,smooth,0.9933860434448445,0.009529169729605783,high,1,0,0.0,connected,6,complex,poisson,valve_0036_lidar_classes.ply
403,4.2893425559717375,1.5137390657498992,0.35290701212229464,low,"[0.6448432702774584, 0.2744290157527827, 0.08072771396975906]",0.6448432702774584,0.2744290157527827,0.08072771396975906,0.5744252456738385,0.3003850864401426,0.12518966633525458,complex,0.026220385421748406,0.033281813928417725,0.12135190374794094,0.08601162949990988,slightly_curved,0.9930184589754918,0.00541834724890544,high,1,0,0.0,connected,7,complex,poisson,valve_0036_lidar_classes.ply
805,4.1867462445606485,1.5256051363080823,0.36438920508395606,low,"[0.6305819911498388, 0.23723282313426733, 0.13218518571589388]",0.6305819911498388,0.23723282313426733,0.13218518571589388,0.6237875056890365,0.16658838775309023,0.2096241049720368,complex,0.00831681225034093,0.011050134898553806,0.0631220219468854,0.022591157166048613,smooth,0.994030073038259,0.006039579688411397,high,1,0,0.0,connected,8,complex,poisson,valve_0036_lidar_classes.ply
2924,3.7479066096612543,1.3567401046782015,0.3619994427872971,medium,"[0.4210631416133671, 0.3608467977225599, 0.21809006066407294]",0.4210631416133671,0.3608467977225599,0.21809006066407294,0.14301024667480733,0.3390387868490558,0.5179509641011961,spherical,0.005681154740115249,0.010316519477419905,0.056884329451260825,0.022876608076473334,smooth,0.9952094425182745,0.0074637986905426775,high,1,3,0.0010259917920656635,connected,9,spherical,ball_pivoting,valve_0036_lidar_classes.ply
690,3.5403907494563187,1.4851568832867637,0.41948953885820167,medium,"[0.9152754530433296, 0.0792331399476722, 0.005491407008998298]",0.9152754530433296,0.0792331399476722,0.005491407008998298,0.9134324638581193,0.08056780350976499,0.005999731539548457,linear,0.033547651886300045,0.04455072757194721,0.2222646011962083,0.10044400954761039,slightly_curved,0.959967504341457,0.10283551292634276,high,1,0,0.0,connected,0,planar,poisson,valve_0037_lidar_classes.ply
157,5.111434038098359,1.5600632195768056,0.305210476677108,low,"[0.5911996672031086, 0.3033487918866691, 0.10545154091022234]",0.5911996672031086,0.3033487918866691,0.10545154091022234,0.486892822845001,0.33473843376457796,0.17836874169894515,complex,0.06993527039121031,0.04367145951102426,0.2167925035433531,0.13160803104989827,highly_curved,0.8987735339088738,0.10679423061859515,high,1,0,0.0,connected,1,complex,poisson,valve_0037_lidar_classes.ply
439,4.43121973602984,1.2800552231884308,0.2888719808885909,low,"[0.9087803137976248, 0.05366670929478681, 0.03755297690758838]",0.9087803137976248,0.05366670929478681,0.03755297690758838,0.9409464428080865,0.01773116354394932,0.04132239254758837,linear,0.038755492252938326,0.03659157531436484,0.19192458801954076,0.09372853532112302,slightly_curved,0.9851894268472063,0.03372069312658469,high,1,0,0.0,connected,3,tubular,ball_pivoting,valve_0037_lidar_classes.ply
857,4.222479011534423,1.278844415110669,0.3028657836579936,low,"[0.4892581696562314, 0.4106310902996272, 0.10011074004414147]",0.4892581696562314,0.4106310902996272,0.10011074004414147,0.1607067271889265,0.6346758600658452,0.20461741070131764,complex,0.004933622227542507,0.007679821388632681,0.047849217288720436,0.01567903850951291,smooth,0.9941254703131273,0.00677877484961839,high,1,0,0.0,connected,5,complex,poisson,valve_0037_lidar_classes.ply
314,4.827482780799989,1.7930870108745072,0.37143312403611134,low,"[0.620621227555381, 0.2809339058170997, 0.09844486662751938]",0.620621227555381,0.2809339058170997,0.09844486662751938,0.5473343580737173,0.29404253479108305,0.15862310552391085,complex,0.005483271022033029,0.005334730759577078,0.02710893405113265,0.01393419200188558,smooth,0.9930873565376622,0.006220675276512311,high,1,0,0.0,connected,6,complex,poisson,valve_0037_lidar_classes.ply
319,5.24695075088083,1.7418360237131894,0.33197110208987723,low,"[0.4860852049021195, 0.4025743519607663, 0.11134044313711428]",0.4860852049021195,0.4025743519607663,0.11134044313711428,0.1718029101222417,0.599141683983479,0.22905540383702674,complex,0.01660718565049751,0.024177840220696026,0.13055891927282165,0.04627980878717794,smooth,0.9863111381649163,0.010416081132445909,high,1,0,0.0,connected,7,complex,poisson,valve_0037_lidar_classes.ply
549,4.844889110202872,1.7480660646894766,0.3608062072354578,low,"[0.49167790837455916, 0.4064928821540597, 0.10182920947138106]",0.49167790837455916,0.4064928821540597,0.10182920947138106,0.1732537187380645,0.6196407584595924,0.20710552076849112,complex,0.006979513649185415,0.007202266149566998,0.044087695548186194,0.01712534220027996,smooth,0.9914673066082353,0.008716237672845165,high,1,0,0.0,connected,8,complex,poisson,valve_0037_lidar_classes.ply
3009,4.197996866716648,1.2877042825343679,0.30674255439232123,low,"[0.3886928681345418, 0.3336010435549559, 0.27770608831050225]",0.3886928681345418,0.3336010435549559,0.27770608831050225,0.1417361339873628,0.14380236861280368,0.7144614948271081,spherical,0.0032454531311644926,0.007345214523607646,0.05222365411870472,0.005333687525484665,smooth,0.9971096710967196,0.0021800743400192516,high,1,0,0.0,connected,9,spherical,ball_pivoting,valve_0037_lidar_classes.ply
636,3.995925490094439,1.4573770358619442,0.3647157683770488,medium,"[0.8284694061262144, 0.15434976965319894, 0.01718082422058654]",0.8284694061262144,0.15434976965319894,0.01718082422058654,0.8136928541651216,0.1655691136603614,0.020738030967471923,planar,0.04897392025505585,0.047204330847316296,0.24448934514523446,0.11221755161148504,slightly_curved,0.9353983470348268,0.08510805627567013,high,1,0,0.0,connected,0,planar,poisson,valve_0038_lidar_classes.ply
204,4.597200502494861,1.5577318895091348,0.33884358281195776,low,"[0.6529935862676819, 0.264855596170783, 0.08215081756153503]",0.6529935862676819,0.264855596170783,0.08215081756153503,0.5943978588227534,0.27979567054209337,0.12580646910374468,complex,0.06036893300979131,0.03550329250024712,0.20574073734670714,0.10701443056691352,highly_curved,0.9250139659932324,0.11942065625535137,high,1,0,0.0,connected,1,complex,poisson,valve_0038_lidar_classes.ply
99,3.8187572676119386,1.1157729540569528,0.292182214153276,medium,"[0.472278429413091, 0.43139379872167555, 0.09632777186523354]",0.472278429413091,0.43139379872167555,0.09632777186523354,0.0865689137140026,0.7094671390420424,0.2039639451265599,complex,0.056585213144665025,0.019794909116809478,0.12740751386580187,0.08455641006267835,slightly_curved,0.9654359213513656,0.025751212239463646,high,1,0,0.0,connected,2,complex,poisson,valve_0038_lidar_classes.ply
781,3.9489459954731583,1.0509243005948607,0.2661277975271,medium,"[0.9100325143321489, 0.05050638979405109, 0.03946109587380002]",0.9100325143321489,0.05050638979405109,0.03946109587380002,0.9445004547165912,0.012137251948870961,0.043362292235676086,linear,0.13866601276271065,0.06180726942939998,0.2583691029381512,0.21643607120403285,highly_curved,0.9271333758172785,0.10124557321949765,high,1,0,0.0,connected,3,tubular,ball_pivoting,valve_0038_lidar_classes.ply
98,4.670410230131048,1.547063606607365,0.331247905439927,low,"[0.5626328977698125, 0.3546518143600269, 0.08271528787016048]",0.5626328977698125,0.3546518143600269,0.08271528787016048,0.3696568115098367,0.4833285203983826,0.14701466631442295,complex,0.02083917245193449,0.015240469815463014,0.07380132076264474,0.04272285546497629,slightly_curved,0.9664844862916505,0.036351099989340344,high,1,0,0.0,connected,4,complex,poisson,valve_0038_lidar_classes.ply
1224,3.67463466896288,1.1760830551729986,0.32005441650744537,medium,"[0.47216028262907767, 0.3879581905308123, 0.13988152684011007]",0.47216028262907767,0.3879581905308123,0.13988152684011007,0.17833370365478113,0.5254077318489323,0.29625856237836173,complex,0.00642565804998726,0.011373055997199942,0.10077978970474626,0.02047971142302659,smooth,0.9931078568546448,0.012118816145875245,high,1,0,0.0,connected,5,complex,poisson,valve_0038_lidar_classes.ply
527,3.966353227605895,1.4688723673420891,0.3703332211433858,medium,"[0.6296499741574869, 0.27359396771292466, 0.09675605812958836]",0.6296499741574869,0.27359396771292466,0.09675605812958836,0.5654824434091436,0.28085113405921425,0.15366642094345817,complex,0.009406319921417602,0.010862066495805506,0.06716992018951355,0.024051720098741215,smooth,0.9933875219980614,0.006814041488061823,high,1,0,0.0,connected,6,complex,poisson,valve_0038_lidar_classes.ply
446,4.054535225646644,1.3499531822071524,0.3329489341553085,low,"[0.5966854262754935, 0.3029546699374836, 0.10035990378702278]",0.5966854262754935,0.3029546699374836,0.10035990378702278,0.49227070565340375,0.33953362507196194,0.16819566759870938,complex,0.027819536757986024,0.03298815859365091,0.11108960929430502,0.08876585465520573,slightly_curved,0.9928429874756375,0.006598075372187072,high,1,0,0.0,connected,7,complex,poisson,valve_0038_lidar_classes.ply
855,4.095838408151769,1.6099428382349261,0.3930679576219753,low,"[0.5903846546680787, 0.2835453647925469, 0.12606998053937446]",0.5903846546680787,0.2835453647925469,0.12606998053937446,0.5197277519489607,0.2667335316751643,0.21353871468206403,complex,0.01185127409065493,0.01526058841828794,0.07331768251506665,0.028790963006210955,smooth,0.9880418318452296,0.02089898187893671,high,1,0,0.0,connected,8,complex,poisson,valve_0038_lidar_classes.ply
3261,3.644958542493245,1.1721091032912125,0.3215699408662931,medium,"[0.39037181517120983, 0.3660782074950081, 0.24354997733378206]",0.39037181517120983,0.3660782074950081,0.24354997733378206,0.06223197134074615,0.3138757079417009,0.6238923181558925,spherical,0.0062873410286419735,0.010902764279000854,0.059824754829948784,0.02475336627255377,smooth,0.9944920457067735,0.007249178954805155,high,1,2,0.0006133088009812941,connected,9,spherical,ball_pivoting,valve_0038_lidar_classes.ply
834,3.7931625143090955,1.259337952053084,0.33200210825938303,medium,"[0.8989247284881312, 0.09031372043663782, 0.010761551075230887]",0.8989247284881312,0.09031372043663782,0.010761551075230887,0.8995313862506992,0.08849703067653485,0.01197158196032583,linear,0.07163726379485096,0.0786374475969488,0.312351051958031,0.2143768230291048,highly_curved,0.895733166057694,0.1437406741962497,high,1,0,0.0,connected,0,tubular,ball_pivoting,valve_0039_lidar_classes.ply
158,5.093642111334747,1.5213032986970747,0.2986670961850837,low,"[0.668044433156071, 0.2565187499043812, 0.07543681693954771]",0.668044433156071,0.2565187499043812,0.07543681693954771,0.6160154358168751,0.2710627073685468,0.11292185531767171,complex,0.07747075454052635,0.04612884348650327,0.24025024345126691,0.13724077863376047,highly_curved,0.900220622119272,0.12256311299650867,high,1,0,0.0,connected,1,complex,poisson,valve_0039_lidar_classes.ply
77,4.437817683091742,1.2795443135365434,0.2883273727362279,low,"[0.4854849521775897, 0.3948161086864084, 0.11969893913600192]",0.4854849521775897,0.3948161086864084,0.11969893913600192,0.18675932775616794,0.566685265423188,0.2465554047608479,complex,0.048271642195155,0.01583573772650812,0.09538420011900565,0.06842608660592445,slightly_curved,0.9571240456465054,0.020611797196773078,high,1,0,0.0,connected,2,complex,poisson,valve_0039_lidar_classes.ply
520,4.4490684835937335,1.2958588360378964,0.2912652031599886,low,"[0.9099000819106651, 0.052789581386699785, 0.0373103367026352]",0.9099000819106651,0.052789581386699785,0.0373103367026352,0.9419830997071327,0.0170120268970064,0.041004872296839176,linear,0.09482604849832091,0.05972811763720822,0.2260700515531598,0.17917744965355006,highly_curved,0.9716206867649935,0.05019553591863588,high,1,0,0.0,connected,3,tubular,ball_pivoting,valve_0039_lidar_classes.ply
758,4.2077526321399175,1.2396450438325672,0.29460977198831123,low,"[0.5172276929992146, 0.37399686382280645, 0.10877544317797902]",0.5172276929992146,0.37399686382280645,0.10877544317797902,0.27692026323831304,0.5127749803846161,0.2103047544436865,complex,0.007152759805549968,0.007355347224949387,0.0512800051021179,0.017450740295094892,smooth,0.9920760449220789,0.0075225535116294154,high,1,0,0.0,connected,5,complex,poisson,valve_0039_lidar_classes.ply
298,5.062128147134409,1.8242520602448913,0.360372556138706,low,"[0.5354157436507329, 0.33950070300057084, 0.12508355334869628]",0.5354157436507329,0.33950070300057084,0.12508355334869628,0.3659119900890533,0.40046851777163384,0.23361949027160547,complex,0.006941586520202295,0.006351377713165194,0.03338692253140029,0.018019705626445687,smooth,0.9909960714340913,0.010045906517580947,high,1,0,0.0,connected,6,complex,poisson,valve_0039_lidar_classes.ply
480,4.4816242365340475,1.3545692703207568,0.30224963060849785,low,"[0.5789126404221152, 0.32372782007517437, 0.0973595395027104]",0.5789126404221152,0.32372782007517437,0.0973595395027104,0.4408002211181158,0.3910232120970513,0.1681765650574566,complex,0.038871871289832174,0.03633190230158156,0.11412868067413912,0.09545719260664594,slightly_curved,0.9917045122794496,0.006521427765185219,high,1,0,0.0,connected,7,complex,poisson,valve_0039_lidar_classes.ply
610,4.653309154868714,1.514608092638383,0.32549053628387703,low,"[0.5065075938543768, 0.3891373723290539, 0.10435503381656934]",0.5065075938543768,0.3891373723290539,0.10435503381656934,0.23172450466229913,0.5622469266119509,0.206028566751446,complex,0.0059481601890249555,0.006335188945424322,0.03911994549030281,0.014296043218504844,smooth,0.9931966601858422,0.005305576458968282,high,1,0,0.0,connected,8,complex,poisson,valve_0039_lidar_classes.ply
3377,4.244208995092186,1.2144336270047078,0.28613897857595744,low,"[0.39958472911321, 0.3456726919499, 0.25474257893689]",0.39958472911321,0.3456726919499,0.25474257893689,0.134920163610946,0.22756153116073222,0.6375183027257236,spherical,0.006206069212815095,0.009932287304910437,0.05631393901159856,0.021351457952013354,smooth,0.9945955900445711,0.006255530556140522,high,1,0,0.0,connected,9,spherical,ball_pivoting,valve_0039_lidar_classes.ply
746,3.9761361308991856,1.1685380056080517,0.29388782648392475,medium,"[0.8927456535688276, 0.09486530297032414, 0.012389043460848372]",0.8927456535688276,0.09486530297032414,0.012389043460848372,0.8937375908974415,0.09238494647090677,0.013877461511511867,linear,0.06802322753524126,0.06771925301883597,0.27196177717157893,0.17274962912288588,highly_curved,0.891187469318269,0.14236632814355724,high,1,0,0.0,connected,0,tubular,ball_pivoting,valve_0040_lidar_classes.ply
153,5.136719033534651,1.5690077026767149,0.30544939135820487,low,"[0.5896011420614001, 0.32737813907492996, 0.08302071886366987]",0.5896011420614001,0.32737813907492996,0.08302071886366987,0.44474642912821266,0.4144452959206918,0.14080827325503373,complex,0.07805516423326067,0.0480578257343894,0.22864718537325723,0.14253810700845168,highly_curved,0.8864611097683458,0.12486072562714481,high,1,0,0.0,connected,1,complex,poisson,valve_0040_lidar_classes.ply
77,4.421626963897052,1.272016776085284,0.2876807080705191,low,"[0.4858747326447945, 0.37194038904114546, 0.14218487831405996]",0.4858747326447945,0.37194038904114546,0.14218487831405996,0.23449324633320479,0.47286984652108177,0.29263690508756973,complex,0.05523964511789165,0.01852248213078014,0.0985546381546297,0.08371497133966792,slightly_curved,0.9544945523451284,0.02493626274047778,high,1,0,0.0,connected,2,complex,poisson,valve_0040_lidar_classes.ply
657,4.290271776216156,1.1387559591439886,0.26542746433721204,low,"[0.9011288636962115, 0.05514137880969991, 0.04372975749408865]",0.9011288636962115,0.05514137880969991,0.04372975749408865,0.9388085522837079,0.012663695241255359,0.048527751365317576,linear,0.14874834188075903,0.05493706171093104,0.26569481280623963,0.20801029289113993,highly_curved,0.9319420358079339,0.07771597729303886,high,1,0,0.0,connected,3,tubular,ball_pivoting,valve_0040_lidar_classes.ply
86,5.468395714856684,1.8839110233522478,0.3445089055807499,low,"[0.5108921969798172, 0.42149323230939406, 0.0676145707107886]",0.5108921969798172,0.42149323230939406,0.0676145707107886,0.1749859657750242,0.6926679698729427,0.13234606239467314,complex,0.020041205818491562,0.012837746474376499,0.0683366413884155,0.036422491923184946,slightly_curved,0.9638271907748718,0.026196148088384698,high,1,0,0.0,connected,4,complex,poisson,valve_0040_lidar_classes.ply
1041,4.095356758662013,1.18887985629284,0.29029946011124985,low,"[0.4983087910964881, 0.3520746818888169, 0.1496165270146948]",0.4983087910964881,0.3520746818888169,0.1496165270146948,0.2934608249483901,0.40629055333809944,0.3002486197067227,complex,0.0059906741673031675,0.008697275833814208,0.05268247633681715,0.019538629982557534,smooth,0.9947156324375297,0.0044595335103312225,high,1,0,0.0,connected,5,complex,poisson,valve_0040_lidar_classes.ply
657,3.702538029420712,0.9707783977707971,0.2621926877711205,medium,"[0.5398574170736806, 0.3659914630395031, 0.09415111988681638]",0.5398574170736806,0.3659914630395031,0.09415111988681638,0.3220590256119219,0.5035409981447833,0.17439997439095387,complex,0.04786724995963337,0.04465666144063001,0.1358962248133325,0.11140308258738706,slightly_curved,0.9930154395421252,0.004265959205448399,high,1,0,0.0,connected,6,complex,poisson,valve_0040_lidar_classes.ply
401,4.468772312068022,1.5577922022208863,0.3485951158588764,low,"[0.6107444587567519, 0.2969424928891226, 0.09231304835412546]",0.6107444587567519,0.2969424928891226,0.09231304835412546,0.5138023945278369,0.3350492030930534,0.15114840074176364,complex,0.029716876105760917,0.031531942641092936,0.10783636917805474,0.08587679711098506,slightly_curved,0.9920642776341859,0.008037072955578343,high,1,0,0.0,connected,7,complex,poisson,valve_0040_lidar_classes.ply
697,4.561211001347967,1.7355052644278952,0.3804922121635048,low,"[0.538362793561032, 0.32281407823969854, 0.13882312819926954]",0.538362793561032,0.32281407823969854,0.13882312819926954,0.4003781789881797,0.34176015114575437,0.2578616680085825,complex,0.00509259062723041,0.00695985322361211,0.047665473546113724,0.014791742522932475,smooth,0.9929826550723866,0.0076319307820567435,high,1,0,0.0,connected,8,complex,poisson,valve_0040_lidar_classes.ply
2667,4.275209754568032,1.3620226865536793,0.31858616639330534,low,"[0.3929389697301586, 0.3528344594799851, 0.2542265707898564]",0.3929389697301586,0.3528344594799851,0.2542265707898564,0.10206294930648234,0.2509496284038604,0.6469874197447327,spherical,0.005055992936081394,0.008076809890124166,0.05044255731699731,0.017404925860927175,smooth,0.9954033747107391,0.0040080659612070696,high,1,0,0.0,connected,9,spherical,ball_pivoting,valve_0040_lidar_classes.ply
858,3.4831193330165946,1.3487157798153218,0.3872149215915713,medium,"[0.8946476825078065, 0.09450055887176041, 0.010851758620433177]",0.8946476825078065,0.09450055887176041,0.010851758620433177,0.8943712015200944,0.09349915256400185,0.012129644798145265,linear,0.06160403854284801,0.07621169682253127,0.30635602118830163,0.1871951789137119,highly_curved,0.9166302955934198,0.15270822443792745,high,1,0,0.0,connected,0,tubular,ball_pivoting,valve_0041_lidar_classes.ply
127,5.36035077872107,2.0456213711076034,0.3816208034083263,low,"[0.5360624584341068, 0.3564512408632641, 0.10748630070262913]",0.5360624584341068,0.3564512408632641,0.10748630070262913,0.33505651143795623,0.4644327088739888,0.20051077782260077,complex,0.07240426959956464,0.0409399441717556,0.2506189025748869,0.12142492922290161,highly_curved,0.8981976430916375,0.11103817404335045,high,1,0,0.0,connected,1,complex,poisson,valve_0041_lidar_classes.ply
71,4.499324788037614,1.6107582753479552,0.3580000001939156,low,"[0.4749875671535885, 0.39654865158244057, 0.12846378126397096]",0.4749875671535885,0.39654865158244057,0.12846378126397096,0.16513888116285283,0.5644039724251976,0.2704571443066313,complex,0.05230910044829925,0.019301525051132185,0.09116173046476736,0.07689329862046514,slightly_curved,0.9605201463978892,0.03563676428603979,high,1,0,0.0,connected,2,complex,poisson,valve_0041_lidar_classes.ply
466,4.256174973765015,1.1650048131468143,0.2737210805604003,low,"[0.9058823231314965, 0.054649435048099444, 0.03946824182040403]",0.9058823231314965,0.054649435048099444,0.03946824182040403,0.939672698547801,0.016758460589514423,0.04356883975878845,linear,0.04168884351750206,0.03649420158302881,0.15112594644044647,0.09790063731272672,slightly_curved,0.9880761212208602,0.015792457889861552,high,1,0,0.0,connected,3,tubular,ball_pivoting,valve_0041_lidar_classes.ply
999,4.055121114996145,1.1908795706586996,0.29367299683382175,low,"[0.5057737672896573, 0.38007993654946814, 0.11414629616087464]",0.5057737672896573,0.38007993654946814,0.11414629616087464,0.24851789203153005,0.5257956364322418,0.2256864695590597,complex,0.004422888538053023,0.006862365570216643,0.041825926885030784,0.013490995301450641,smooth,0.9952338078984652,0.005643330813155245,high,1,0,0.0,connected,5,complex,poisson,valve_0041_lidar_classes.ply
338,4.56186486987753,1.7104610877759818,0.37494777600612134,low,"[0.6345250511702633, 0.28285599854676385, 0.08261895028297278]",0.6345250511702633,0.28285599854676385,0.08261895028297278,0.5542240632118264,0.3155699646198699,0.13020597059232186,complex,0.005185252371110344,0.006161889546334352,0.03388581226524957,0.01318178278584603,smooth,0.993388039450157,0.009742749847875952,high,1,0,0.0,connected,6,complex,poisson,valve_0041_lidar_classes.ply
516,4.316441804151745,1.2917998127982648,0.2992742335264384,low,"[0.5828640844917047, 0.3193504550811994, 0.09778546042709584]",0.5828640844917047,0.3193504550811994,0.09778546042709584,0.4521013319738253,0.38013149234815374,0.1677671739623551,complex,0.03462758191617961,0.03796254655839465,0.12479192463964203,0.09799450739397726,slightly_curved,0.992251747293391,0.005217954817025982,high,1,0,0.0,connected,7,complex,poisson,valve_0041_lidar_classes.ply
851,4.282325077319317,1.4260278561330375,0.3330031770247368,low,"[0.5436174122389537, 0.3379737229586342, 0.1184088648024122]",0.5436174122389537,0.3379737229586342,0.1184088648024122,0.37828753140018767,0.4038959253494509,0.2178165414108325,complex,0.006692248490188469,0.008634606762472822,0.05251711960567797,0.01921963337085029,smooth,0.9934281541533917,0.006248008519691401,high,1,0,0.0,connected,8,complex,poisson,valve_0041_lidar_classes.ply
3144,4.057360352692299,1.2750884396418554,0.31426551464217195,low,"[0.36598514738817367, 0.3559304238308132, 0.27808442878101314]",0.36598514738817367,0.3559304238308132,0.27808442878101314,0.027473037093560332,0.21270260662936655,0.7598243535447218,spherical,0.005814143623032995,0.009158395038970986,0.046075643907193445,0.021022607756464324,smooth,0.9951234153350967,0.004789630528228834,high,1,1,0.0003180661577608143,connected,9,spherical,ball_pivoting,valve_0041_lidar_classes.ply
571,4.411809593888924,1.5513154425883389,0.35162792256164815,low,"[0.8544393954563698, 0.12977687596231577, 0.015783728581314386]",0.8544393954563698,0.12977687596231577,0.015783728581314386,0.8481145912740664,0.13341279422948776,0.018472613326087836,linear,0.07831098135237509,0.06811371072948742,0.28158729418588824,0.18200508848382574,highly_curved,0.9093019157388628,0.10817509134949241,high,1,0,0.0,connected,0,tubular,ball_pivoting,valve_0042_lidar_classes.ply
147,5.0416247294615575,1.7669252534147941,0.35046742823578486,low,"[0.6226661388008747, 0.281777373815991, 0.09555648738313428]",0.6226661388008747,0.281777373815991,0.09555648738313428,0.5474663598921536,0.29907019914782773,0.15346343935402162,complex,0.0833071358652623,0.05132579622936391,0.2491953286193091,0.16065429801376,highly_curved,0.8988809561763208,0.11839904692452359,high,1,0,0.0,connected,1,complex,poisson,valve_0042_lidar_classes.ply
75,4.50085462555864,1.27435623966963,0.2831365030432019,low,"[0.44934286518438443, 0.4332988321180418, 0.11735830269757372]",0.44934286518438443,0.4332988321180418,0.11735830269757372,0.0357055475311787,0.703116825027827,0.26117762521552224,complex,0.07284576407829801,0.03934477958043639,0.17747907942647706,0.1342357716329915,highly_curved,0.9221134763845773,0.10871602996416803,high,1,0,0.0,connected,2,complex,poisson,valve_0042_lidar_classes.ply
612,4.354230573653238,1.2532958061002477,0.28783404659273415,low,"[0.9137367995734953, 0.0496894127096201, 0.03657378771688456]",0.9137367995734953,0.0496894127096201,0.03657378771688456,0.9456195551296247,0.014353832508993492,0.04002661126697479,linear,0.11671580416238328,0.05404852000274168,0.26851793242758754,0.18592536294716444,highly_curved,0.9543443402350553,0.07524275872646456,high,1,0,0.0,connected,3,tubular,ball_pivoting,valve_0042_lidar_classes.ply
112,4.924648057483991,1.894547431903282,0.3847071728586634,low,"[0.49102082620322957, 0.42133278023203613, 0.0876463935647344]",0.49102082620322957,0.42133278023203613,0.0876463935647344,0.14192482703457732,0.6795768492508192,0.17849832167802987,complex,0.021603304716593236,0.019221831859017175,0.07929560225012468,0.05268854717869374,slightly_curved,0.9692406151831258,0.01926849162056559,high,1,0,0.0,connected,4,complex,poisson,valve_0042_lidar_classes.ply
1168,3.9119112798425926,1.4373613027295196,0.3674319787794175,medium,"[0.5018424891610803, 0.34771310977928577, 0.15044440105963383]",0.5018424891610803,0.34771310977928577,0.15044440105963383,0.30712700180553154,0.39308889260519386,0.29978410359661756,complex,0.006614927322194969,0.012007912759164178,0.08519231535659716,0.019544704283125443,smooth,0.9940045580708624,0.010827300835154296,high,1,0,0.0,connected,5,complex,poisson,valve_0042_lidar_classes.ply
835,3.390090274222732,1.0421874521281738,0.3074217402838044,medium,"[0.5370323756676113, 0.3665179683488996, 0.09644965598348902]",0.5370323756676113,0.3665179683488996,0.09644965598348902,0.31751234139138174,0.5028901870707241,0.17959746967580914,complex,0.04154003164720034,0.05182433343842515,0.1560741316892195,0.1284624148390762,slightly_curved,0.9917297110069435,0.008016458129246205,high,1,0,0.0,connected,6,complex,poisson,valve_0042_lidar_classes.ply
449,4.292426411745246,1.4023453880599328,0.32670225490553134,low,"[0.5943411706246765, 0.30396937958501147, 0.1016894497903121]",0.5943411706246765,0.30396937958501147,0.1016894497903121,0.48856078781470214,0.34034312184995014,0.1710960886528125,complex,0.03623628999568275,0.03658483479071622,0.11053386249317267,0.09247558298216184,slightly_curved,0.9921255861938316,0.006337903223081001,high,1,0,0.0,connected,7,complex,poisson,valve_0042_lidar_classes.ply
750,4.505385879185866,1.7134645798788322,0.3803147223003559,low,"[0.5109501034023795, 0.33377606693538775, 0.15527382966223285]",0.5109501034023795,0.33377606693538775,0.15527382966223285,0.3467540860456797,0.34935355866486373,0.3038923533323184,complex,0.010599764642585463,0.01605832772688784,0.10627853086421465,0.02355896085274023,smooth,0.9875259006192145,0.02077913188378043,high,1,0,0.0,connected,8,complex,poisson,valve_0042_lidar_classes.ply
2602,4.2051431442698,1.5237127200196334,0.3623450302122528,low,"[0.4180149459956315, 0.35239248659650113, 0.22959256740786738]",0.4180149459956315,0.35239248659650113,0.22959256740786738,0.15698591610365586,0.29376920627174863,0.5492448752323364,spherical,0.009087064002063492,0.013751931195979583,0.0812250720161752,0.028896341781513624,smooth,0.9906090235452742,0.014281647751327968,high,1,4,0.0015372790161414297,connected,9,spherical,ball_pivoting,valve_0042_lidar_classes.ply
679,3.894788381150968,1.2211371931613029,0.3135310762344699,medium,"[0.8746849335934538, 0.11192365005747384, 0.013391416349072396]",0.8746849335934538,0.11192365005747384,0.013391416349072396,0.8720411811945806,0.11264882909432801,0.015309988567822555,linear,0.041430432956751334,0.04289062483658646,0.2581355986341362,0.09868464076715648,slightly_curved,0.9327379085289536,0.09001689489056083,high,1,0,0.0,connected,0,tubular,ball_pivoting,valve_0043_lidar_classes.ply
185,4.5311049716668625,1.4485110280320495,0.31968163103038916,low,"[0.6095168875998163, 0.30015041889474653, 0.09033269350543714]",0.6095168875998163,0.30015041889474653,0.09033269350543714,0.507560125882233,0.34423611439430857,0.1482037580828148,complex,0.06321375461886976,0.03658734527322979,0.22844542679093388,0.10723910333099212,highly_curved,0.9276092739208062,0.09307003401459425,high,1,0,0.0,connected,1,complex,poisson,valve_0043_lidar_classes.ply
96,3.8054358163290534,1.109865815666719,0.29165274857945384,medium,"[0.48632554913521825, 0.4043867183678542, 0.10928773249692758]",0.48632554913521825,0.4043867183678542,0.10928773249692758,0.1684855561147912,0.6067930952607304,0.2247213465682425,complex,0.06347527339959384,0.027812980984059137,0.15256576343616662,0.10317663424571777,highly_curved,0.9684406922094114,0.020727784297899877,high,1,0,0.0,connected,2,complex,poisson,valve_0043_lidar_classes.ply
773,3.943131500183908,1.0471119964165096,0.26555340497828156,medium,"[0.9060079720866313, 0.05294853138202952, 0.0410434965313392]",0.9060079720866313,0.05294853138202952,0.0410434965313392,0.9415584255824572,0.013140099429954989,0.04530147388384481,linear,0.1389288768946697,0.06123321972128148,0.273898010842589,0.21630852985833063,highly_curved,0.9277460431830723,0.09821376672649502,high,1,0,0.0,connected,3,tubular,ball_pivoting,valve_0043_lidar_classes.ply
105,4.810965952689757,1.963789694090001,0.40819031208979517,low,"[0.5968369042605185, 0.3415455595897522, 0.06161753614972934]",0.5968369042605185,0.3415455595897522,0.06161753614972934,0.42774054757778757,0.4690192931649136,0.10324015758179929,complex,0.02087406664886838,0.0168308648351911,0.08241384996131429,0.04468303646260596,slightly_curved,0.9721905491882483,0.03588558242209565,high,1,0,0.0,connected,4,complex,poisson,valve_0043_lidar_classes.ply
1307,3.6594159373039523,1.2024161832448748,0.3285814467437021,medium,"[0.4760072313403687, 0.37510748418863443, 0.14888528447099675]",0.4760072313403687,0.37510748418863443,0.14888528447099675,0.21197103803579598,0.47524950115858244,0.3127794587048131,complex,0.006239568591102971,0.010367201976558223,0.09376961849520879,0.018347998839070657,smooth,0.9934888108186456,0.017110090042809514,high,1,1,0.0007651109410864575,connected,5,complex,poisson,valve_0043_lidar_classes.ply
460,3.992538521223682,1.5524472169842776,0.388837129145501,medium,"[0.6275746575351769, 0.27831168428598446, 0.09411365817883867]",0.6275746575351769,0.27831168428598446,0.09411365817883867,0.5565281652136939,0.2935077501967379,0.14996408299613231,complex,0.006243422469327454,0.00842636623834219,0.04793522947491655,0.020872098294125698,smooth,0.9939797003215518,0.009433906995419171,high,1,0,0.0,connected,6,complex,poisson,valve_0043_lidar_classes.ply
448,4.087181801080978,1.3732375718158714,0.33598641761340076,low,"[0.6595446794251979, 0.25135041952330145, 0.08910490105150064]",0.6595446794251979,0.25135041952330145,0.08910490105150064,0.6189031191014082,0.24599625057578164,0.13510062880661267,complex,0.029697204278341414,0.03661741627803027,0.13918440179063438,0.09513732306830522,slightly_curved,0.9930461676956225,0.004963545031787257,high,1,1,0.002232142857142857,connected,7,complex,poisson,valve_0043_lidar_classes.ply
913,4.044793658728457,1.4432656453252668,0.3568205863490596,low,"[0.6176544747849882, 0.24366598327201788, 0.13867954194299376]",0.6176544747849882,0.24366598327201788,0.13867954194299376,0.6054979056658849,0.16997600672381588,0.22452608599127113,complex,0.008110010617398777,0.012224648710316255,0.08739323666106871,0.02499011392191924,smooth,0.9933237316415667,0.007688960691175287,high,1,1,0.001095290251916758,connected,8,complex,poisson,valve_0043_lidar_classes.ply
3247,3.694702326147113,1.212273374246469,0.3281112433170045,medium,"[0.4357648000989243, 0.3360274685715625, 0.22820773132951322]",0.4357648000989243,0.3360274685715625,0.22820773132951322,0.22887881553498884,0.24742644878647002,0.5236947333837252,spherical,0.008051223080055127,0.012951724898272348,0.07847647904497936,0.02571730071342113,smooth,0.9928995327229608,0.012160817074695626,high,1,0,0.0,connected,9,spherical,ball_pivoting,valve_0043_lidar_classes.ply
646,4.150800021568494,1.662435814286601,0.400509734327768,low,"[0.9179173681563193, 0.0731243176906213, 0.008958314153059541]",0.9179173681563193,0.0731243176906213,0.008958314153059541,0.920336708784766,0.06990389951607336,0.009759390609737946,linear,0.06952453806945763,0.07104406164154416,0.2825613732376906,0.16905049741677805,highly_curved,0.884206634442896,0.15599655995829764,high,1,0,0.0,connected,0,tubular,ball_pivoting,valve_0044_lidar_classes.ply
217,4.602669075371596,1.466826733410331,0.3186904617888951,low,"[0.6239441295120794, 0.2750762054941938, 0.10097966499372672]",0.6239441295120794,0.2750762054941938,0.10097966499372672,0.5591332732492651,0.27902584860856644,0.1618408765394609,complex,0.07251611323976455,0.04876364608126932,0.24260878572666983,0.1450691551572684,highly_curved,0.8974629748062436,0.12322548171801191,high,1,0,0.0,connected,1,complex,poisson,valve_0044_lidar_classes.ply
72,4.080672982991997,1.2135790923128589,0.29739680123195067,low,"[0.5854392556937732, 0.3137062911281447, 0.10085445317808205]",0.5854392556937732,0.3137062911281447,0.10085445317808205,0.46415227789851543,0.36357629850811224,0.1722714218852532,complex,0.056507463211166224,0.020226074629501246,0.10740611514878255,0.08895323240805936,slightly_curved,0.9618742990797339,0.03015495461484524,high,1,0,0.0,connected,2,complex,poisson,valve_0044_lidar_classes.ply
731,3.9962932446725548,1.0234926838515834,0.25611050564417104,medium,"[0.8990052742516594, 0.055661256831650456, 0.045333468916690205]",0.8990052742516594,0.055661256831650456,0.045333468916690205,0.9380857272321688,0.011488017033124954,0.050426254622365774,linear,0.134094739902711,0.0667864703718078,0.2602219251493482,0.2134841296811802,highly_curved,0.9344091521350958,0.08709644001928371,high,1,0,0.0,connected,3,tubular,ball_pivoting,valve_0044_lidar_classes.ply
103,4.8534435564945815,1.750942782035059,0.3607629843209552,low,"[0.5727058873923181, 0.35769863017535375, 0.06959548243232812]",0.5727058873923181,0.35769863017535375,0.06959548243232812,0.3754235141889774,0.503056025059878,0.12152045900504771,complex,0.019030545740167402,0.018954445827721017,0.10362275316352682,0.03592532631628273,smooth,0.9713330584453592,0.026279047864524452,high,1,0,0.0,connected,4,complex,poisson,valve_0044_lidar_classes.ply
1163,3.932109503805031,1.4849473433039568,0.3776464875887494,medium,"[0.4941892974015307, 0.3752014999645541, 0.1306092026339152]",0.4941892974015307,0.3752014999645541,0.1306092026339152,0.2407737233927283,0.494936450711862,0.26428982387189354,complex,0.010677294813700854,0.014776085923190895,0.0866805389096939,0.028654736218749127,smooth,0.9888534210848304,0.023356452095804756,high,1,0,0.0,connected,5,complex,poisson,valve_0044_lidar_classes.ply
471,4.1697920192409486,1.6060964278694723,0.38517422933162626,low,"[0.6203692408788034, 0.2812367111441545, 0.09839404797704206]",0.6203692408788034,0.2812367111441545,0.09839404797704206,0.546662385626305,0.29473199318097876,0.15860561958077302,complex,0.010122409789647065,0.015661791648203312,0.10521180793919546,0.02495521946819397,smooth,0.9899816083845802,0.01722499256650669,high,1,0,0.0,connected,6,complex,poisson,valve_0044_lidar_classes.ply
377,4.287936079758899,1.500698594268764,0.34998156828941424,low,"[0.5868942550890627, 0.31845042001681184, 0.0946553248941254]",0.5868942550890627,0.31845042001681184,0.0946553248941254,0.45739727776704264,0.3813209838072175,0.16128173672185542,complex,0.027175177478977953,0.029367180136303836,0.09533184297679992,0.0779855620638243,slightly_curved,0.9922646196744161,0.007611733285494131,high,1,0,0.0,connected,7,complex,poisson,valve_0044_lidar_classes.ply
808,4.194997170736152,1.6180426160974204,0.38570767746853407,low,"[0.5594696368058077, 0.2765167820108612, 0.164013581183331]",0.5594696368058077,0.2765167820108612,0.164013581183331,0.5057519401851074,0.20108901935904544,0.2931590386684402,complex,0.006731662996534243,0.007998516214828139,0.04204495722583085,0.017729655342683618,smooth,0.9939345764294933,0.009263043113096068,high,1,1,0.0012376237623762376,connected,8,complex,poisson,valve_0044_lidar_classes.ply
2900,3.761391921263624,1.2370255464410649,0.32887440926299877,medium,"[0.40303965005819364, 0.365943450229856, 0.23101689971195036]",0.40303965005819364,0.365943450229856,0.23101689971195036,0.09204106774839732,0.3347723981093464,0.5731865316611108,spherical,0.007735852116884098,0.011494002279101698,0.07816199140713957,0.025824898876501114,smooth,0.9920581001317342,0.010201053256173187,high,1,0,0.0,connected,9,spherical,ball_pivoting,valve_0044_lidar_classes.ply
516,4.504236574181689,1.58903298692496,0.35278630693612323,low,"[0.8344803533582108, 0.1471359279999304, 0.018383718641858747]",0.8344803533582108,0.1471359279999304,0.018383718641858747,0.8236795770787307,0.154290282192555,0.022030139530363722,planar,0.06649176625574833,0.054537070838858726,0.24600593972078752,0.1373748939936886,highly_curved,0.9187119040182158,0.0899823607739167,high,1,0,0.0,connected,0,planar,poisson,valve_0045_lidar_classes.ply
131,5.300985742687607,1.6819190705119826,0.3172842093595149,low,"[0.6588478616684109, 0.26648376246807903, 0.07466837586351002]",0.6588478616684109,0.26648376246807903,0.07466837586351002,0.5955306550000957,0.291137601672857,0.11333174180924617,complex,0.0793574990763184,0.043740702478329035,0.216566617288048,0.1445654103521306,highly_curved,0.9069500762691849,0.10009145789016448,high,1,0,0.0,connected,1,complex,poisson,valve_0045_lidar_classes.ply
81,4.355457655904549,1.2054541494293503,0.27676865312153537,low,"[0.4583848023386978, 0.4294129229997504, 0.11220227466155183]",0.4583848023386978,0.4294129229997504,0.11220227466155183,0.06320427537721021,0.6920182476115236,0.24477747482969286,complex,0.07183987538204784,0.023321067702273546,0.11692169511981391,0.10279305559652091,highly_curved,0.9632387649985914,0.023414232651574926,high,1,0,0.0,connected,2,complex,poisson,valve_0045_lidar_classes.ply
614,4.396183758851936,1.1367078316926986,0.2585669511983692,low,"[0.90666835227906, 0.051378551850359735, 0.0419530958705803]",0.90666835227906,0.051378551850359735,0.0419530958705803,0.9433325838885367,0.01039570416866465,0.046271710839859564,linear,0.13515846446522645,0.05867522524297232,0.2592885334251028,0.2010338051486015,highly_curved,0.9409936506432897,0.08513433329742578,high,1,0,0.0,connected,3,tubular,ball_pivoting,valve_0045_lidar_classes.ply
932,4.196782950524569,1.187889720899336,0.28304769024755266,low,"[0.46993773029403474, 0.3829263230832801, 0.14713594662268525]",0.46993773029403474,0.3829263230832801,0.14713594662268525,0.18515518422229552,0.5017481269514481,0.3130966866983148,complex,0.0055414154140163135,0.006796265937298876,0.04994719467552181,0.013895444059143735,smooth,0.9942019117719327,0.004802906015641347,high,1,0,0.0,connected,5,complex,poisson,valve_0045_lidar_classes.ply
694,3.8598018225996196,0.9504383337565823,0.2462401898318736,medium,"[0.4986247936500603, 0.4001012261375902, 0.10127398021234947]",0.4986247936500603,0.4001012261375902,0.10127398021234947,0.1975905902986932,0.5993028207411157,0.20310658695467507,complex,0.04321414352377735,0.03939025174428601,0.13636368485733633,0.09715917181374888,slightly_curved,0.992994588514624,0.004442748974351678,high,1,0,0.0,connected,6,complex,poisson,valve_0045_lidar_classes.ply
410,4.447708520969184,1.5171059742528727,0.3410983356394019,low,"[0.5272715831827042, 0.3605776560971154, 0.11215076072018038]",0.5272715831827042,0.3605776560971154,0.11215076072018038,0.3161443401960912,0.47115547818115106,0.21270017972620192,complex,0.020266045416769317,0.02531294235716871,0.1132528842818992,0.0661256949391511,slightly_curved,0.9911428262240194,0.00868503050941342,high,1,0,0.0,connected,7,complex,poisson,valve_0045_lidar_classes.ply
639,4.612450026278862,1.5794286431336244,0.3424272639904169,low,"[0.5143857906008371, 0.3638275796544456, 0.12178662974471728]",0.5143857906008371,0.3638275796544456,0.12178662974471728,0.2926951198979161,0.47054361504905623,0.23676126310896162,complex,0.00937004601877435,0.010177011124325461,0.05561796504208182,0.021173029632179364,smooth,0.9917729500728881,0.008320162345407542,high,1,0,0.0,connected,8,complex,poisson,valve_0045_lidar_classes.ply
2782,4.337470420435263,1.3815478763856985,0.3185146507416519,low,"[0.4150247870632194, 0.3332517550810214, 0.2517234578557592]",0.4150247870632194,0.3332517550810214,0.2517234578557592,0.19703168180340533,0.1964419947197063,0.6065263210673937,spherical,0.004277753906015841,0.007529396138698773,0.046314718990819896,0.017943324726830943,smooth,0.9946703800402349,0.005500031550395818,high,1,0,0.0,connected,9,spherical,ball_pivoting,valve_0045_lidar_classes.ply
641,4.175770179423098,1.3817192307315165,0.33088967328932783,low,"[0.880503396826372, 0.1063546414500642, 0.01314196172356366]",0.880503396826372,0.1063546414500642,0.01314196172356366,0.8792115479478974,0.10586294153617941,0.01492550938020928,linear,0.08046731485517054,0.0663274666209931,0.2935978227829721,0.178053144670408,highly_curved,0.8887432633607897,0.13581105342993377,high,1,0,0.0,connected,0,tubular,ball_pivoting,valve_0046_lidar_classes.ply
205,4.601535755448504,1.4742208462846886,0.32037583196408803,low,"[0.6702849527275921, 0.2392578098712728, 0.09045723740113502]",0.6702849527275921,0.2392578098712728,0.09045723740113502,0.6430506017765862,0.22199599087317606,0.13495340585833498,complex,0.08012599771114133,0.04887770178077237,0.23791006581560276,0.14699878802550273,highly_curved,0.896235791443329,0.1263643375486869,high,1,0,0.0,connected,1,complex,poisson,valve_0046_lidar_classes.ply
89,4.00668194916162,1.1972300608214492,0.29880835956374224,low,"[0.5007205872506603, 0.400914518812907, 0.09836489393643275]",0.5007205872506603,0.400914518812907,0.09836489393643275,0.19932487455017614,0.6042284499095097,0.19644667354319248,complex,0.05886361000214421,0.019910704666494708,0.12856903467824454,0.08512337995143553,slightly_curved,0.969254304548261,0.01731914337238125,high,1,0,0.0,connected,2,complex,poisson,valve_0046_lidar_classes.ply
762,4.049931485200397,1.1440422531211674,0.2824843474560839,low,"[0.9055417317404795, 0.054040689278769344, 0.04041757898075115]",0.9055417317404795,0.054040689278769344,0.04041757898075115,0.9403222531608525,0.015044155123353616,0.0446335906114826,linear,0.13889667440191739,0.05335367072489455,0.252023385946456,0.2042171061420241,highly_curved,0.9033676994923706,0.11225695574805869,high,1,0,0.0,connected,3,tubular,ball_pivoting,valve_0046_lidar_classes.ply
116,4.4262962483742925,1.4502099058129398,0.32763507549182763,low,"[0.4974142408699077, 0.44216152711834944, 0.06042423201174279]",0.4974142408699077,0.44216152711834944,0.06042423201174279,0.11107987890304295,0.767443436423449,0.12147668266311114,complex,0.014296250349907714,0.01019667533842647,0.04959355051057587,0.02777600063477617,smooth,0.9737601193609354,0.026658071425256596,high,1,0,0.0,connected,4,complex,poisson,valve_0046_lidar_classes.ply
1065,3.7142916426596804,1.3088633050348755,0.3523857118945179,medium,"[0.543801475564327, 0.30880066629183295, 0.14739785814384007]",0.543801475564327,0.30880066629183295,0.14739785814384007,0.4321444854420058,0.296804652256034,0.27105086046305393,complex,0.005769405780521872,0.007085257803616715,0.03894603452170442,0.015061759945931376,smooth,0.9933378365552145,0.006507983446383953,high,1,0,0.0,connected,5,complex,poisson,valve_0046_lidar_classes.ply
952,3.1964628417178953,1.0101423864763628,0.3160188108482615,medium,"[0.562741598087209, 0.3290977230373358, 0.10816067887545518]",0.562741598087209,0.3290977230373358,0.10816067887545518,0.41518856155090295,0.3926083383923456,0.19220309827973697,complex,0.057166841374725705,0.05969018173626676,0.17676813447896575,0.1437350297117056,slightly_curved,0.9907750032614203,0.009473891564172448,high,1,0,0.0,connected,6,complex,poisson,valve_0046_lidar_classes.ply
456,4.007110146884946,1.38999710910904,0.3468826804880109,low,"[0.5512794565486486, 0.3467958397427613, 0.10192470370859016]",0.5512794565486486,0.3467958397427613,0.10192470370859016,0.37092551519179784,0.44418694127118286,0.1848875417230573,complex,0.027333203007974545,0.03139718663489096,0.12116253618781175,0.0808296732925817,slightly_curved,0.992124147608219,0.013736196699019569,high,1,0,0.0,connected,7,complex,poisson,valve_0046_lidar_classes.ply
745,4.166033974607137,1.4444289509281245,0.34671559554855064,low,"[0.5889672762171032, 0.26384082473535864, 0.14719189904753827]",0.5889672762171032,0.26384082473535864,0.14719189904753827,0.5520280396866557,0.19805671758029034,0.24991524103516682,complex,0.006388649981268551,0.009067954098793157,0.10496094889962218,0.017747812686493322,smooth,0.993514248021696,0.01036145612482995,high,1,0,0.0,connected,8,complex,poisson,valve_0046_lidar_classes.ply
2760,4.011839221691,1.511502244316297,0.37676042344050736,low,"[0.4434100396150779, 0.35003945818907384, 0.20655050219584822]",0.4434100396150779,0.35003945818907384,0.20655050219584822,0.21057389971703103,0.32360330811224836,0.4658227899154717,complex,0.005580498060268497,0.008410437134157667,0.05220566621008817,0.02086051005594238,smooth,0.99468850235876,0.006478081981581001,high,1,4,0.0014492753623188406,connected,9,complex,poisson,valve_0046_lidar_classes.ply
701,4.034771876354565,1.3888589013313204,0.34422241047291585,low,"[0.8632305753204922, 0.12324918993174934, 0.013520234747758555]",0.8632305753204922,0.12324918993174934,0.013520234747758555,0.8572233255950024,0.12711430548684788,0.01566236775971069,linear,0.0833470254266793,0.07772265671216992,0.28842023467811917,0.22286957861725307,highly_curved,0.8886630124914955,0.14218566479851802,high,1,0,0.0,connected,0,tubular,ball_pivoting,valve_0047_lidar_classes.ply
170,5.032414758027398,1.5073088946194613,0.2995200051656265,low,"[0.5747076637641857, 0.32124897087435617, 0.1040433653614582]",0.5747076637641857,0.32124897087435617,0.1040433653614582,0.44102194633828107,0.37794102781284794,0.18103702410885597,complex,0.0655655309003616,0.03808436312372875,0.20994902592956832,0.11890465169306337,highly_curved,0.9154777257699376,0.10314010228669525,high,1,0,0.0,connected,1,complex,poisson,valve_0047_lidar_classes.ply
76,4.4447553227528545,1.2505805069018965,0.2813609334621348,low,"[0.4855824677902082, 0.40014181400723503, 0.11427571820255679]",0.4855824677902082,0.40014181400723503,0.11427571820255679,0.17595498040907873,0.5887076123586008,0.23533740517293808,complex,0.05202790991455234,0.019726957368284614,0.10670343987897808,0.07455336311087557,slightly_curved,0.9539826217962993,0.026703860052942025,high,1,0,0.0,connected,2,complex,poisson,valve_0047_lidar_classes.ply
542,4.421805542985717,1.27885649098203,0.2892159047386098,low,"[0.9016904671307862, 0.05884100725120348, 0.03946852561801039]",0.9016904671307862,0.05884100725120348,0.03946852561801039,0.9347436727670179,0.02148462506579719,0.043771701058156975,linear,0.112780933807134,0.05680384066064099,0.24131138150395923,0.18310826257371127,highly_curved,0.9649441529805292,0.049105632299183175,high,1,0,0.0,connected,3,tubular,ball_pivoting,valve_0047_lidar_classes.ply
96,5.160722770096342,1.788794282898429,0.3466170073922452,low,"[0.5520193081230382, 0.363970517286405, 0.0840101745905569]",0.5520193081230382,0.363970517286405,0.0840101745905569,0.3406561830878266,0.5071567933748645,0.15218702172577822,complex,0.02150785941323491,0.015846202847118216,0.07412909728289861,0.043849796320659384,slightly_curved,0.9682253136847634,0.023130116507273295,high,1,0,0.0,connected,4,complex,poisson,valve_0047_lidar_classes.ply
1090,4.082425406478302,1.2922136153617878,0.31653085761093747,low,"[0.4678054452703637, 0.3926805932051719, 0.13951396152446438]",0.4678054452703637,0.3926805932051719,0.13951396152446438,0.16058994751799902,0.541179316528077,0.2982307338162831,complex,0.0080198595422264,0.012187367403456025,0.1172048903699939,0.01985838025660341,smooth,0.99223425502313,0.013422848352782265,high,1,0,0.0,connected,5,complex,poisson,valve_0047_lidar_classes.ply
250,5.160571519294558,2.31426367229634,0.4484510413614508,low,"[0.5885427659377547, 0.31472163435936124, 0.09673559970288396]",0.5885427659377547,0.31472163435936124,0.09673559970288396,0.46525273431378905,0.37038265849511637,0.1643646054919827,complex,0.006273157987704415,0.007208650576033214,0.06471174462127811,0.013149873516838,smooth,0.9904802685615222,0.015192131629637843,high,1,0,0.0,connected,6,complex,poisson,valve_0047_lidar_classes.ply
458,4.3514514169523055,1.2860705828058643,0.2955497969022621,low,"[0.5208045543930622, 0.3794098422261369, 0.09978560338080085]",0.5208045543930622,0.3794098422261369,0.09978560338080085,0.2714928483300453,0.5369082047185585,0.1915989450312902,complex,0.038849752569928314,0.0360204332750022,0.12945510523772794,0.09166064566550144,slightly_curved,0.9914133821847176,0.006761362146165447,high,1,0,0.0,connected,7,complex,poisson,valve_0047_lidar_classes.ply
847,4.577723522524142,1.5368002646800987,0.33571277443531566,low,"[0.509073215872689, 0.34100102181380454, 0.1499257623135065]",0.509073215872689,0.34100102181380454,0.1499257623135065,0.3301532834341129,0.3753394466008273,0.29450726800070587,complex,0.008444116175519347,0.014093034990545818,0.11656415063029502,0.019329400706109917,smooth,0.9908426934325569,0.012969823793755284,high,1,0,0.0,connected,8,complex,poisson,valve_0047_lidar_classes.ply
2813,4.225595365817249,1.3694896662362792,0.32409389620942086,low,"[0.3807716126048545, 0.3321556224432708, 0.28707276495187484]",0.3807716126048545,0.3321556224432708,0.28707276495187484,0.1276775590000648,0.1183986827814866,0.7539237555922024,spherical,0.005828718389667548,0.011245031436090357,0.0788028956264862,0.020387741387857334,smooth,0.9941110458738831,0.007671964199525078,high,1,1,0.00035549235691432633,connected,9,spherical,ball_pivoting,valve_0047_lidar_classes.ply
583,4.319555825540895,1.5362479945000884,0.35564952883831985,low,"[0.8445800445339958, 0.1398961865994091, 0.015523768866595209]",0.8445800445339958,0.1398961865994091,0.015523768866595209,0.834360060554168,0.14725947930036395,0.018380458961447663,planar,0.08695196603208848,0.06990310293928866,0.28042522899198274,0.20122531848630218,highly_curved,0.8954144691776681,0.12834092521474977,high,1,0,0.0,connected,0,planar,poisson,valve_0048_lidar_classes.ply
171,4.936018468569975,1.5280826021211569,0.3095779749491665,low,"[0.6478106807235311, 0.2733429831605466, 0.07884633611592237]",0.6478106807235311,0.2733429831605466,0.07884633611592237,0.5780511314921443,0.3002368632254669,0.12171200373872804,complex,0.06414900973601889,0.03877367297011533,0.2279322628122768,0.11380326494500168,highly_curved,0.9317995048911143,0.08350505327101508,high,1,0,0.0,connected,1,complex,poisson,valve_0048_lidar_classes.ply
85,4.105518322053889,1.1930047256336378,0.29058565368823425,low,"[0.4662895969589937, 0.3979540442064272, 0.13575635883457912]",0.4662895969589937,0.3979540442064272,0.13575635883457912,0.14655174177523903,0.5623065290744619,0.29114172700570895,complex,0.053434011641749345,0.01769785566151591,0.10938728702719698,0.07194399737521828,slightly_curved,0.9570456424552564,0.022261267304058287,high,1,0,0.0,connected,2,complex,poisson,valve_0048_lidar_classes.ply
607,4.34805038229844,1.2278174605632746,0.28238344828742523,low,"[0.9138364533530188, 0.04936355010213492, 0.036799996544846315]",0.9138364533530188,0.04936355010213492,0.036799996544846315,0.945982072758212,0.0137481422386278,0.04026978390887252,linear,0.11317713631245885,0.05727132435182359,0.24425420534343126,0.19264644778732035,highly_curved,0.9545925167189099,0.07819973522106262,high,1,0,0.0,connected,3,tubular,ball_pivoting,valve_0048_lidar_classes.ply
107,4.760913131814021,1.6645805781013487,0.34963473007487306,low,"[0.5202953040670971, 0.4123986996112319, 0.06730599632167097]",0.5202953040670971,0.4123986996112319,0.06730599632167097,0.2073757026155578,0.6632631506160869,0.12936114484636993,complex,0.015934433595543595,0.012106756755102938,0.056935401988057924,0.03251391715401008,smooth,0.9542447783607821,0.07727881215358165,high,1,0,0.0,connected,4,complex,poisson,valve_0048_lidar_classes.ply
1075,3.7942056145695693,1.2586380094877365,0.3317263577711498,medium,"[0.5174655751206472, 0.35645576331744117, 0.12607866156191166]",0.5174655751206472,0.35645576331744117,0.12607866156191166,0.31115076873377673,0.44520275818659877,0.24364647114712887,complex,0.007345735574758784,0.007963174289925448,0.039757941845032674,0.01916020376151494,smooth,0.9940386822466966,0.007087618688087899,high,1,0,0.0,connected,5,complex,poisson,valve_0048_lidar_classes.ply
759,3.4192026610823096,1.0832506905284822,0.31681382988535045,medium,"[0.5590305056556266, 0.3456702256861021, 0.09529926865827121]",0.5590305056556266,0.3456702256861021,0.09529926865827121,0.3816612464424209,0.4478663580019331,0.17047239376683493,complex,0.047992890555638566,0.058510420253919684,0.23775989269871217,0.13939113984783827,slightly_curved,0.9881229675080987,0.019233734047139756,high,1,0,0.0,connected,6,complex,poisson,valve_0048_lidar_classes.ply
433,4.2545083459877375,1.3496333239186757,0.3172242745449632,low,"[0.5951225226383944, 0.31421668020202126, 0.0906607971595844]",0.5951225226383944,0.31421668020202126,0.0906607971595844,0.4720134615625065,0.3756468192057084,0.15233971755145886,complex,0.03424383978335964,0.035214939978567374,0.11100726795394207,0.089999060359722,slightly_curved,0.9928345032154919,0.005850298079393686,high,1,0,0.0,connected,7,complex,poisson,valve_0048_lidar_classes.ply
680,4.4618450232435185,1.6912616556773912,0.3790498429434212,low,"[0.5715078462554533, 0.30242163625850427, 0.12607051748604248]",0.5715078462554533,0.30242163625850427,0.12607051748604248,0.47083554720933257,0.3085716488747287,0.22059280216618152,complex,0.005561636180198811,0.006848838797118792,0.0386729026961605,0.016863557750046,smooth,0.9930612691233545,0.007567658896300327,high,1,0,0.0,connected,8,complex,poisson,valve_0048_lidar_classes.ply
3021,4.090149996619557,1.3372636612802387,0.32694733984291974,low,"[0.42389842341458955, 0.3538282765810763, 0.22227330000433418]",0.42389842341458955,0.3538282765810763,0.22227330000433418,0.16529938022364965,0.31034551911444735,0.5243550983028472,spherical,0.006965086687702967,0.011743472995179612,0.09039928978758056,0.02182397903298171,smooth,0.9957489603233136,0.006460979675598452,high,1,1,0.00033101621979476995,connected,9,spherical,ball_pivoting,valve_0048_lidar_classes.ply
512,4.591369427654333,1.6408387474902093,0.3573745857281444,low,"[0.8465200904311756, 0.13897562606563846, 0.014504283503185871]",0.8465200904311756,0.13897562606563846,0.014504283503185871,0.8358271369192452,0.14703885214586482,0.01713400975358316,planar,0.10169339231667775,0.05528471199145355,0.28590475203688454,0.18281998818130277,highly_curved,0.8731279062564739,0.11292403934795212,high,1,0,0.0,connected,0,planar,poisson,valve_0049_lidar_classes.ply
129,5.300036972091409,1.6366508604981898,0.30879989494555604,low,"[0.6787117096983794, 0.2452839986531447, 0.07600429164847597]",0.6787117096983794,0.2452839986531447,0.07600429164847597,0.6386035546657168,0.24941326978207531,0.11198317407882831,complex,0.08941756762748984,0.048361740548738194,0.2609424257329456,0.1534236784681701,highly_curved,0.8993599151104855,0.11352633059411361,high,1,0,0.0,connected,1,complex,poisson,valve_0049_lidar_classes.ply
80,4.296892321621403,1.2960672859047921,0.30162898871854926,low,"[0.47814214930244137, 0.4163060172588458, 0.1055518334387128]",0.47814214930244137,0.4163060172588458,0.1055518334387128,0.1293258333415744,0.6499200784192949,0.22075408614770237,complex,0.06341163838438214,0.024308108544743596,0.13089418665398167,0.10223885041381649,highly_curved,0.9662210625119305,0.015906178795273774,high,1,0,0.0,connected,2,complex,poisson,valve_0049_lidar_classes.ply
623,4.390225692899369,1.172325662144636,0.2670308416657696,low,"[0.9020992382946356, 0.05413425463082181, 0.04376650707454267]",0.9020992382946356,0.05413425463082181,0.04376650707454267,0.9399907978271325,0.011492912425450925,0.04851628863889114,linear,0.14829218947298908,0.051589081920028174,0.24873441597028345,0.20369960919349156,highly_curved,0.94265181090586,0.06486808115982154,high,1,0,0.0,connected,3,tubular,ball_pivoting,valve_0049_lidar_classes.ply
869,4.356847983978498,1.2596582882088998,0.2891214686745873,low,"[0.4861446414356157, 0.38592103105479086, 0.1279343275095934]",0.4861446414356157,0.38592103105479086,0.1279343275095934,0.2061600635537155,0.5306788988821672,0.2631610355071163,complex,0.006074649009834285,0.007069158530671512,0.03573269764568517,0.01660081749592645,smooth,0.992525028460108,0.0066478455608243074,high,1,0,0.0,connected,5,complex,poisson,valve_0049_lidar_classes.ply
603,4.013260938561149,1.232683617404177,0.3071526212643854,low,"[0.510384318436428, 0.37352091424097916, 0.11609476732259286]",0.510384318436428,0.37352091424097916,0.11609476732259286,0.26815754125552854,0.5043770686423892,0.22746538814277445,complex,0.04510116779832837,0.03789674215583575,0.12615476941598774,0.09945712887508712,slightly_curved,0.9910004454239342,0.030198781458803114,high,1,1,0.001658374792703151,connected,6,complex,poisson,valve_0049_lidar_classes.ply
372,4.533598781295424,1.5769377587299676,0.34783355000186894,low,"[0.5533029644849341, 0.35307073805063194, 0.09362629746443396]",0.5533029644849341,0.35307073805063194,0.09362629746443396,0.3618853303249724,0.46890122911018883,0.16921343875751071,complex,0.022277125274915044,0.025130112318240607,0.09577044173956772,0.06768766259874129,slightly_curved,0.991270554561231,0.008324817246555526,high,1,0,0.0,connected,7,complex,poisson,valve_0049_lidar_classes.ply
635,4.702465155471765,1.7034060435283602,0.3622368240589829,low,"[0.528152834404104, 0.34041992298263396, 0.1314272426132622]",0.528152834404104,0.34041992298263396,0.1314272426132622,0.35545186702979736,0.3957049292549302,0.2488432018218811,complex,0.005001884020640047,0.005072669871496816,0.023351127807075957,0.013399978658039076,smooth,0.9933728747029401,0.005604779833138637,high,1,0,0.0,connected,8,complex,poisson,valve_0049_lidar_classes.ply
2726,4.470170391570608,1.4385226018166268,0.32180486994577234,low,"[0.41397891905213563, 0.33336996474838876, 0.25265111619947556]",0.41397891905213563,0.33336996474838876,0.25265111619947556,0.19471753366957706,0.19498299222276255,0.6102994716920784,spherical,0.006464236822002325,0.009684478608658051,0.08195080141168244,0.020859745882161437,smooth,0.9948840086261037,0.00433827230403182,high,1,0,0.0,connected,9,spherical,ball_pivoting,valve_0049_lidar_classes.ply
474,4.610972717182981,1.7329119086934364,0.3758235007246616,low,"[0.8307704987607468, 0.15293731589975942, 0.01629218533949369]",0.8307704987607468,0.15293731589975942,0.01629218533949369,0.8159090664102736,0.16447999850695,0.019610933879074508,planar,0.08571032616403859,0.056771487823002405,0.28663745871919205,0.16225273181047817,highly_curved,0.8818735218846552,0.13162833724266834,high,1,0,0.0,connected,0,planar,poisson,valve_0050_lidar_classes.ply
141,5.154294459107482,1.6117657435297406,0.3127034662075031,low,"[0.654790720028219, 0.2601176114235817, 0.08509166854819927]",0.654790720028219,0.2601176114235817,0.08509166854819927,0.6027469478872295,0.2673005851404536,0.1299524654451115,complex,0.08474528692751483,0.043076934162742914,0.20136977940585954,0.14781564098057745,highly_curved,0.9114423003683622,0.10754392009011148,high,1,0,0.0,connected,1,complex,poisson,valve_0050_lidar_classes.ply
81,4.305836777838132,1.2292317136488207,0.28548033211340423,low,"[0.45913058414947583, 0.40870051696580384, 0.13216889888472044]",0.45913058414947583,0.40870051696580384,0.13216889888472044,0.1098381785374935,0.6022940466731376,0.2878677726113392,complex,0.06383085743943727,0.02077067950896538,0.12939434670087077,0.0882427184329668,highly_curved,0.9604183502340071,0.019649814160873726,high,1,0,0.0,connected,2,complex,poisson,valve_0050_lidar_classes.ply
630,4.3318808412926835,1.1318299839004518,0.2612791129548756,low,"[0.9025308965897273, 0.054760690276929015, 0.04270841313334367]",0.9025308965897273,0.054760690276929015,0.04270841313334367,0.9393254109934948,0.013353866527751909,0.04732072137075807,linear,0.14497534429719633,0.05526907630471009,0.2669973314268595,0.2084210323005215,highly_curved,0.932889433226522,0.09132581381149243,high,1,0,0.0,connected,3,tubular,ball_pivoting,valve_0050_lidar_classes.ply
910,4.2768095988492965,1.1746593466593,0.2746578539995542,low,"[0.47473757570080827, 0.3843186352038932, 0.14094378909529848]",0.47473757570080827,0.3843186352038932,0.14094378909529848,0.19046088815063272,0.5126513215994607,0.2968877881434796,complex,0.0075814117432501296,0.009037881839237871,0.04512775293738259,0.023331659573439977,smooth,0.9929718752703373,0.005815115211086269,high,1,0,0.0,connected,5,complex,poisson,valve_0050_lidar_classes.ply
663,3.865186257489086,0.9512061837989311,0.24609582053382356,medium,"[0.47875825554161766, 0.42500382922566066, 0.09623791523272167]",0.47875825554161766,0.42500382922566066,0.09623791523272167,0.11227884967302745,0.6867054708733986,0.20101567736483697,complex,0.04425599700636765,0.035946939119596434,0.12294319467447344,0.09306230669362635,slightly_curved,0.9929166884976727,0.005411923249585083,high,1,0,0.0,connected,6,complex,poisson,valve_0050_lidar_classes.ply
408,4.423529917917932,1.5298150839049767,0.345835817084107,low,"[0.5159521673563124, 0.3670452784439094, 0.11700255419977823]",0.5159521673563124,0.3670452784439094,0.11700255419977823,0.28860599498356826,0.4846238461225996,0.22677015695566805,complex,0.01981232972291259,0.022636285593847276,0.10438185738787491,0.05986204204184376,smooth,0.990544376184738,0.009941611281538613,high,1,0,0.0,connected,7,complex,poisson,valve_0050_lidar_classes.ply
682,4.601589219136625,1.6112111934731215,0.35014233483128754,low,"[0.49154832415536664, 0.35607981265366284, 0.1523718631909705]",0.49154832415536664,0.35607981265366284,0.1523718631909705,0.2755955102865734,0.41442100204146787,0.30998348563757067,complex,0.008577740707390124,0.008366558806975425,0.042646896168883064,0.020848798572158107,smooth,0.9924599126942978,0.007128374273715705,high,1,0,0.0,connected,8,complex,poisson,valve_0050_lidar_classes.ply
2654,4.463722391739219,1.4492714077180744,0.32467776447645774,low,"[0.4136551593767794, 0.3252539857323249, 0.26109085489089573]",0.4136551593767794,0.3252539857323249,0.26109085489089573,0.21370741166128313,0.1551126082483437,0.6311799776729006,spherical,0.007682629630464924,0.012445087528392138,0.10598859574291906,0.022551048729211043,smooth,0.9929385579928913,0.007789196189400254,high,1,0,0.0,connected,9,spherical,ball_pivoting,valve_0050_lidar_classes.ply
