label,n_points,file
0,361,valve_0001_lidar_classes.ply
1,143,valve_0001_lidar_classes.ply
2,76,valve_0001_lidar_classes.ply
3,558,valve_0001_lidar_classes.ply
4,48,valve_0001_lidar_classes.ply
5,928,valve_0001_lidar_classes.ply
6,621,valve_0001_lidar_classes.ply
7,410,valve_0001_lidar_classes.ply
8,649,valve_0001_lidar_classes.ply
9,2963,valve_0001_lidar_classes.ply
0,799,valve_0002_lidar_classes.ply
1,146,valve_0002_lidar_classes.ply
2,59,valve_0002_lidar_classes.ply
3,457,valve_0002_lidar_classes.ply
4,50,valve_0002_lidar_classes.ply
5,955,valve_0002_lidar_classes.ply
6,342,valve_0002_lidar_classes.ply
7,497,valve_0002_lidar_classes.ply
8,852,valve_0002_lidar_classes.ply
9,2865,valve_0002_lidar_classes.ply
0,664,valve_0003_lidar_classes.ply
1,204,valve_0003_lidar_classes.ply
2,100,valve_0003_lidar_classes.ply
3,738,valve_0003_lidar_classes.ply
4,112,valve_0003_lidar_classes.ply
5,1144,valve_0003_lidar_classes.ply
6,927,valve_0003_lidar_classes.ply
7,465,valve_0003_lidar_classes.ply
8,682,valve_0003_lidar_classes.ply
9,2614,valve_0003_lidar_classes.ply
0,611,valve_0004_lidar_classes.ply
1,173,valve_0004_lidar_classes.ply
2,81,valve_0004_lidar_classes.ply
3,654,valve_0004_lidar_classes.ply
4,99,valve_0004_lidar_classes.ply
5,919,valve_0004_lidar_classes.ply
6,889,valve_0004_lidar_classes.ply
7,414,valve_0004_lidar_classes.ply
8,653,valve_0004_lidar_classes.ply
9,2633,valve_0004_lidar_classes.ply
0,718,valve_0005_lidar_classes.ply
1,152,valve_0005_lidar_classes.ply
2,77,valve_0005_lidar_classes.ply
3,666,valve_0005_lidar_classes.ply
4,90,valve_0005_lidar_classes.ply
5,869,valve_0005_lidar_classes.ply
6,684,valve_0005_lidar_classes.ply
7,414,valve_0005_lidar_classes.ply
8,625,valve_0005_lidar_classes.ply
9,2733,valve_0005_lidar_classes.ply
0,862,valve_0006_lidar_classes.ply
1,134,valve_0006_lidar_classes.ply
2,65,valve_0006_lidar_classes.ply
3,463,valve_0006_lidar_classes.ply
4,64,valve_0006_lidar_classes.ply
5,894,valve_0006_lidar_classes.ply
6,373,valve_0006_lidar_classes.ply
7,506,valve_0006_lidar_classes.ply
8,787,valve_0006_lidar_classes.ply
9,3108,valve_0006_lidar_classes.ply
0,590,valve_0007_lidar_classes.ply
1,170,valve_0007_lidar_classes.ply
2,80,valve_0007_lidar_classes.ply
3,647,valve_0007_lidar_classes.ply
4,61,valve_0007_lidar_classes.ply
5,950,valve_0007_lidar_classes.ply
6,700,valve_0007_lidar_classes.ply
7,403,valve_0007_lidar_classes.ply
8,640,valve_0007_lidar_classes.ply
9,2816,valve_0007_lidar_classes.ply
0,932,valve_0008_lidar_classes.ply
1,161,valve_0008_lidar_classes.ply
2,84,valve_0008_lidar_classes.ply
3,526,valve_0008_lidar_classes.ply
4,59,valve_0008_lidar_classes.ply
5,1060,valve_0008_lidar_classes.ply
6,418,valve_0008_lidar_classes.ply
7,468,valve_0008_lidar_classes.ply
8,757,valve_0008_lidar_classes.ply
9,2843,valve_0008_lidar_classes.ply
0,661,valve_0009_lidar_classes.ply
1,190,valve_0009_lidar_classes.ply
2,101,valve_0009_lidar_classes.ply
3,765,valve_0009_lidar_classes.ply
4,122,valve_0009_lidar_classes.ply
5,1150,valve_0009_lidar_classes.ply
6,934,valve_0009_lidar_classes.ply
7,465,valve_0009_lidar_classes.ply
8,803,valve_0009_lidar_classes.ply
9,2806,valve_0009_lidar_classes.ply
0,597,valve_0010_lidar_classes.ply
1,171,valve_0010_lidar_classes.ply
2,72,valve_0010_lidar_classes.ply
3,651,valve_0010_lidar_classes.ply
4,95,valve_0010_lidar_classes.ply
5,1056,valve_0010_lidar_classes.ply
6,549,valve_0010_lidar_classes.ply
7,410,valve_0010_lidar_classes.ply
8,676,valve_0010_lidar_classes.ply
9,3116,valve_0010_lidar_classes.ply
0,607,valve_0011_lidar_classes.ply
1,165,valve_0011_lidar_classes.ply
2,69,valve_0011_lidar_classes.ply
3,649,valve_0011_lidar_classes.ply
4,81,valve_0011_lidar_classes.ply
5,1034,valve_0011_lidar_classes.ply
6,474,valve_0011_lidar_classes.ply
7,397,valve_0011_lidar_classes.ply
8,665,valve_0011_lidar_classes.ply
9,3072,valve_0011_lidar_classes.ply
0,716,valve_0012_lidar_classes.ply
1,151,valve_0012_lidar_classes.ply
2,64,valve_0012_lidar_classes.ply
3,445,valve_0012_lidar_classes.ply
4,67,valve_0012_lidar_classes.ply
5,862,valve_0012_lidar_classes.ply
6,304,valve_0012_lidar_classes.ply
7,260,valve_0012_lidar_classes.ply
8,705,valve_0012_lidar_classes.ply
9,2825,valve_0012_lidar_classes.ply
0,707,valve_0013_lidar_classes.ply
1,153,valve_0013_lidar_classes.ply
2,79,valve_0013_lidar_classes.ply
3,656,valve_0013_lidar_classes.ply
4,82,valve_0013_lidar_classes.ply
5,896,valve_0013_lidar_classes.ply
6,695,valve_0013_lidar_classes.ply
7,369,valve_0013_lidar_classes.ply
8,798,valve_0013_lidar_classes.ply
9,2554,valve_0013_lidar_classes.ply
0,742,valve_0014_lidar_classes.ply
1,179,valve_0014_lidar_classes.ply
2,75,valve_0014_lidar_classes.ply
3,649,valve_0014_lidar_classes.ply
4,84,valve_0014_lidar_classes.ply
5,953,valve_0014_lidar_classes.ply
6,825,valve_0014_lidar_classes.ply
7,423,valve_0014_lidar_classes.ply
8,703,valve_0014_lidar_classes.ply
9,2385,valve_0014_lidar_classes.ply
0,832,valve_0015_lidar_classes.ply
1,194,valve_0015_lidar_classes.ply
2,77,valve_0015_lidar_classes.ply
3,697,valve_0015_lidar_classes.ply
4,88,valve_0015_lidar_classes.ply
5,1008,valve_0015_lidar_classes.ply
6,811,valve_0015_lidar_classes.ply
7,456,valve_0015_lidar_classes.ply
8,761,valve_0015_lidar_classes.ply
9,2581,valve_0015_lidar_classes.ply
0,557,valve_0016_lidar_classes.ply
1,146,valve_0016_lidar_classes.ply
2,76,valve_0016_lidar_classes.ply
3,645,valve_0016_lidar_classes.ply
4,80,valve_0016_lidar_classes.ply
5,876,valve_0016_lidar_classes.ply
6,693,valve_0016_lidar_classes.ply
7,440,valve_0016_lidar_classes.ply
8,731,valve_0016_lidar_classes.ply
9,2580,valve_0016_lidar_classes.ply
0,728,valve_0017_lidar_classes.ply
1,233,valve_0017_lidar_classes.ply
2,90,valve_0017_lidar_classes.ply
3,775,valve_0017_lidar_classes.ply
4,96,valve_0017_lidar_classes.ply
5,1065,valve_0017_lidar_classes.ply
6,873,valve_0017_lidar_classes.ply
7,480,valve_0017_lidar_classes.ply
8,675,valve_0017_lidar_classes.ply
9,3031,valve_0017_lidar_classes.ply
0,409,valve_0018_lidar_classes.ply
1,151,valve_0018_lidar_classes.ply
2,75,valve_0018_lidar_classes.ply
3,538,valve_0018_lidar_classes.ply
4,69,valve_0018_lidar_classes.ply
5,988,valve_0018_lidar_classes.ply
6,572,valve_0018_lidar_classes.ply
7,376,valve_0018_lidar_classes.ply
8,653,valve_0018_lidar_classes.ply
9,2597,valve_0018_lidar_classes.ply
0,731,valve_0019_lidar_classes.ply
1,225,valve_0019_lidar_classes.ply
2,92,valve_0019_lidar_classes.ply
3,826,valve_0019_lidar_classes.ply
4,76,valve_0019_lidar_classes.ply
5,1154,valve_0019_lidar_classes.ply
6,983,valve_0019_lidar_classes.ply
7,533,valve_0019_lidar_classes.ply
8,687,valve_0019_lidar_classes.ply
9,3343,valve_0019_lidar_classes.ply
0,684,valve_0020_lidar_classes.ply
1,162,valve_0020_lidar_classes.ply
2,85,valve_0020_lidar_classes.ply
3,634,valve_0020_lidar_classes.ply
4,81,valve_0020_lidar_classes.ply
5,992,valve_0020_lidar_classes.ply
6,631,valve_0020_lidar_classes.ply
7,402,valve_0020_lidar_classes.ply
8,601,valve_0020_lidar_classes.ply
9,2671,valve_0020_lidar_classes.ply
0,744,valve_0021_lidar_classes.ply
1,185,valve_0021_lidar_classes.ply
2,98,valve_0021_lidar_classes.ply
3,716,valve_0021_lidar_classes.ply
4,99,valve_0021_lidar_classes.ply
5,1077,valve_0021_lidar_classes.ply
6,447,valve_0021_lidar_classes.ply
7,409,valve_0021_lidar_classes.ply
8,722,valve_0021_lidar_classes.ply
9,3370,valve_0021_lidar_classes.ply
0,589,valve_0022_lidar_classes.ply
1,174,valve_0022_lidar_classes.ply
2,82,valve_0022_lidar_classes.ply
3,593,valve_0022_lidar_classes.ply
4,78,valve_0022_lidar_classes.ply
5,916,valve_0022_lidar_classes.ply
6,817,valve_0022_lidar_classes.ply
7,463,valve_0022_lidar_classes.ply
8,629,valve_0022_lidar_classes.ply
9,3200,valve_0022_lidar_classes.ply
0,740,valve_0023_lidar_classes.ply
1,193,valve_0023_lidar_classes.ply
2,96,valve_0023_lidar_classes.ply
3,818,valve_0023_lidar_classes.ply
4,84,valve_0023_lidar_classes.ply
5,1119,valve_0023_lidar_classes.ply
6,970,valve_0023_lidar_classes.ply
7,488,valve_0023_lidar_classes.ply
8,753,valve_0023_lidar_classes.ply
9,3401,valve_0023_lidar_classes.ply
0,753,valve_0024_lidar_classes.ply
1,156,valve_0024_lidar_classes.ply
2,58,valve_0024_lidar_classes.ply
3,439,valve_0024_lidar_classes.ply
4,39,valve_0024_lidar_classes.ply
5,960,valve_0024_lidar_classes.ply
6,358,valve_0024_lidar_classes.ply
7,456,valve_0024_lidar_classes.ply
8,692,valve_0024_lidar_classes.ply
9,2994,valve_0024_lidar_classes.ply
0,664,valve_0025_lidar_classes.ply
1,209,valve_0025_lidar_classes.ply
2,101,valve_0025_lidar_classes.ply
3,736,valve_0025_lidar_classes.ply
4,91,valve_0025_lidar_classes.ply
5,1219,valve_0025_lidar_classes.ply
6,490,valve_0025_lidar_classes.ply
7,441,valve_0025_lidar_classes.ply
8,846,valve_0025_lidar_classes.ply
9,3074,valve_0025_lidar_classes.ply
0,644,valve_0026_lidar_classes.ply
1,216,valve_0026_lidar_classes.ply
2,88,valve_0026_lidar_classes.ply
3,709,valve_0026_lidar_classes.ply
4,104,valve_0026_lidar_classes.ply
5,1066,valve_0026_lidar_classes.ply
6,439,valve_0026_lidar_classes.ply
7,391,valve_0026_lidar_classes.ply
8,750,valve_0026_lidar_classes.ply
9,3089,valve_0026_lidar_classes.ply
0,770,valve_0027_lidar_classes.ply
1,149,valve_0027_lidar_classes.ply
2,74,valve_0027_lidar_classes.ply
3,660,valve_0027_lidar_classes.ply
4,58,valve_0027_lidar_classes.ply
5,930,valve_0027_lidar_classes.ply
6,778,valve_0027_lidar_classes.ply
7,393,valve_0027_lidar_classes.ply
8,646,valve_0027_lidar_classes.ply
9,2938,valve_0027_lidar_classes.ply
0,867,valve_0028_lidar_classes.ply
1,219,valve_0028_lidar_classes.ply
2,86,valve_0028_lidar_classes.ply
3,792,valve_0028_lidar_classes.ply
4,110,valve_0028_lidar_classes.ply
5,1235,valve_0028_lidar_classes.ply
6,938,valve_0028_lidar_classes.ply
7,448,valve_0028_lidar_classes.ply
8,731,valve_0028_lidar_classes.ply
9,2832,valve_0028_lidar_classes.ply
0,923,valve_0029_lidar_classes.ply
1,208,valve_0029_lidar_classes.ply
2,63,valve_0029_lidar_classes.ply
3,703,valve_0029_lidar_classes.ply
4,61,valve_0029_lidar_classes.ply
5,995,valve_0029_lidar_classes.ply
6,919,valve_0029_lidar_classes.ply
7,455,valve_0029_lidar_classes.ply
8,690,valve_0029_lidar_classes.ply
9,2696,valve_0029_lidar_classes.ply
0,584,valve_0030_lidar_classes.ply
1,180,valve_0030_lidar_classes.ply
2,84,valve_0030_lidar_classes.ply
3,613,valve_0030_lidar_classes.ply
4,96,valve_0030_lidar_classes.ply
5,962,valve_0030_lidar_classes.ply
6,823,valve_0030_lidar_classes.ply
7,404,valve_0030_lidar_classes.ply
8,658,valve_0030_lidar_classes.ply
9,3018,valve_0030_lidar_classes.ply
0,642,valve_0031_lidar_classes.ply
1,176,valve_0031_lidar_classes.ply
2,98,valve_0031_lidar_classes.ply
3,682,valve_0031_lidar_classes.ply
4,99,valve_0031_lidar_classes.ply
5,1157,valve_0031_lidar_classes.ply
6,810,valve_0031_lidar_classes.ply
7,432,valve_0031_lidar_classes.ply
8,645,valve_0031_lidar_classes.ply
9,2590,valve_0031_lidar_classes.ply
0,641,valve_0032_lidar_classes.ply
1,174,valve_0032_lidar_classes.ply
2,89,valve_0032_lidar_classes.ply
3,675,valve_0032_lidar_classes.ply
4,82,valve_0032_lidar_classes.ply
5,963,valve_0032_lidar_classes.ply
6,882,valve_0032_lidar_classes.ply
7,415,valve_0032_lidar_classes.ply
8,687,valve_0032_lidar_classes.ply
9,2739,valve_0032_lidar_classes.ply
0,907,valve_0033_lidar_classes.ply
1,189,valve_0033_lidar_classes.ply
2,75,valve_0033_lidar_classes.ply
3,691,valve_0033_lidar_classes.ply
4,107,valve_0033_lidar_classes.ply
5,1262,valve_0033_lidar_classes.ply
6,960,valve_0033_lidar_classes.ply
7,458,valve_0033_lidar_classes.ply
8,886,valve_0033_lidar_classes.ply
9,2245,valve_0033_lidar_classes.ply
0,852,valve_0034_lidar_classes.ply
1,232,valve_0034_lidar_classes.ply
2,82,valve_0034_lidar_classes.ply
3,776,valve_0034_lidar_classes.ply
4,123,valve_0034_lidar_classes.ply
5,1180,valve_0034_lidar_classes.ply
6,1083,valve_0034_lidar_classes.ply
7,470,valve_0034_lidar_classes.ply
8,705,valve_0034_lidar_classes.ply
9,2929,valve_0034_lidar_classes.ply
0,413,valve_0035_lidar_classes.ply
1,149,valve_0035_lidar_classes.ply
2,73,valve_0035_lidar_classes.ply
3,553,valve_0035_lidar_classes.ply
4,85,valve_0035_lidar_classes.ply
5,865,valve_0035_lidar_classes.ply
6,652,valve_0035_lidar_classes.ply
7,398,valve_0035_lidar_classes.ply
8,710,valve_0035_lidar_classes.ply
9,2600,valve_0035_lidar_classes.ply
0,637,valve_0036_lidar_classes.ply
1,172,valve_0036_lidar_classes.ply
2,75,valve_0036_lidar_classes.ply
3,735,valve_0036_lidar_classes.ply
4,99,valve_0036_lidar_classes.ply
5,1208,valve_0036_lidar_classes.ply
6,441,valve_0036_lidar_classes.ply
7,403,valve_0036_lidar_classes.ply
8,805,valve_0036_lidar_classes.ply
9,2924,valve_0036_lidar_classes.ply
0,690,valve_0037_lidar_classes.ply
1,157,valve_0037_lidar_classes.ply
2,61,valve_0037_lidar_classes.ply
3,439,valve_0037_lidar_classes.ply
4,59,valve_0037_lidar_classes.ply
5,857,valve_0037_lidar_classes.ply
6,314,valve_0037_lidar_classes.ply
7,319,valve_0037_lidar_classes.ply
8,549,valve_0037_lidar_classes.ply
9,3009,valve_0037_lidar_classes.ply
0,636,valve_0038_lidar_classes.ply
1,204,valve_0038_lidar_classes.ply
2,99,valve_0038_lidar_classes.ply
3,781,valve_0038_lidar_classes.ply
4,98,valve_0038_lidar_classes.ply
5,1224,valve_0038_lidar_classes.ply
6,527,valve_0038_lidar_classes.ply
7,446,valve_0038_lidar_classes.ply
8,855,valve_0038_lidar_classes.ply
9,3261,valve_0038_lidar_classes.ply
0,834,valve_0039_lidar_classes.ply
1,158,valve_0039_lidar_classes.ply
2,77,valve_0039_lidar_classes.ply
3,520,valve_0039_lidar_classes.ply
4,56,valve_0039_lidar_classes.ply
5,758,valve_0039_lidar_classes.ply
6,298,valve_0039_lidar_classes.ply
7,480,valve_0039_lidar_classes.ply
8,610,valve_0039_lidar_classes.ply
9,3377,valve_0039_lidar_classes.ply
0,746,valve_0040_lidar_classes.ply
1,153,valve_0040_lidar_classes.ply
2,77,valve_0040_lidar_classes.ply
3,657,valve_0040_lidar_classes.ply
4,86,valve_0040_lidar_classes.ply
5,1041,valve_0040_lidar_classes.ply
6,657,valve_0040_lidar_classes.ply
7,401,valve_0040_lidar_classes.ply
8,697,valve_0040_lidar_classes.ply
9,2667,valve_0040_lidar_classes.ply
0,858,valve_0041_lidar_classes.ply
1,127,valve_0041_lidar_classes.ply
2,71,valve_0041_lidar_classes.ply
3,466,valve_0041_lidar_classes.ply
4,67,valve_0041_lidar_classes.ply
5,999,valve_0041_lidar_classes.ply
6,338,valve_0041_lidar_classes.ply
7,516,valve_0041_lidar_classes.ply
8,851,valve_0041_lidar_classes.ply
9,3144,valve_0041_lidar_classes.ply
0,571,valve_0042_lidar_classes.ply
1,147,valve_0042_lidar_classes.ply
2,75,valve_0042_lidar_classes.ply
3,612,valve_0042_lidar_classes.ply
4,112,valve_0042_lidar_classes.ply
5,1168,valve_0042_lidar_classes.ply
6,835,valve_0042_lidar_classes.ply
7,449,valve_0042_lidar_classes.ply
8,750,valve_0042_lidar_classes.ply
9,2602,valve_0042_lidar_classes.ply
0,679,valve_0043_lidar_classes.ply
1,185,valve_0043_lidar_classes.ply
2,96,valve_0043_lidar_classes.ply
3,773,valve_0043_lidar_classes.ply
4,105,valve_0043_lidar_classes.ply
5,1307,valve_0043_lidar_classes.ply
6,460,valve_0043_lidar_classes.ply
7,448,valve_0043_lidar_classes.ply
8,913,valve_0043_lidar_classes.ply
9,3247,valve_0043_lidar_classes.ply
0,646,valve_0044_lidar_classes.ply
1,217,valve_0044_lidar_classes.ply
2,72,valve_0044_lidar_classes.ply
3,731,valve_0044_lidar_classes.ply
4,103,valve_0044_lidar_classes.ply
5,1163,valve_0044_lidar_classes.ply
6,471,valve_0044_lidar_classes.ply
7,377,valve_0044_lidar_classes.ply
8,808,valve_0044_lidar_classes.ply
9,2900,valve_0044_lidar_classes.ply
0,516,valve_0045_lidar_classes.ply
1,131,valve_0045_lidar_classes.ply
2,81,valve_0045_lidar_classes.ply
3,614,valve_0045_lidar_classes.ply
4,52,valve_0045_lidar_classes.ply
5,932,valve_0045_lidar_classes.ply
6,694,valve_0045_lidar_classes.ply
7,410,valve_0045_lidar_classes.ply
8,639,valve_0045_lidar_classes.ply
9,2782,valve_0045_lidar_classes.ply
0,641,valve_0046_lidar_classes.ply
1,205,valve_0046_lidar_classes.ply
2,89,valve_0046_lidar_classes.ply
3,762,valve_0046_lidar_classes.ply
4,116,valve_0046_lidar_classes.ply
5,1065,valve_0046_lidar_classes.ply
6,952,valve_0046_lidar_classes.ply
7,456,valve_0046_lidar_classes.ply
8,745,valve_0046_lidar_classes.ply
9,2760,valve_0046_lidar_classes.ply
0,701,valve_0047_lidar_classes.ply
1,170,valve_0047_lidar_classes.ply
2,76,valve_0047_lidar_classes.ply
3,542,valve_0047_lidar_classes.ply
4,96,valve_0047_lidar_classes.ply
5,1090,valve_0047_lidar_classes.ply
6,250,valve_0047_lidar_classes.ply
7,458,valve_0047_lidar_classes.ply
8,847,valve_0047_lidar_classes.ply
9,2813,valve_0047_lidar_classes.ply
0,583,valve_0048_lidar_classes.ply
1,171,valve_0048_lidar_classes.ply
2,85,valve_0048_lidar_classes.ply
3,607,valve_0048_lidar_classes.ply
4,107,valve_0048_lidar_classes.ply
5,1075,valve_0048_lidar_classes.ply
6,759,valve_0048_lidar_classes.ply
7,433,valve_0048_lidar_classes.ply
8,680,valve_0048_lidar_classes.ply
9,3021,valve_0048_lidar_classes.ply
0,512,valve_0049_lidar_classes.ply
1,129,valve_0049_lidar_classes.ply
2,80,valve_0049_lidar_classes.ply
3,623,valve_0049_lidar_classes.ply
4,61,valve_0049_lidar_classes.ply
5,869,valve_0049_lidar_classes.ply
6,603,valve_0049_lidar_classes.ply
7,372,valve_0049_lidar_classes.ply
8,635,valve_0049_lidar_classes.ply
9,2726,valve_0049_lidar_classes.ply
0,474,valve_0050_lidar_classes.ply
1,141,valve_0050_lidar_classes.ply
2,81,valve_0050_lidar_classes.ply
3,630,valve_0050_lidar_classes.ply
4,62,valve_0050_lidar_classes.ply
5,910,valve_0050_lidar_classes.ply
6,663,valve_0050_lidar_classes.ply
7,408,valve_0050_lidar_classes.ply
8,682,valve_0050_lidar_classes.ply
9,2654,valve_0050_lidar_classes.ply
0,818,valve_0051_lidar_classes.ply
1,201,valve_0051_lidar_classes.ply
2,73,valve_0051_lidar_classes.ply
3,677,valve_0051_lidar_classes.ply
4,92,valve_0051_lidar_classes.ply
5,914,valve_0051_lidar_classes.ply
6,738,valve_0051_lidar_classes.ply
7,439,valve_0051_lidar_classes.ply
8,669,valve_0051_lidar_classes.ply
9,2438,valve_0051_lidar_classes.ply
0,758,valve_0052_lidar_classes.ply
1,163,valve_0052_lidar_classes.ply
2,79,valve_0052_lidar_classes.ply
3,538,valve_0052_lidar_classes.ply
4,89,valve_0052_lidar_classes.ply
5,929,valve_0052_lidar_classes.ply
6,311,valve_0052_lidar_classes.ply
7,481,valve_0052_lidar_classes.ply
8,777,valve_0052_lidar_classes.ply
9,2805,valve_0052_lidar_classes.ply
0,909,valve_0053_lidar_classes.ply
1,198,valve_0053_lidar_classes.ply
2,74,valve_0053_lidar_classes.ply
3,773,valve_0053_lidar_classes.ply
4,101,valve_0053_lidar_classes.ply
5,1104,valve_0053_lidar_classes.ply
6,928,valve_0053_lidar_classes.ply
7,475,valve_0053_lidar_classes.ply
8,643,valve_0053_lidar_classes.ply
9,2856,valve_0053_lidar_classes.ply
0,730,valve_0054_lidar_classes.ply
1,149,valve_0054_lidar_classes.ply
2,77,valve_0054_lidar_classes.ply
3,545,valve_0054_lidar_classes.ply
4,71,valve_0054_lidar_classes.ply
5,920,valve_0054_lidar_classes.ply
6,442,valve_0054_lidar_classes.ply
7,478,valve_0054_lidar_classes.ply
8,731,valve_0054_lidar_classes.ply
9,3045,valve_0054_lidar_classes.ply
0,753,valve_0055_lidar_classes.ply
1,177,valve_0055_lidar_classes.ply
2,78,valve_0055_lidar_classes.ply
3,552,valve_0055_lidar_classes.ply
4,76,valve_0055_lidar_classes.ply
5,1080,valve_0055_lidar_classes.ply
6,320,valve_0055_lidar_classes.ply
7,486,valve_0055_lidar_classes.ply
8,819,valve_0055_lidar_classes.ply
9,2684,valve_0055_lidar_classes.ply
0,666,valve_0056_lidar_classes.ply
1,200,valve_0056_lidar_classes.ply
2,100,valve_0056_lidar_classes.ply
3,780,valve_0056_lidar_classes.ply
4,102,valve_0056_lidar_classes.ply
5,1295,valve_0056_lidar_classes.ply
6,472,valve_0056_lidar_classes.ply
7,471,valve_0056_lidar_classes.ply
8,882,valve_0056_lidar_classes.ply
9,3186,valve_0056_lidar_classes.ply
0,733,valve_0057_lidar_classes.ply
1,152,valve_0057_lidar_classes.ply
2,63,valve_0057_lidar_classes.ply
3,439,valve_0057_lidar_classes.ply
4,76,valve_0057_lidar_classes.ply
5,857,valve_0057_lidar_classes.ply
6,274,valve_0057_lidar_classes.ply
7,351,valve_0057_lidar_classes.ply
8,643,valve_0057_lidar_classes.ply
9,3002,valve_0057_lidar_classes.ply
0,741,valve_0058_lidar_classes.ply
1,140,valve_0058_lidar_classes.ply
2,61,valve_0058_lidar_classes.ply
3,450,valve_0058_lidar_classes.ply
4,60,valve_0058_lidar_classes.ply
5,880,valve_0058_lidar_classes.ply
6,307,valve_0058_lidar_classes.ply
7,312,valve_0058_lidar_classes.ply
8,700,valve_0058_lidar_classes.ply
9,2718,valve_0058_lidar_classes.ply
0,603,valve_0059_lidar_classes.ply
1,172,valve_0059_lidar_classes.ply
2,88,valve_0059_lidar_classes.ply
3,552,valve_0059_lidar_classes.ply
4,88,valve_0059_lidar_classes.ply
5,1028,valve_0059_lidar_classes.ply
6,655,valve_0059_lidar_classes.ply
7,484,valve_0059_lidar_classes.ply
8,810,valve_0059_lidar_classes.ply
9,2750,valve_0059_lidar_classes.ply
0,814,valve_0060_lidar_classes.ply
1,151,valve_0060_lidar_classes.ply
2,66,valve_0060_lidar_classes.ply
3,491,valve_0060_lidar_classes.ply
4,84,valve_0060_lidar_classes.ply
5,855,valve_0060_lidar_classes.ply
6,295,valve_0060_lidar_classes.ply
7,471,valve_0060_lidar_classes.ply
8,770,valve_0060_lidar_classes.ply
9,2793,valve_0060_lidar_classes.ply
0,798,valve_0061_lidar_classes.ply
1,169,valve_0061_lidar_classes.ply
2,92,valve_0061_lidar_classes.ply
3,665,valve_0061_lidar_classes.ply
4,83,valve_0061_lidar_classes.ply
5,1018,valve_0061_lidar_classes.ply
6,421,valve_0061_lidar_classes.ply
7,411,valve_0061_lidar_classes.ply
8,678,valve_0061_lidar_classes.ply
9,3297,valve_0061_lidar_classes.ply
0,698,valve_0062_lidar_classes.ply
1,147,valve_0062_lidar_classes.ply
2,61,valve_0062_lidar_classes.ply
3,465,valve_0062_lidar_classes.ply
4,52,valve_0062_lidar_classes.ply
5,856,valve_0062_lidar_classes.ply
6,316,valve_0062_lidar_classes.ply
7,351,valve_0062_lidar_classes.ply
8,682,valve_0062_lidar_classes.ply
9,2983,valve_0062_lidar_classes.ply
0,792,valve_0063_lidar_classes.ply
1,187,valve_0063_lidar_classes.ply
2,97,valve_0063_lidar_classes.ply
3,655,valve_0063_lidar_classes.ply
4,82,valve_0063_lidar_classes.ply
5,1020,valve_0063_lidar_classes.ply
6,423,valve_0063_lidar_classes.ply
7,397,valve_0063_lidar_classes.ply
8,736,valve_0063_lidar_classes.ply
9,3382,valve_0063_lidar_classes.ply
0,606,valve_0064_lidar_classes.ply
1,179,valve_0064_lidar_classes.ply
2,80,valve_0064_lidar_classes.ply
3,579,valve_0064_lidar_classes.ply
4,77,valve_0064_lidar_classes.ply
5,970,valve_0064_lidar_classes.ply
6,778,valve_0064_lidar_classes.ply
7,424,valve_0064_lidar_classes.ply
8,631,valve_0064_lidar_classes.ply
9,3072,valve_0064_lidar_classes.ply
0,522,valve_0065_lidar_classes.ply
1,135,valve_0065_lidar_classes.ply
2,75,valve_0065_lidar_classes.ply
3,597,valve_0065_lidar_classes.ply
4,68,valve_0065_lidar_classes.ply
5,876,valve_0065_lidar_classes.ply
6,598,valve_0065_lidar_classes.ply
7,362,valve_0065_lidar_classes.ply
8,614,valve_0065_lidar_classes.ply
9,2648,valve_0065_lidar_classes.ply
0,646,valve_0066_lidar_classes.ply
1,229,valve_0066_lidar_classes.ply
2,105,valve_0066_lidar_classes.ply
3,752,valve_0066_lidar_classes.ply
4,102,valve_0066_lidar_classes.ply
5,1068,valve_0066_lidar_classes.ply
6,498,valve_0066_lidar_classes.ply
7,495,valve_0066_lidar_classes.ply
8,665,valve_0066_lidar_classes.ply
9,3709,valve_0066_lidar_classes.ply
0,836,valve_0067_lidar_classes.ply
1,181,valve_0067_lidar_classes.ply
2,90,valve_0067_lidar_classes.ply
3,641,valve_0067_lidar_classes.ply
4,68,valve_0067_lidar_classes.ply
5,1131,valve_0067_lidar_classes.ply
6,419,valve_0067_lidar_classes.ply
7,439,valve_0067_lidar_classes.ply
8,776,valve_0067_lidar_classes.ply
9,2819,valve_0067_lidar_classes.ply
0,917,valve_0068_lidar_classes.ply
1,134,valve_0068_lidar_classes.ply
2,91,valve_0068_lidar_classes.ply
3,570,valve_0068_lidar_classes.ply
4,66,valve_0068_lidar_classes.ply
5,1131,valve_0068_lidar_classes.ply
6,429,valve_0068_lidar_classes.ply
7,455,valve_0068_lidar_classes.ply
8,687,valve_0068_lidar_classes.ply
9,3199,valve_0068_lidar_classes.ply
0,662,valve_0069_lidar_classes.ply
1,156,valve_0069_lidar_classes.ply
2,68,valve_0069_lidar_classes.ply
3,582,valve_0069_lidar_classes.ply
4,93,valve_0069_lidar_classes.ply
5,928,valve_0069_lidar_classes.ply
6,465,valve_0069_lidar_classes.ply
7,506,valve_0069_lidar_classes.ply
8,663,valve_0069_lidar_classes.ply
9,2967,valve_0069_lidar_classes.ply
0,811,valve_0070_lidar_classes.ply
1,220,valve_0070_lidar_classes.ply
2,79,valve_0070_lidar_classes.ply
3,800,valve_0070_lidar_classes.ply
4,113,valve_0070_lidar_classes.ply
5,1097,valve_0070_lidar_classes.ply
6,994,valve_0070_lidar_classes.ply
7,479,valve_0070_lidar_classes.ply
8,680,valve_0070_lidar_classes.ply
9,2937,valve_0070_lidar_classes.ply
0,727,valve_0071_lidar_classes.ply
1,144,valve_0071_lidar_classes.ply
2,73,valve_0071_lidar_classes.ply
3,645,valve_0071_lidar_classes.ply
4,73,valve_0071_lidar_classes.ply
5,914,valve_0071_lidar_classes.ply
6,631,valve_0071_lidar_classes.ply
7,418,valve_0071_lidar_classes.ply
8,686,valve_0071_lidar_classes.ply
9,2534,valve_0071_lidar_classes.ply
0,395,valve_0072_lidar_classes.ply
1,148,valve_0072_lidar_classes.ply
2,74,valve_0072_lidar_classes.ply
3,539,valve_0072_lidar_classes.ply
4,53,valve_0072_lidar_classes.ply
5,907,valve_0072_lidar_classes.ply
6,623,valve_0072_lidar_classes.ply
7,392,valve_0072_lidar_classes.ply
8,627,valve_0072_lidar_classes.ply
9,2795,valve_0072_lidar_classes.ply
0,738,valve_0073_lidar_classes.ply
1,246,valve_0073_lidar_classes.ply
2,89,valve_0073_lidar_classes.ply
3,804,valve_0073_lidar_classes.ply
4,139,valve_0073_lidar_classes.ply
5,1358,valve_0073_lidar_classes.ply
6,925,valve_0073_lidar_classes.ply
7,531,valve_0073_lidar_classes.ply
8,812,valve_0073_lidar_classes.ply
9,2721,valve_0073_lidar_classes.ply
0,652,valve_0074_lidar_classes.ply
1,200,valve_0074_lidar_classes.ply
2,96,valve_0074_lidar_classes.ply
3,764,valve_0074_lidar_classes.ply
4,90,valve_0074_lidar_classes.ply
5,1108,valve_0074_lidar_classes.ply
6,498,valve_0074_lidar_classes.ply
7,450,valve_0074_lidar_classes.ply
8,730,valve_0074_lidar_classes.ply
9,3346,valve_0074_lidar_classes.ply
0,664,valve_0075_lidar_classes.ply
1,210,valve_0075_lidar_classes.ply
2,91,valve_0075_lidar_classes.ply
3,741,valve_0075_lidar_classes.ply
4,97,valve_0075_lidar_classes.ply
5,1148,valve_0075_lidar_classes.ply
6,471,valve_0075_lidar_classes.ply
7,409,valve_0075_lidar_classes.ply
8,742,valve_0075_lidar_classes.ply
9,3305,valve_0075_lidar_classes.ply
0,770,valve_0076_lidar_classes.ply
1,172,valve_0076_lidar_classes.ply
2,91,valve_0076_lidar_classes.ply
3,671,valve_0076_lidar_classes.ply
4,89,valve_0076_lidar_classes.ply
5,1070,valve_0076_lidar_classes.ply
6,425,valve_0076_lidar_classes.ply
7,471,valve_0076_lidar_classes.ply
8,731,valve_0076_lidar_classes.ply
9,3080,valve_0076_lidar_classes.ply
0,662,valve_0077_lidar_classes.ply
1,187,valve_0077_lidar_classes.ply
2,92,valve_0077_lidar_classes.ply
3,760,valve_0077_lidar_classes.ply
4,100,valve_0077_lidar_classes.ply
5,1136,valve_0077_lidar_classes.ply
6,463,valve_0077_lidar_classes.ply
7,391,valve_0077_lidar_classes.ply
8,884,valve_0077_lidar_classes.ply
9,3229,valve_0077_lidar_classes.ply
0,680,valve_0078_lidar_classes.ply
1,220,valve_0078_lidar_classes.ply
2,85,valve_0078_lidar_classes.ply
3,777,valve_0078_lidar_classes.ply
4,90,valve_0078_lidar_classes.ply
5,1159,valve_0078_lidar_classes.ply
6,454,valve_0078_lidar_classes.ply
7,425,valve_0078_lidar_classes.ply
8,728,valve_0078_lidar_classes.ply
9,3468,valve_0078_lidar_classes.ply
0,747,valve_0079_lidar_classes.ply
1,180,valve_0079_lidar_classes.ply
2,73,valve_0079_lidar_classes.ply
3,676,valve_0079_lidar_classes.ply
4,73,valve_0079_lidar_classes.ply
5,1053,valve_0079_lidar_classes.ply
6,746,valve_0079_lidar_classes.ply
7,402,valve_0079_lidar_classes.ply
8,652,valve_0079_lidar_classes.ply
9,2396,valve_0079_lidar_classes.ply
0,659,valve_0080_lidar_classes.ply
1,188,valve_0080_lidar_classes.ply
2,90,valve_0080_lidar_classes.ply
3,749,valve_0080_lidar_classes.ply
4,109,valve_0080_lidar_classes.ply
5,1107,valve_0080_lidar_classes.ply
6,897,valve_0080_lidar_classes.ply
7,483,valve_0080_lidar_classes.ply
8,750,valve_0080_lidar_classes.ply
9,2861,valve_0080_lidar_classes.ply
0,647,valve_0081_lidar_classes.ply
1,214,valve_0081_lidar_classes.ply
2,103,valve_0081_lidar_classes.ply
3,749,valve_0081_lidar_classes.ply
4,88,valve_0081_lidar_classes.ply
5,1220,valve_0081_lidar_classes.ply
6,470,valve_0081_lidar_classes.ply
7,425,valve_0081_lidar_classes.ply
8,855,valve_0081_lidar_classes.ply
9,3145,valve_0081_lidar_classes.ply
0,779,valve_0082_lidar_classes.ply
1,152,valve_0082_lidar_classes.ply
2,70,valve_0082_lidar_classes.ply
3,431,valve_0082_lidar_classes.ply
4,56,valve_0082_lidar_classes.ply
5,934,valve_0082_lidar_classes.ply
6,275,valve_0082_lidar_classes.ply
7,485,valve_0082_lidar_classes.ply
8,804,valve_0082_lidar_classes.ply
9,2987,valve_0082_lidar_classes.ply
0,675,valve_0083_lidar_classes.ply
1,205,valve_0083_lidar_classes.ply
2,87,valve_0083_lidar_classes.ply
3,788,valve_0083_lidar_classes.ply
4,115,valve_0083_lidar_classes.ply
5,1206,valve_0083_lidar_classes.ply
6,469,valve_0083_lidar_classes.ply
7,445,valve_0083_lidar_classes.ply
8,844,valve_0083_lidar_classes.ply
9,3402,valve_0083_lidar_classes.ply
0,713,valve_0084_lidar_classes.ply
1,209,valve_0084_lidar_classes.ply
2,100,valve_0084_lidar_classes.ply
3,776,valve_0084_lidar_classes.ply
4,88,valve_0084_lidar_classes.ply
5,1143,valve_0084_lidar_classes.ply
6,488,valve_0084_lidar_classes.ply
7,463,valve_0084_lidar_classes.ply
8,696,valve_0084_lidar_classes.ply
9,3466,valve_0084_lidar_classes.ply
0,651,valve_0085_lidar_classes.ply
1,219,valve_0085_lidar_classes.ply
2,95,valve_0085_lidar_classes.ply
3,748,valve_0085_lidar_classes.ply
4,58,valve_0085_lidar_classes.ply
5,1105,valve_0085_lidar_classes.ply
6,472,valve_0085_lidar_classes.ply
7,452,valve_0085_lidar_classes.ply
8,627,valve_0085_lidar_classes.ply
9,3555,valve_0085_lidar_classes.ply
0,899,valve_0086_lidar_classes.ply
1,213,valve_0086_lidar_classes.ply
2,74,valve_0086_lidar_classes.ply
3,687,valve_0086_lidar_classes.ply
4,88,valve_0086_lidar_classes.ply
5,1147,valve_0086_lidar_classes.ply
6,969,valve_0086_lidar_classes.ply
7,462,valve_0086_lidar_classes.ply
8,767,valve_0086_lidar_classes.ply
9,2340,valve_0086_lidar_classes.ply
0,634,valve_0087_lidar_classes.ply
1,176,valve_0087_lidar_classes.ply
2,97,valve_0087_lidar_classes.ply
3,770,valve_0087_lidar_classes.ply
4,116,valve_0087_lidar_classes.ply
5,1255,valve_0087_lidar_classes.ply
6,489,valve_0087_lidar_classes.ply
7,495,valve_0087_lidar_classes.ply
8,833,valve_0087_lidar_classes.ply
9,3199,valve_0087_lidar_classes.ply
0,905,valve_0088_lidar_classes.ply
1,207,valve_0088_lidar_classes.ply
2,68,valve_0088_lidar_classes.ply
3,741,valve_0088_lidar_classes.ply
4,85,valve_0088_lidar_classes.ply
5,1107,valve_0088_lidar_classes.ply
6,978,valve_0088_lidar_classes.ply
7,480,valve_0088_lidar_classes.ply
8,613,valve_0088_lidar_classes.ply
9,3097,valve_0088_lidar_classes.ply
0,762,valve_0089_lidar_classes.ply
1,114,valve_0089_lidar_classes.ply
2,59,valve_0089_lidar_classes.ply
3,473,valve_0089_lidar_classes.ply
4,64,valve_0089_lidar_classes.ply
5,912,valve_0089_lidar_classes.ply
6,318,valve_0089_lidar_classes.ply
7,418,valve_0089_lidar_classes.ply
8,637,valve_0089_lidar_classes.ply
9,2987,valve_0089_lidar_classes.ply
0,720,valve_0090_lidar_classes.ply
1,149,valve_0090_lidar_classes.ply
2,59,valve_0090_lidar_classes.ply
3,464,valve_0090_lidar_classes.ply
4,86,valve_0090_lidar_classes.ply
5,881,valve_0090_lidar_classes.ply
6,274,valve_0090_lidar_classes.ply
7,409,valve_0090_lidar_classes.ply
8,773,valve_0090_lidar_classes.ply
9,2839,valve_0090_lidar_classes.ply
0,549,valve_0091_lidar_classes.ply
1,145,valve_0091_lidar_classes.ply
2,75,valve_0091_lidar_classes.ply
3,598,valve_0091_lidar_classes.ply
4,57,valve_0091_lidar_classes.ply
5,850,valve_0091_lidar_classes.ply
6,617,valve_0091_lidar_classes.ply
7,384,valve_0091_lidar_classes.ply
8,678,valve_0091_lidar_classes.ply
9,2618,valve_0091_lidar_classes.ply
0,636,valve_0092_lidar_classes.ply
1,196,valve_0092_lidar_classes.ply
2,102,valve_0092_lidar_classes.ply
3,794,valve_0092_lidar_classes.ply
4,120,valve_0092_lidar_classes.ply
5,1329,valve_0092_lidar_classes.ply
6,445,valve_0092_lidar_classes.ply
7,472,valve_0092_lidar_classes.ply
8,905,valve_0092_lidar_classes.ply
9,3229,valve_0092_lidar_classes.ply
0,598,valve_0093_lidar_classes.ply
1,175,valve_0093_lidar_classes.ply
2,73,valve_0093_lidar_classes.ply
3,712,valve_0093_lidar_classes.ply
4,101,valve_0093_lidar_classes.ply
5,1115,valve_0093_lidar_classes.ply
6,465,valve_0093_lidar_classes.ply
7,406,valve_0093_lidar_classes.ply
8,819,valve_0093_lidar_classes.ply
9,3020,valve_0093_lidar_classes.ply
0,725,valve_0094_lidar_classes.ply
1,220,valve_0094_lidar_classes.ply
2,97,valve_0094_lidar_classes.ply
3,824,valve_0094_lidar_classes.ply
4,82,valve_0094_lidar_classes.ply
5,1184,valve_0094_lidar_classes.ply
6,1075,valve_0094_lidar_classes.ply
7,518,valve_0094_lidar_classes.ply
8,786,valve_0094_lidar_classes.ply
9,3192,valve_0094_lidar_classes.ply
0,848,valve_0095_lidar_classes.ply
1,171,valve_0095_lidar_classes.ply
2,96,valve_0095_lidar_classes.ply
3,638,valve_0095_lidar_classes.ply
4,98,valve_0095_lidar_classes.ply
5,1047,valve_0095_lidar_classes.ply
6,426,valve_0095_lidar_classes.ply
7,412,valve_0095_lidar_classes.ply
8,688,valve_0095_lidar_classes.ply
9,3299,valve_0095_lidar_classes.ply
0,682,valve_0096_lidar_classes.ply
1,143,valve_0096_lidar_classes.ply
2,80,valve_0096_lidar_classes.ply
3,646,valve_0096_lidar_classes.ply
4,62,valve_0096_lidar_classes.ply
5,885,valve_0096_lidar_classes.ply
6,697,valve_0096_lidar_classes.ply
7,406,valve_0096_lidar_classes.ply
8,670,valve_0096_lidar_classes.ply
9,2733,valve_0096_lidar_classes.ply
0,873,valve_0097_lidar_classes.ply
1,206,valve_0097_lidar_classes.ply
2,74,valve_0097_lidar_classes.ply
3,677,valve_0097_lidar_classes.ply
4,82,valve_0097_lidar_classes.ply
5,849,valve_0097_lidar_classes.ply
6,997,valve_0097_lidar_classes.ply
7,483,valve_0097_lidar_classes.ply
8,706,valve_0097_lidar_classes.ply
9,2699,valve_0097_lidar_classes.ply
0,831,valve_0098_lidar_classes.ply
1,248,valve_0098_lidar_classes.ply
2,92,valve_0098_lidar_classes.ply
3,775,valve_0098_lidar_classes.ply
4,110,valve_0098_lidar_classes.ply
5,1141,valve_0098_lidar_classes.ply
6,985,valve_0098_lidar_classes.ply
7,466,valve_0098_lidar_classes.ply
8,658,valve_0098_lidar_classes.ply
9,3147,valve_0098_lidar_classes.ply
0,367,valve_0099_lidar_classes.ply
1,156,valve_0099_lidar_classes.ply
2,81,valve_0099_lidar_classes.ply
3,550,valve_0099_lidar_classes.ply
4,52,valve_0099_lidar_classes.ply
5,842,valve_0099_lidar_classes.ply
6,659,valve_0099_lidar_classes.ply
7,404,valve_0099_lidar_classes.ply
8,586,valve_0099_lidar_classes.ply
9,2962,valve_0099_lidar_classes.ply
0,573,valve_0100_lidar_classes.ply
1,183,valve_0100_lidar_classes.ply
2,76,valve_0100_lidar_classes.ply
3,656,valve_0100_lidar_classes.ply
4,76,valve_0100_lidar_classes.ply
5,1091,valve_0100_lidar_classes.ply
6,492,valve_0100_lidar_classes.ply
7,438,valve_0100_lidar_classes.ply
8,708,valve_0100_lidar_classes.ply
9,3145,valve_0100_lidar_classes.ply
0,835,valve_0101_lidar_classes.ply
1,171,valve_0101_lidar_classes.ply
2,83,valve_0101_lidar_classes.ply
3,657,valve_0101_lidar_classes.ply
4,95,valve_0101_lidar_classes.ply
5,1278,valve_0101_lidar_classes.ply
6,365,valve_0101_lidar_classes.ply
7,433,valve_0101_lidar_classes.ply
8,754,valve_0101_lidar_classes.ply
9,2876,valve_0101_lidar_classes.ply
0,598,valve_0102_lidar_classes.ply
1,184,valve_0102_lidar_classes.ply
2,67,valve_0102_lidar_classes.ply
3,659,valve_0102_lidar_classes.ply
4,84,valve_0102_lidar_classes.ply
5,1119,valve_0102_lidar_classes.ply
6,502,valve_0102_lidar_classes.ply
7,377,valve_0102_lidar_classes.ply
8,758,valve_0102_lidar_classes.ply
9,3056,valve_0102_lidar_classes.ply
0,844,valve_0103_lidar_classes.ply
1,188,valve_0103_lidar_classes.ply
2,88,valve_0103_lidar_classes.ply
3,623,valve_0103_lidar_classes.ply
4,64,valve_0103_lidar_classes.ply
5,1102,valve_0103_lidar_classes.ply
6,414,valve_0103_lidar_classes.ply
7,419,valve_0103_lidar_classes.ply
8,759,valve_0103_lidar_classes.ply
9,2897,valve_0103_lidar_classes.ply
0,930,valve_0104_lidar_classes.ply
1,153,valve_0104_lidar_classes.ply
2,71,valve_0104_lidar_classes.ply
3,521,valve_0104_lidar_classes.ply
4,62,valve_0104_lidar_classes.ply
5,902,valve_0104_lidar_classes.ply
6,429,valve_0104_lidar_classes.ply
7,462,valve_0104_lidar_classes.ply
8,681,valve_0104_lidar_classes.ply
9,3179,valve_0104_lidar_classes.ply
0,830,valve_0105_lidar_classes.ply
1,190,valve_0105_lidar_classes.ply
2,75,valve_0105_lidar_classes.ply
3,704,valve_0105_lidar_classes.ply
4,83,valve_0105_lidar_classes.ply
5,880,valve_0105_lidar_classes.ply
6,841,valve_0105_lidar_classes.ply
7,436,valve_0105_lidar_classes.ply
8,672,valve_0105_lidar_classes.ply
9,2655,valve_0105_lidar_classes.ply
0,604,valve_0106_lidar_classes.ply
1,153,valve_0106_lidar_classes.ply
2,76,valve_0106_lidar_classes.ply
3,615,valve_0106_lidar_classes.ply
4,110,valve_0106_lidar_classes.ply
5,911,valve_0106_lidar_classes.ply
6,875,valve_0106_lidar_classes.ply
7,437,valve_0106_lidar_classes.ply
8,648,valve_0106_lidar_classes.ply
9,2799,valve_0106_lidar_classes.ply
0,901,valve_0107_lidar_classes.ply
1,185,valve_0107_lidar_classes.ply
2,75,valve_0107_lidar_classes.ply
3,754,valve_0107_lidar_classes.ply
4,119,valve_0107_lidar_classes.ply
5,1092,valve_0107_lidar_classes.ply
6,997,valve_0107_lidar_classes.ply
7,546,valve_0107_lidar_classes.ply
8,603,valve_0107_lidar_classes.ply
9,2846,valve_0107_lidar_classes.ply
0,588,valve_0108_lidar_classes.ply
1,182,valve_0108_lidar_classes.ply
2,73,valve_0108_lidar_classes.ply
3,695,valve_0108_lidar_classes.ply
4,82,valve_0108_lidar_classes.ply
5,975,valve_0108_lidar_classes.ply
6,492,valve_0108_lidar_classes.ply
7,405,valve_0108_lidar_classes.ply
8,642,valve_0108_lidar_classes.ply
9,3688,valve_0108_lidar_classes.ply
0,508,valve_0109_lidar_classes.ply
1,176,valve_0109_lidar_classes.ply
2,83,valve_0109_lidar_classes.ply
3,587,valve_0109_lidar_classes.ply
4,53,valve_0109_lidar_classes.ply
5,899,valve_0109_lidar_classes.ply
6,607,valve_0109_lidar_classes.ply
7,382,valve_0109_lidar_classes.ply
8,696,valve_0109_lidar_classes.ply
9,2819,valve_0109_lidar_classes.ply
0,687,valve_0110_lidar_classes.ply
1,198,valve_0110_lidar_classes.ply
2,104,valve_0110_lidar_classes.ply
3,759,valve_0110_lidar_classes.ply
4,116,valve_0110_lidar_classes.ply
5,1214,valve_0110_lidar_classes.ply
6,456,valve_0110_lidar_classes.ply
7,503,valve_0110_lidar_classes.ply
8,876,valve_0110_lidar_classes.ply
9,3096,valve_0110_lidar_classes.ply
0,696,valve_0111_lidar_classes.ply
1,206,valve_0111_lidar_classes.ply
2,99,valve_0111_lidar_classes.ply
3,793,valve_0111_lidar_classes.ply
4,77,valve_0111_lidar_classes.ply
5,1316,valve_0111_lidar_classes.ply
6,430,valve_0111_lidar_classes.ply
7,474,valve_0111_lidar_classes.ply
8,799,valve_0111_lidar_classes.ply
9,3357,valve_0111_lidar_classes.ply
0,587,valve_0112_lidar_classes.ply
1,148,valve_0112_lidar_classes.ply
2,79,valve_0112_lidar_classes.ply
3,575,valve_0112_lidar_classes.ply
4,73,valve_0112_lidar_classes.ply
5,1033,valve_0112_lidar_classes.ply
6,791,valve_0112_lidar_classes.ply
7,399,valve_0112_lidar_classes.ply
8,846,valve_0112_lidar_classes.ply
9,2851,valve_0112_lidar_classes.ply
0,856,valve_0113_lidar_classes.ply
1,196,valve_0113_lidar_classes.ply
2,90,valve_0113_lidar_classes.ply
3,627,valve_0113_lidar_classes.ply
4,63,valve_0113_lidar_classes.ply
5,1166,valve_0113_lidar_classes.ply
6,436,valve_0113_lidar_classes.ply
7,438,valve_0113_lidar_classes.ply
8,757,valve_0113_lidar_classes.ply
9,3004,valve_0113_lidar_classes.ply
0,640,valve_0114_lidar_classes.ply
1,183,valve_0114_lidar_classes.ply
2,81,valve_0114_lidar_classes.ply
3,683,valve_0114_lidar_classes.ply
4,77,valve_0114_lidar_classes.ply
5,1055,valve_0114_lidar_classes.ply
6,868,valve_0114_lidar_classes.ply
7,431,valve_0114_lidar_classes.ply
8,630,valve_0114_lidar_classes.ply
9,2593,valve_0114_lidar_classes.ply
0,782,valve_0115_lidar_classes.ply
1,153,valve_0115_lidar_classes.ply
2,70,valve_0115_lidar_classes.ply
3,535,valve_0115_lidar_classes.ply
4,84,valve_0115_lidar_classes.ply
5,1005,valve_0115_lidar_classes.ply
6,281,valve_0115_lidar_classes.ply
7,462,valve_0115_lidar_classes.ply
8,857,valve_0115_lidar_classes.ply
9,2768,valve_0115_lidar_classes.ply
0,701,valve_0116_lidar_classes.ply
1,196,valve_0116_lidar_classes.ply
2,95,valve_0116_lidar_classes.ply
3,776,valve_0116_lidar_classes.ply
4,91,valve_0116_lidar_classes.ply
5,1156,valve_0116_lidar_classes.ply
6,478,valve_0116_lidar_classes.ply
7,419,valve_0116_lidar_classes.ply
8,800,valve_0116_lidar_classes.ply
9,3442,valve_0116_lidar_classes.ply
0,377,valve_0117_lidar_classes.ply
1,148,valve_0117_lidar_classes.ply
2,79,valve_0117_lidar_classes.ply
3,547,valve_0117_lidar_classes.ply
4,63,valve_0117_lidar_classes.ply
5,995,valve_0117_lidar_classes.ply
6,589,valve_0117_lidar_classes.ply
7,382,valve_0117_lidar_classes.ply
8,640,valve_0117_lidar_classes.ply
9,2888,valve_0117_lidar_classes.ply
0,902,valve_0118_lidar_classes.ply
1,186,valve_0118_lidar_classes.ply
2,66,valve_0118_lidar_classes.ply
3,709,valve_0118_lidar_classes.ply
4,90,valve_0118_lidar_classes.ply
5,1088,valve_0118_lidar_classes.ply
6,895,valve_0118_lidar_classes.ply
7,469,valve_0118_lidar_classes.ply
8,766,valve_0118_lidar_classes.ply
9,2439,valve_0118_lidar_classes.ply
0,671,valve_0119_lidar_classes.ply
1,153,valve_0119_lidar_classes.ply
2,78,valve_0119_lidar_classes.ply
3,584,valve_0119_lidar_classes.ply
4,98,valve_0119_lidar_classes.ply
5,895,valve_0119_lidar_classes.ply
6,396,valve_0119_lidar_classes.ply
7,466,valve_0119_lidar_classes.ply
8,647,valve_0119_lidar_classes.ply
9,3325,valve_0119_lidar_classes.ply
0,553,valve_0120_lidar_classes.ply
1,154,valve_0120_lidar_classes.ply
2,69,valve_0120_lidar_classes.ply
3,605,valve_0120_lidar_classes.ply
4,95,valve_0120_lidar_classes.ply
5,1177,valve_0120_lidar_classes.ply
6,654,valve_0120_lidar_classes.ply
7,456,valve_0120_lidar_classes.ply
8,799,valve_0120_lidar_classes.ply
9,3044,valve_0120_lidar_classes.ply
0,685,valve_0121_lidar_classes.ply
1,212,valve_0121_lidar_classes.ply
2,93,valve_0121_lidar_classes.ply
3,773,valve_0121_lidar_classes.ply
4,122,valve_0121_lidar_classes.ply
5,1231,valve_0121_lidar_classes.ply
6,476,valve_0121_lidar_classes.ply
7,425,valve_0121_lidar_classes.ply
8,879,valve_0121_lidar_classes.ply
9,3079,valve_0121_lidar_classes.ply
0,959,valve_0122_lidar_classes.ply
1,156,valve_0122_lidar_classes.ply
2,84,valve_0122_lidar_classes.ply
3,565,valve_0122_lidar_classes.ply
4,81,valve_0122_lidar_classes.ply
5,1078,valve_0122_lidar_classes.ply
6,433,valve_0122_lidar_classes.ply
7,392,valve_0122_lidar_classes.ply
8,726,valve_0122_lidar_classes.ply
9,2706,valve_0122_lidar_classes.ply
0,453,valve_0123_lidar_classes.ply
1,153,valve_0123_lidar_classes.ply
2,80,valve_0123_lidar_classes.ply
3,537,valve_0123_lidar_classes.ply
4,60,valve_0123_lidar_classes.ply
5,1055,valve_0123_lidar_classes.ply
6,563,valve_0123_lidar_classes.ply
7,366,valve_0123_lidar_classes.ply
8,738,valve_0123_lidar_classes.ply
9,2474,valve_0123_lidar_classes.ply
0,648,valve_0124_lidar_classes.ply
1,168,valve_0124_lidar_classes.ply
2,97,valve_0124_lidar_classes.ply
3,754,valve_0124_lidar_classes.ply
4,91,valve_0124_lidar_classes.ply
5,1289,valve_0124_lidar_classes.ply
6,414,valve_0124_lidar_classes.ply
7,491,valve_0124_lidar_classes.ply
8,871,valve_0124_lidar_classes.ply
9,3238,valve_0124_lidar_classes.ply
0,483,valve_0125_lidar_classes.ply
1,148,valve_0125_lidar_classes.ply
2,83,valve_0125_lidar_classes.ply
3,631,valve_0125_lidar_classes.ply
4,55,valve_0125_lidar_classes.ply
5,904,valve_0125_lidar_classes.ply
6,642,valve_0125_lidar_classes.ply
7,409,valve_0125_lidar_classes.ply
8,624,valve_0125_lidar_classes.ply
9,2828,valve_0125_lidar_classes.ply
0,713,valve_0126_lidar_classes.ply
1,223,valve_0126_lidar_classes.ply
2,87,valve_0126_lidar_classes.ply
3,774,valve_0126_lidar_classes.ply
4,109,valve_0126_lidar_classes.ply
5,1117,valve_0126_lidar_classes.ply
6,512,valve_0126_lidar_classes.ply
7,466,valve_0126_lidar_classes.ply
8,747,valve_0126_lidar_classes.ply
9,3209,valve_0126_lidar_classes.ply
0,714,valve_0127_lidar_classes.ply
1,196,valve_0127_lidar_classes.ply
2,102,valve_0127_lidar_classes.ply
3,701,valve_0127_lidar_classes.ply
4,88,valve_0127_lidar_classes.ply
5,1181,valve_0127_lidar_classes.ply
6,374,valve_0127_lidar_classes.ply
7,498,valve_0127_lidar_classes.ply
8,665,valve_0127_lidar_classes.ply
9,3210,valve_0127_lidar_classes.ply
0,731,valve_0128_lidar_classes.ply
1,168,valve_0128_lidar_classes.ply
2,83,valve_0128_lidar_classes.ply
3,669,valve_0128_lidar_classes.ply
4,75,valve_0128_lidar_classes.ply
5,1025,valve_0128_lidar_classes.ply
6,638,valve_0128_lidar_classes.ply
7,428,valve_0128_lidar_classes.ply
8,574,valve_0128_lidar_classes.ply
9,2722,valve_0128_lidar_classes.ply
0,781,valve_0129_lidar_classes.ply
1,165,valve_0129_lidar_classes.ply
2,68,valve_0129_lidar_classes.ply
3,681,valve_0129_lidar_classes.ply
4,87,valve_0129_lidar_classes.ply
5,960,valve_0129_lidar_classes.ply
6,765,valve_0129_lidar_classes.ply
7,449,valve_0129_lidar_classes.ply
8,648,valve_0129_lidar_classes.ply
9,2944,valve_0129_lidar_classes.ply
0,902,valve_0130_lidar_classes.ply
1,223,valve_0130_lidar_classes.ply
2,70,valve_0130_lidar_classes.ply
3,689,valve_0130_lidar_classes.ply
4,78,valve_0130_lidar_classes.ply
5,1049,valve_0130_lidar_classes.ply
6,902,valve_0130_lidar_classes.ply
7,475,valve_0130_lidar_classes.ply
8,733,valve_0130_lidar_classes.ply
9,2731,valve_0130_lidar_classes.ply
0,720,valve_0131_lidar_classes.ply
1,149,valve_0131_lidar_classes.ply
2,57,valve_0131_lidar_classes.ply
3,476,valve_0131_lidar_classes.ply
4,56,valve_0131_lidar_classes.ply
5,910,valve_0131_lidar_classes.ply
6,298,valve_0131_lidar_classes.ply
7,366,valve_0131_lidar_classes.ply
8,789,valve_0131_lidar_classes.ply
9,2996,valve_0131_lidar_classes.ply
0,603,valve_0132_lidar_classes.ply
1,180,valve_0132_lidar_classes.ply
2,69,valve_0132_lidar_classes.ply
3,681,valve_0132_lidar_classes.ply
4,55,valve_0132_lidar_classes.ply
5,1113,valve_0132_lidar_classes.ply
6,481,valve_0132_lidar_classes.ply
7,423,valve_0132_lidar_classes.ply
8,735,valve_0132_lidar_classes.ply
9,3213,valve_0132_lidar_classes.ply
0,645,valve_0133_lidar_classes.ply
1,161,valve_0133_lidar_classes.ply
2,79,valve_0133_lidar_classes.ply
3,653,valve_0133_lidar_classes.ply
4,77,valve_0133_lidar_classes.ply
5,942,valve_0133_lidar_classes.ply
6,646,valve_0133_lidar_classes.ply
7,423,valve_0133_lidar_classes.ply
8,685,valve_0133_lidar_classes.ply
9,2658,valve_0133_lidar_classes.ply
0,545,valve_0134_lidar_classes.ply
1,165,valve_0134_lidar_classes.ply
2,67,valve_0134_lidar_classes.ply
3,595,valve_0134_lidar_classes.ply
4,53,valve_0134_lidar_classes.ply
5,1043,valve_0134_lidar_classes.ply
6,606,valve_0134_lidar_classes.ply
7,371,valve_0134_lidar_classes.ply
8,764,valve_0134_lidar_classes.ply
9,2843,valve_0134_lidar_classes.ply
0,364,valve_0135_lidar_classes.ply
1,179,valve_0135_lidar_classes.ply
2,82,valve_0135_lidar_classes.ply
3,551,valve_0135_lidar_classes.ply
4,52,valve_0135_lidar_classes.ply
5,861,valve_0135_lidar_classes.ply
6,628,valve_0135_lidar_classes.ply
7,436,valve_0135_lidar_classes.ply
8,623,valve_0135_lidar_classes.ply
9,2790,valve_0135_lidar_classes.ply
0,689,valve_0136_lidar_classes.ply
1,217,valve_0136_lidar_classes.ply
2,95,valve_0136_lidar_classes.ply
3,772,valve_0136_lidar_classes.ply
4,118,valve_0136_lidar_classes.ply
5,1195,valve_0136_lidar_classes.ply
6,487,valve_0136_lidar_classes.ply
7,437,valve_0136_lidar_classes.ply
8,790,valve_0136_lidar_classes.ply
9,3251,valve_0136_lidar_classes.ply
0,671,valve_0137_lidar_classes.ply
1,180,valve_0137_lidar_classes.ply
2,103,valve_0137_lidar_classes.ply
3,796,valve_0137_lidar_classes.ply
4,121,valve_0137_lidar_classes.ply
5,1245,valve_0137_lidar_classes.ply
6,458,valve_0137_lidar_classes.ply
7,431,valve_0137_lidar_classes.ply
8,848,valve_0137_lidar_classes.ply
9,3247,valve_0137_lidar_classes.ply
0,591,valve_0138_lidar_classes.ply
1,193,valve_0138_lidar_classes.ply
2,83,valve_0138_lidar_classes.ply
3,685,valve_0138_lidar_classes.ply
4,74,valve_0138_lidar_classes.ply
5,951,valve_0138_lidar_classes.ply
6,476,valve_0138_lidar_classes.ply
7,396,valve_0138_lidar_classes.ply
8,582,valve_0138_lidar_classes.ply
9,3157,valve_0138_lidar_classes.ply
0,700,valve_0139_lidar_classes.ply
1,187,valve_0139_lidar_classes.ply
2,91,valve_0139_lidar_classes.ply
3,782,valve_0139_lidar_classes.ply
4,112,valve_0139_lidar_classes.ply
5,1017,valve_0139_lidar_classes.ply
6,472,valve_0139_lidar_classes.ply
7,439,valve_0139_lidar_classes.ply
8,765,valve_0139_lidar_classes.ply
9,3395,valve_0139_lidar_classes.ply
0,682,valve_0140_lidar_classes.ply
1,185,valve_0140_lidar_classes.ply
2,97,valve_0140_lidar_classes.ply
3,769,valve_0140_lidar_classes.ply
4,98,valve_0140_lidar_classes.ply
5,1225,valve_0140_lidar_classes.ply
6,875,valve_0140_lidar_classes.ply
7,449,valve_0140_lidar_classes.ply
8,822,valve_0140_lidar_classes.ply
9,2722,valve_0140_lidar_classes.ply
0,797,valve_0141_lidar_classes.ply
1,193,valve_0141_lidar_classes.ply
2,69,valve_0141_lidar_classes.ply
3,709,valve_0141_lidar_classes.ply
4,110,valve_0141_lidar_classes.ply
5,1044,valve_0141_lidar_classes.ply
6,839,valve_0141_lidar_classes.ply
7,438,valve_0141_lidar_classes.ply
8,711,valve_0141_lidar_classes.ply
9,2437,valve_0141_lidar_classes.ply
0,911,valve_0142_lidar_classes.ply
1,229,valve_0142_lidar_classes.ply
2,72,valve_0142_lidar_classes.ply
3,710,valve_0142_lidar_classes.ply
4,84,valve_0142_lidar_classes.ply
5,1116,valve_0142_lidar_classes.ply
6,933,valve_0142_lidar_classes.ply
7,520,valve_0142_lidar_classes.ply
8,698,valve_0142_lidar_classes.ply
9,2671,valve_0142_lidar_classes.ply
0,749,valve_0143_lidar_classes.ply
1,160,valve_0143_lidar_classes.ply
2,72,valve_0143_lidar_classes.ply
3,696,valve_0143_lidar_classes.ply
4,82,valve_0143_lidar_classes.ply
5,977,valve_0143_lidar_classes.ply
6,735,valve_0143_lidar_classes.ply
7,409,valve_0143_lidar_classes.ply
8,657,valve_0143_lidar_classes.ply
9,2552,valve_0143_lidar_classes.ply
0,551,valve_0144_lidar_classes.ply
1,148,valve_0144_lidar_classes.ply
2,73,valve_0144_lidar_classes.ply
3,597,valve_0144_lidar_classes.ply
4,69,valve_0144_lidar_classes.ply
5,816,valve_0144_lidar_classes.ply
6,581,valve_0144_lidar_classes.ply
7,400,valve_0144_lidar_classes.ply
8,590,valve_0144_lidar_classes.ply
9,2744,valve_0144_lidar_classes.ply
0,632,valve_0145_lidar_classes.ply
1,190,valve_0145_lidar_classes.ply
2,83,valve_0145_lidar_classes.ply
3,711,valve_0145_lidar_classes.ply
4,102,valve_0145_lidar_classes.ply
5,971,valve_0145_lidar_classes.ply
6,916,valve_0145_lidar_classes.ply
7,462,valve_0145_lidar_classes.ply
8,659,valve_0145_lidar_classes.ply
9,2838,valve_0145_lidar_classes.ply
0,876,valve_0146_lidar_classes.ply
1,141,valve_0146_lidar_classes.ply
2,68,valve_0146_lidar_classes.ply
3,468,valve_0146_lidar_classes.ply
4,52,valve_0146_lidar_classes.ply
5,1068,valve_0146_lidar_classes.ply
6,344,valve_0146_lidar_classes.ply
7,425,valve_0146_lidar_classes.ply
8,975,valve_0146_lidar_classes.ply
9,2940,valve_0146_lidar_classes.ply
0,803,valve_0147_lidar_classes.ply
1,111,valve_0147_lidar_classes.ply
2,60,valve_0147_lidar_classes.ply
3,450,valve_0147_lidar_classes.ply
4,60,valve_0147_lidar_classes.ply
5,766,valve_0147_lidar_classes.ply
6,335,valve_0147_lidar_classes.ply
7,457,valve_0147_lidar_classes.ply
8,623,valve_0147_lidar_classes.ply
9,3074,valve_0147_lidar_classes.ply
0,476,valve_0148_lidar_classes.ply
1,151,valve_0148_lidar_classes.ply
2,66,valve_0148_lidar_classes.ply
3,582,valve_0148_lidar_classes.ply
4,81,valve_0148_lidar_classes.ply
5,1081,valve_0148_lidar_classes.ply
6,590,valve_0148_lidar_classes.ply
7,437,valve_0148_lidar_classes.ply
8,724,valve_0148_lidar_classes.ply
9,2796,valve_0148_lidar_classes.ply
0,927,valve_0149_lidar_classes.ply
1,187,valve_0149_lidar_classes.ply
2,65,valve_0149_lidar_classes.ply
3,721,valve_0149_lidar_classes.ply
4,98,valve_0149_lidar_classes.ply
5,1210,valve_0149_lidar_classes.ply
6,946,valve_0149_lidar_classes.ply
7,484,valve_0149_lidar_classes.ply
8,639,valve_0149_lidar_classes.ply
9,2555,valve_0149_lidar_classes.ply
0,602,valve_0150_lidar_classes.ply
1,162,valve_0150_lidar_classes.ply
2,85,valve_0150_lidar_classes.ply
3,699,valve_0150_lidar_classes.ply
4,88,valve_0150_lidar_classes.ply
5,1099,valve_0150_lidar_classes.ply
6,856,valve_0150_lidar_classes.ply
7,463,valve_0150_lidar_classes.ply
8,661,valve_0150_lidar_classes.ply
9,2829,valve_0150_lidar_classes.ply
0,905,valve_0151_lidar_classes.ply
1,240,valve_0151_lidar_classes.ply
2,74,valve_0151_lidar_classes.ply
3,726,valve_0151_lidar_classes.ply
4,68,valve_0151_lidar_classes.ply
5,1175,valve_0151_lidar_classes.ply
6,965,valve_0151_lidar_classes.ply
7,504,valve_0151_lidar_classes.ply
8,659,valve_0151_lidar_classes.ply
9,2820,valve_0151_lidar_classes.ply
0,592,valve_0152_lidar_classes.ply
1,167,valve_0152_lidar_classes.ply
2,78,valve_0152_lidar_classes.ply
3,568,valve_0152_lidar_classes.ply
4,84,valve_0152_lidar_classes.ply
5,1113,valve_0152_lidar_classes.ply
6,604,valve_0152_lidar_classes.ply
7,473,valve_0152_lidar_classes.ply
8,768,valve_0152_lidar_classes.ply
9,2801,valve_0152_lidar_classes.ply
0,654,valve_0153_lidar_classes.ply
1,201,valve_0153_lidar_classes.ply
2,82,valve_0153_lidar_classes.ply
3,732,valve_0153_lidar_classes.ply
4,108,valve_0153_lidar_classes.ply
5,1048,valve_0153_lidar_classes.ply
6,478,valve_0153_lidar_classes.ply
7,422,valve_0153_lidar_classes.ply
8,768,valve_0153_lidar_classes.ply
9,3273,valve_0153_lidar_classes.ply
0,810,valve_0154_lidar_classes.ply
1,173,valve_0154_lidar_classes.ply
2,67,valve_0154_lidar_classes.ply
3,473,valve_0154_lidar_classes.ply
4,84,valve_0154_lidar_classes.ply
5,886,valve_0154_lidar_classes.ply
6,264,valve_0154_lidar_classes.ply
7,434,valve_0154_lidar_classes.ply
8,875,valve_0154_lidar_classes.ply
9,2883,valve_0154_lidar_classes.ply
0,735,valve_0155_lidar_classes.ply
1,152,valve_0155_lidar_classes.ply
2,71,valve_0155_lidar_classes.ply
3,557,valve_0155_lidar_classes.ply
4,69,valve_0155_lidar_classes.ply
5,1006,valve_0155_lidar_classes.ply
6,406,valve_0155_lidar_classes.ply
7,460,valve_0155_lidar_classes.ply
8,809,valve_0155_lidar_classes.ply
9,3000,valve_0155_lidar_classes.ply
0,683,valve_0156_lidar_classes.ply
1,197,valve_0156_lidar_classes.ply
2,95,valve_0156_lidar_classes.ply
3,776,valve_0156_lidar_classes.ply
4,108,valve_0156_lidar_classes.ply
5,1273,valve_0156_lidar_classes.ply
6,494,valve_0156_lidar_classes.ply
7,395,valve_0156_lidar_classes.ply
8,928,valve_0156_lidar_classes.ply
9,3153,valve_0156_lidar_classes.ply
0,896,valve_0157_lidar_classes.ply
1,226,valve_0157_lidar_classes.ply
2,72,valve_0157_lidar_classes.ply
3,744,valve_0157_lidar_classes.ply
4,121,valve_0157_lidar_classes.ply
5,1171,valve_0157_lidar_classes.ply
6,959,valve_0157_lidar_classes.ply
7,511,valve_0157_lidar_classes.ply
8,632,valve_0157_lidar_classes.ply
9,2583,valve_0157_lidar_classes.ply
0,911,valve_0158_lidar_classes.ply
1,235,valve_0158_lidar_classes.ply
2,70,valve_0158_lidar_classes.ply
3,754,valve_0158_lidar_classes.ply
4,81,valve_0158_lidar_classes.ply
5,1077,valve_0158_lidar_classes.ply
6,983,valve_0158_lidar_classes.ply
7,471,valve_0158_lidar_classes.ply
8,573,valve_0158_lidar_classes.ply
9,2839,valve_0158_lidar_classes.ply
0,609,valve_0159_lidar_classes.ply
1,165,valve_0159_lidar_classes.ply
2,72,valve_0159_lidar_classes.ply
3,571,valve_0159_lidar_classes.ply
4,77,valve_0159_lidar_classes.ply
5,942,valve_0159_lidar_classes.ply
6,775,valve_0159_lidar_classes.ply
7,422,valve_0159_lidar_classes.ply
8,664,valve_0159_lidar_classes.ply
9,2862,valve_0159_lidar_classes.ply
0,611,valve_0160_lidar_classes.ply
1,167,valve_0160_lidar_classes.ply
2,75,valve_0160_lidar_classes.ply
3,628,valve_0160_lidar_classes.ply
4,48,valve_0160_lidar_classes.ply
5,782,valve_0160_lidar_classes.ply
6,682,valve_0160_lidar_classes.ply
7,399,valve_0160_lidar_classes.ply
8,583,valve_0160_lidar_classes.ply
9,3133,valve_0160_lidar_classes.ply
0,830,valve_0161_lidar_classes.ply
1,161,valve_0161_lidar_classes.ply
2,77,valve_0161_lidar_classes.ply
3,503,valve_0161_lidar_classes.ply
4,82,valve_0161_lidar_classes.ply
5,826,valve_0161_lidar_classes.ply
6,263,valve_0161_lidar_classes.ply
7,499,valve_0161_lidar_classes.ply
8,671,valve_0161_lidar_classes.ply
9,3116,valve_0161_lidar_classes.ply
0,885,valve_0162_lidar_classes.ply
1,175,valve_0162_lidar_classes.ply
2,71,valve_0162_lidar_classes.ply
3,726,valve_0162_lidar_classes.ply
4,68,valve_0162_lidar_classes.ply
5,1106,valve_0162_lidar_classes.ply
6,963,valve_0162_lidar_classes.ply
7,507,valve_0162_lidar_classes.ply
8,751,valve_0162_lidar_classes.ply
9,2581,valve_0162_lidar_classes.ply
0,831,valve_0163_lidar_classes.ply
1,263,valve_0163_lidar_classes.ply
2,81,valve_0163_lidar_classes.ply
3,789,valve_0163_lidar_classes.ply
4,112,valve_0163_lidar_classes.ply
5,1185,valve_0163_lidar_classes.ply
6,909,valve_0163_lidar_classes.ply
7,481,valve_0163_lidar_classes.ply
8,733,valve_0163_lidar_classes.ply
9,2917,valve_0163_lidar_classes.ply
0,874,valve_0164_lidar_classes.ply
1,183,valve_0164_lidar_classes.ply
2,68,valve_0164_lidar_classes.ply
3,677,valve_0164_lidar_classes.ply
4,115,valve_0164_lidar_classes.ply
5,907,valve_0164_lidar_classes.ply
6,928,valve_0164_lidar_classes.ply
7,470,valve_0164_lidar_classes.ply
8,698,valve_0164_lidar_classes.ply
9,2356,valve_0164_lidar_classes.ply
0,579,valve_0165_lidar_classes.ply
1,160,valve_0165_lidar_classes.ply
2,76,valve_0165_lidar_classes.ply
3,642,valve_0165_lidar_classes.ply
4,78,valve_0165_lidar_classes.ply
5,885,valve_0165_lidar_classes.ply
6,702,valve_0165_lidar_classes.ply
7,380,valve_0165_lidar_classes.ply
8,743,valve_0165_lidar_classes.ply
9,2681,valve_0165_lidar_classes.ply
0,664,valve_0166_lidar_classes.ply
1,177,valve_0166_lidar_classes.ply
2,100,valve_0166_lidar_classes.ply
3,733,valve_0166_lidar_classes.ply
4,91,valve_0166_lidar_classes.ply
5,1167,valve_0166_lidar_classes.ply
6,443,valve_0166_lidar_classes.ply
7,495,valve_0166_lidar_classes.ply
8,750,valve_0166_lidar_classes.ply
9,3399,valve_0166_lidar_classes.ply
0,869,valve_0167_lidar_classes.ply
1,186,valve_0167_lidar_classes.ply
2,66,valve_0167_lidar_classes.ply
3,702,valve_0167_lidar_classes.ply
4,84,valve_0167_lidar_classes.ply
5,1023,valve_0167_lidar_classes.ply
6,982,valve_0167_lidar_classes.ply
7,491,valve_0167_lidar_classes.ply
8,711,valve_0167_lidar_classes.ply
9,2696,valve_0167_lidar_classes.ply
0,653,valve_0168_lidar_classes.ply
1,169,valve_0168_lidar_classes.ply
2,88,valve_0168_lidar_classes.ply
3,739,valve_0168_lidar_classes.ply
4,100,valve_0168_lidar_classes.ply
5,1116,valve_0168_lidar_classes.ply
6,978,valve_0168_lidar_classes.ply
7,453,valve_0168_lidar_classes.ply
8,713,valve_0168_lidar_classes.ply
9,2619,valve_0168_lidar_classes.ply
0,673,valve_0169_lidar_classes.ply
1,204,valve_0169_lidar_classes.ply
2,104,valve_0169_lidar_classes.ply
3,769,valve_0169_lidar_classes.ply
4,99,valve_0169_lidar_classes.ply
5,1310,valve_0169_lidar_classes.ply
6,456,valve_0169_lidar_classes.ply
7,468,valve_0169_lidar_classes.ply
8,809,valve_0169_lidar_classes.ply
9,3355,valve_0169_lidar_classes.ply
0,365,valve_0170_lidar_classes.ply
1,162,valve_0170_lidar_classes.ply
2,72,valve_0170_lidar_classes.ply
3,552,valve_0170_lidar_classes.ply
4,67,valve_0170_lidar_classes.ply
5,948,valve_0170_lidar_classes.ply
6,577,valve_0170_lidar_classes.ply
7,416,valve_0170_lidar_classes.ply
8,761,valve_0170_lidar_classes.ply
9,2500,valve_0170_lidar_classes.ply
0,650,valve_0171_lidar_classes.ply
1,202,valve_0171_lidar_classes.ply
2,87,valve_0171_lidar_classes.ply
3,771,valve_0171_lidar_classes.ply
4,79,valve_0171_lidar_classes.ply
5,1219,valve_0171_lidar_classes.ply
6,467,valve_0171_lidar_classes.ply
7,459,valve_0171_lidar_classes.ply
8,781,valve_0171_lidar_classes.ply
9,3193,valve_0171_lidar_classes.ply
0,490,valve_0172_lidar_classes.ply
1,153,valve_0172_lidar_classes.ply
2,65,valve_0172_lidar_classes.ply
3,578,valve_0172_lidar_classes.ply
4,79,valve_0172_lidar_classes.ply
5,870,valve_0172_lidar_classes.ply
6,637,valve_0172_lidar_classes.ply
7,400,valve_0172_lidar_classes.ply
8,620,valve_0172_lidar_classes.ply
9,3055,valve_0172_lidar_classes.ply
0,667,valve_0173_lidar_classes.ply
1,213,valve_0173_lidar_classes.ply
2,90,valve_0173_lidar_classes.ply
3,752,valve_0173_lidar_classes.ply
4,100,valve_0173_lidar_classes.ply
5,1199,valve_0173_lidar_classes.ply
6,457,valve_0173_lidar_classes.ply
7,497,valve_0173_lidar_classes.ply
8,804,valve_0173_lidar_classes.ply
9,3219,valve_0173_lidar_classes.ply
0,813,valve_0174_lidar_classes.ply
1,225,valve_0174_lidar_classes.ply
2,67,valve_0174_lidar_classes.ply
3,691,valve_0174_lidar_classes.ply
4,121,valve_0174_lidar_classes.ply
5,970,valve_0174_lidar_classes.ply
6,813,valve_0174_lidar_classes.ply
7,462,valve_0174_lidar_classes.ply
8,663,valve_0174_lidar_classes.ply
9,2577,valve_0174_lidar_classes.ply
0,692,valve_0175_lidar_classes.ply
1,197,valve_0175_lidar_classes.ply
2,106,valve_0175_lidar_classes.ply
3,749,valve_0175_lidar_classes.ply
4,114,valve_0175_lidar_classes.ply
5,1165,valve_0175_lidar_classes.ply
6,487,valve_0175_lidar_classes.ply
7,425,valve_0175_lidar_classes.ply
8,795,valve_0175_lidar_classes.ply
9,2934,valve_0175_lidar_classes.ply
0,583,valve_0176_lidar_classes.ply
1,193,valve_0176_lidar_classes.ply
2,78,valve_0176_lidar_classes.ply
3,664,valve_0176_lidar_classes.ply
4,78,valve_0176_lidar_classes.ply
5,1101,valve_0176_lidar_classes.ply
6,452,valve_0176_lidar_classes.ply
7,374,valve_0176_lidar_classes.ply
8,647,valve_0176_lidar_classes.ply
9,3061,valve_0176_lidar_classes.ply
0,655,valve_0177_lidar_classes.ply
1,218,valve_0177_lidar_classes.ply
2,97,valve_0177_lidar_classes.ply
3,776,valve_0177_lidar_classes.ply
4,103,valve_0177_lidar_classes.ply
5,1112,valve_0177_lidar_classes.ply
6,421,valve_0177_lidar_classes.ply
7,445,valve_0177_lidar_classes.ply
8,750,valve_0177_lidar_classes.ply
9,3588,valve_0177_lidar_classes.ply
0,643,valve_0178_lidar_classes.ply
1,162,valve_0178_lidar_classes.ply
2,73,valve_0178_lidar_classes.ply
3,579,valve_0178_lidar_classes.ply
4,84,valve_0178_lidar_classes.ply
5,1043,valve_0178_lidar_classes.ply
6,458,valve_0178_lidar_classes.ply
7,494,valve_0178_lidar_classes.ply
8,661,valve_0178_lidar_classes.ply
9,3130,valve_0178_lidar_classes.ply
0,695,valve_0179_lidar_classes.ply
1,192,valve_0179_lidar_classes.ply
2,98,valve_0179_lidar_classes.ply
3,770,valve_0179_lidar_classes.ply
4,117,valve_0179_lidar_classes.ply
5,1149,valve_0179_lidar_classes.ply
6,515,valve_0179_lidar_classes.ply
7,437,valve_0179_lidar_classes.ply
8,747,valve_0179_lidar_classes.ply
9,3086,valve_0179_lidar_classes.ply
0,612,valve_0180_lidar_classes.ply
1,149,valve_0180_lidar_classes.ply
2,79,valve_0180_lidar_classes.ply
3,662,valve_0180_lidar_classes.ply
4,72,valve_0180_lidar_classes.ply
5,812,valve_0180_lidar_classes.ply
6,660,valve_0180_lidar_classes.ply
7,401,valve_0180_lidar_classes.ply
8,597,valve_0180_lidar_classes.ply
9,2775,valve_0180_lidar_classes.ply
0,519,valve_0181_lidar_classes.ply
1,161,valve_0181_lidar_classes.ply
2,71,valve_0181_lidar_classes.ply
3,575,valve_0181_lidar_classes.ply
4,89,valve_0181_lidar_classes.ply
5,883,valve_0181_lidar_classes.ply
6,630,valve_0181_lidar_classes.ply
7,424,valve_0181_lidar_classes.ply
8,634,valve_0181_lidar_classes.ply
9,3035,valve_0181_lidar_classes.ply
0,689,valve_0182_lidar_classes.ply
1,165,valve_0182_lidar_classes.ply
2,72,valve_0182_lidar_classes.ply
3,550,valve_0182_lidar_classes.ply
4,91,valve_0182_lidar_classes.ply
5,1048,valve_0182_lidar_classes.ply
6,360,valve_0182_lidar_classes.ply
7,430,valve_0182_lidar_classes.ply
8,755,valve_0182_lidar_classes.ply
9,2799,valve_0182_lidar_classes.ply
0,876,valve_0183_lidar_classes.ply
1,192,valve_0183_lidar_classes.ply
2,67,valve_0183_lidar_classes.ply
3,677,valve_0183_lidar_classes.ply
4,124,valve_0183_lidar_classes.ply
5,841,valve_0183_lidar_classes.ply
6,797,valve_0183_lidar_classes.ply
7,453,valve_0183_lidar_classes.ply
8,682,valve_0183_lidar_classes.ply
9,2641,valve_0183_lidar_classes.ply
0,898,valve_0184_lidar_classes.ply
1,150,valve_0184_lidar_classes.ply
2,82,valve_0184_lidar_classes.ply
3,507,valve_0184_lidar_classes.ply
4,65,valve_0184_lidar_classes.ply
5,1095,valve_0184_lidar_classes.ply
6,384,valve_0184_lidar_classes.ply
7,430,valve_0184_lidar_classes.ply
8,842,valve_0184_lidar_classes.ply
9,3150,valve_0184_lidar_classes.ply
0,942,valve_0185_lidar_classes.ply
1,161,valve_0185_lidar_classes.ply
2,81,valve_0185_lidar_classes.ply
3,591,valve_0185_lidar_classes.ply
4,80,valve_0185_lidar_classes.ply
5,1028,valve_0185_lidar_classes.ply
6,376,valve_0185_lidar_classes.ply
7,426,valve_0185_lidar_classes.ply
8,637,valve_0185_lidar_classes.ply
9,3332,valve_0185_lidar_classes.ply
0,905,valve_0186_lidar_classes.ply
1,175,valve_0186_lidar_classes.ply
2,79,valve_0186_lidar_classes.ply
3,514,valve_0186_lidar_classes.ply
4,66,valve_0186_lidar_classes.ply
5,930,valve_0186_lidar_classes.ply
6,429,valve_0186_lidar_classes.ply
7,484,valve_0186_lidar_classes.ply
8,751,valve_0186_lidar_classes.ply
9,3265,valve_0186_lidar_classes.ply
0,420,valve_0187_lidar_classes.ply
1,164,valve_0187_lidar_classes.ply
2,72,valve_0187_lidar_classes.ply
3,565,valve_0187_lidar_classes.ply
4,71,valve_0187_lidar_classes.ply
5,930,valve_0187_lidar_classes.ply
6,658,valve_0187_lidar_classes.ply
7,427,valve_0187_lidar_classes.ply
8,690,valve_0187_lidar_classes.ply
9,2766,valve_0187_lidar_classes.ply
0,677,valve_0188_lidar_classes.ply
1,199,valve_0188_lidar_classes.ply
2,95,valve_0188_lidar_classes.ply
3,755,valve_0188_lidar_classes.ply
4,97,valve_0188_lidar_classes.ply
5,1123,valve_0188_lidar_classes.ply
6,472,valve_0188_lidar_classes.ply
7,433,valve_0188_lidar_classes.ply
8,727,valve_0188_lidar_classes.ply
9,3408,valve_0188_lidar_classes.ply
0,647,valve_0189_lidar_classes.ply
1,221,valve_0189_lidar_classes.ply
2,106,valve_0189_lidar_classes.ply
3,790,valve_0189_lidar_classes.ply
4,91,valve_0189_lidar_classes.ply
5,1246,valve_0189_lidar_classes.ply
6,489,valve_0189_lidar_classes.ply
7,475,valve_0189_lidar_classes.ply
8,798,valve_0189_lidar_classes.ply
9,3412,valve_0189_lidar_classes.ply
0,680,valve_0190_lidar_classes.ply
1,145,valve_0190_lidar_classes.ply
2,79,valve_0190_lidar_classes.ply
3,621,valve_0190_lidar_classes.ply
4,45,valve_0190_lidar_classes.ply
5,931,valve_0190_lidar_classes.ply
6,674,valve_0190_lidar_classes.ply
7,362,valve_0190_lidar_classes.ply
8,696,valve_0190_lidar_classes.ply
9,2937,valve_0190_lidar_classes.ply
0,413,valve_0191_lidar_classes.ply
1,149,valve_0191_lidar_classes.ply
2,70,valve_0191_lidar_classes.ply
3,581,valve_0191_lidar_classes.ply
4,49,valve_0191_lidar_classes.ply
5,873,valve_0191_lidar_classes.ply
6,611,valve_0191_lidar_classes.ply
7,427,valve_0191_lidar_classes.ply
8,658,valve_0191_lidar_classes.ply
9,2740,valve_0191_lidar_classes.ply
0,675,valve_0192_lidar_classes.ply
1,219,valve_0192_lidar_classes.ply
2,95,valve_0192_lidar_classes.ply
3,773,valve_0192_lidar_classes.ply
4,85,valve_0192_lidar_classes.ply
5,1060,valve_0192_lidar_classes.ply
6,492,valve_0192_lidar_classes.ply
7,477,valve_0192_lidar_classes.ply
8,661,valve_0192_lidar_classes.ply
9,3831,valve_0192_lidar_classes.ply
0,934,valve_0193_lidar_classes.ply
1,127,valve_0193_lidar_classes.ply
2,73,valve_0193_lidar_classes.ply
3,569,valve_0193_lidar_classes.ply
4,54,valve_0193_lidar_classes.ply
5,981,valve_0193_lidar_classes.ply
6,408,valve_0193_lidar_classes.ply
7,400,valve_0193_lidar_classes.ply
8,757,valve_0193_lidar_classes.ply
9,3124,valve_0193_lidar_classes.ply
0,587,valve_0194_lidar_classes.ply
1,173,valve_0194_lidar_classes.ply
2,81,valve_0194_lidar_classes.ply
3,570,valve_0194_lidar_classes.ply
4,63,valve_0194_lidar_classes.ply
5,1090,valve_0194_lidar_classes.ply
6,538,valve_0194_lidar_classes.ply
7,459,valve_0194_lidar_classes.ply
8,809,valve_0194_lidar_classes.ply
9,3074,valve_0194_lidar_classes.ply
0,668,valve_0195_lidar_classes.ply
1,215,valve_0195_lidar_classes.ply
2,107,valve_0195_lidar_classes.ply
3,781,valve_0195_lidar_classes.ply
4,104,valve_0195_lidar_classes.ply
5,1129,valve_0195_lidar_classes.ply
6,1010,valve_0195_lidar_classes.ply
7,529,valve_0195_lidar_classes.ply
8,694,valve_0195_lidar_classes.ply
9,3088,valve_0195_lidar_classes.ply
0,730,valve_0196_lidar_classes.ply
1,151,valve_0196_lidar_classes.ply
2,61,valve_0196_lidar_classes.ply
3,482,valve_0196_lidar_classes.ply
4,64,valve_0196_lidar_classes.ply
5,891,valve_0196_lidar_classes.ply
6,288,valve_0196_lidar_classes.ply
7,382,valve_0196_lidar_classes.ply
8,726,valve_0196_lidar_classes.ply
9,3030,valve_0196_lidar_classes.ply
0,497,valve_0197_lidar_classes.ply
1,173,valve_0197_lidar_classes.ply
2,68,valve_0197_lidar_classes.ply
3,568,valve_0197_lidar_classes.ply
4,70,valve_0197_lidar_classes.ply
5,978,valve_0197_lidar_classes.ply
6,619,valve_0197_lidar_classes.ply
7,396,valve_0197_lidar_classes.ply
8,721,valve_0197_lidar_classes.ply
9,2769,valve_0197_lidar_classes.ply
0,632,valve_0198_lidar_classes.ply
1,230,valve_0198_lidar_classes.ply
2,88,valve_0198_lidar_classes.ply
3,712,valve_0198_lidar_classes.ply
4,92,valve_0198_lidar_classes.ply
5,1040,valve_0198_lidar_classes.ply
6,438,valve_0198_lidar_classes.ply
7,506,valve_0198_lidar_classes.ply
8,658,valve_0198_lidar_classes.ply
9,3151,valve_0198_lidar_classes.ply
0,729,valve_0199_lidar_classes.ply
1,152,valve_0199_lidar_classes.ply
2,67,valve_0199_lidar_classes.ply
3,465,valve_0199_lidar_classes.ply
4,75,valve_0199_lidar_classes.ply
5,862,valve_0199_lidar_classes.ply
6,305,valve_0199_lidar_classes.ply
7,458,valve_0199_lidar_classes.ply
8,697,valve_0199_lidar_classes.ply
9,2760,valve_0199_lidar_classes.ply
0,476,valve_0200_lidar_classes.ply
1,136,valve_0200_lidar_classes.ply
2,67,valve_0200_lidar_classes.ply
3,555,valve_0200_lidar_classes.ply
4,71,valve_0200_lidar_classes.ply
5,954,valve_0200_lidar_classes.ply
6,571,valve_0200_lidar_classes.ply
7,403,valve_0200_lidar_classes.ply
8,658,valve_0200_lidar_classes.ply
9,2774,valve_0200_lidar_classes.ply
0,625,valve_0201_lidar_classes.ply
1,185,valve_0201_lidar_classes.ply
2,76,valve_0201_lidar_classes.ply
3,751,valve_0201_lidar_classes.ply
4,84,valve_0201_lidar_classes.ply
5,1133,valve_0201_lidar_classes.ply
6,419,valve_0201_lidar_classes.ply
7,390,valve_0201_lidar_classes.ply
8,741,valve_0201_lidar_classes.ply
9,3262,valve_0201_lidar_classes.ply
0,635,valve_0202_lidar_classes.ply
1,176,valve_0202_lidar_classes.ply
2,81,valve_0202_lidar_classes.ply
3,687,valve_0202_lidar_classes.ply
4,90,valve_0202_lidar_classes.ply
5,944,valve_0202_lidar_classes.ply
6,884,valve_0202_lidar_classes.ply
7,438,valve_0202_lidar_classes.ply
8,640,valve_0202_lidar_classes.ply
9,2772,valve_0202_lidar_classes.ply
0,613,valve_0203_lidar_classes.ply
1,152,valve_0203_lidar_classes.ply
2,77,valve_0203_lidar_classes.ply
3,559,valve_0203_lidar_classes.ply
4,87,valve_0203_lidar_classes.ply
5,973,valve_0203_lidar_classes.ply
6,553,valve_0203_lidar_classes.ply
7,507,valve_0203_lidar_classes.ply
8,760,valve_0203_lidar_classes.ply
9,2807,valve_0203_lidar_classes.ply
0,658,valve_0204_lidar_classes.ply
1,144,valve_0204_lidar_classes.ply
2,84,valve_0204_lidar_classes.ply
3,569,valve_0204_lidar_classes.ply
4,94,valve_0204_lidar_classes.ply
5,894,valve_0204_lidar_classes.ply
6,493,valve_0204_lidar_classes.ply
7,478,valve_0204_lidar_classes.ply
8,715,valve_0204_lidar_classes.ply
9,3096,valve_0204_lidar_classes.ply
0,896,valve_0205_lidar_classes.ply
1,165,valve_0205_lidar_classes.ply
2,75,valve_0205_lidar_classes.ply
3,474,valve_0205_lidar_classes.ply
4,71,valve_0205_lidar_classes.ply
5,906,valve_0205_lidar_classes.ply
6,357,valve_0205_lidar_classes.ply
7,495,valve_0205_lidar_classes.ply
8,711,valve_0205_lidar_classes.ply
9,3348,valve_0205_lidar_classes.ply
0,503,valve_0206_lidar_classes.ply
1,152,valve_0206_lidar_classes.ply
2,70,valve_0206_lidar_classes.ply
3,590,valve_0206_lidar_classes.ply
4,66,valve_0206_lidar_classes.ply
5,1077,valve_0206_lidar_classes.ply
6,601,valve_0206_lidar_classes.ply
7,407,valve_0206_lidar_classes.ply
8,724,valve_0206_lidar_classes.ply
9,2980,valve_0206_lidar_classes.ply
0,525,valve_0207_lidar_classes.ply
1,140,valve_0207_lidar_classes.ply
2,72,valve_0207_lidar_classes.ply
3,666,valve_0207_lidar_classes.ply
4,59,valve_0207_lidar_classes.ply
5,855,valve_0207_lidar_classes.ply
6,653,valve_0207_lidar_classes.ply
7,406,valve_0207_lidar_classes.ply
8,605,valve_0207_lidar_classes.ply
9,2957,valve_0207_lidar_classes.ply
0,578,valve_0208_lidar_classes.ply
1,179,valve_0208_lidar_classes.ply
2,71,valve_0208_lidar_classes.ply
3,646,valve_0208_lidar_classes.ply
4,83,valve_0208_lidar_classes.ply
5,1054,valve_0208_lidar_classes.ply
6,544,valve_0208_lidar_classes.ply
7,434,valve_0208_lidar_classes.ply
8,787,valve_0208_lidar_classes.ply
9,2952,valve_0208_lidar_classes.ply
0,451,valve_0209_lidar_classes.ply
1,175,valve_0209_lidar_classes.ply
2,79,valve_0209_lidar_classes.ply
3,556,valve_0209_lidar_classes.ply
4,57,valve_0209_lidar_classes.ply
5,983,valve_0209_lidar_classes.ply
6,657,valve_0209_lidar_classes.ply
7,411,valve_0209_lidar_classes.ply
8,688,valve_0209_lidar_classes.ply
9,2554,valve_0209_lidar_classes.ply
0,816,valve_0210_lidar_classes.ply
1,172,valve_0210_lidar_classes.ply
2,66,valve_0210_lidar_classes.ply
3,663,valve_0210_lidar_classes.ply
4,73,valve_0210_lidar_classes.ply
5,890,valve_0210_lidar_classes.ply
6,679,valve_0210_lidar_classes.ply
7,441,valve_0210_lidar_classes.ply
8,641,valve_0210_lidar_classes.ply
9,2809,valve_0210_lidar_classes.ply
0,623,valve_0211_lidar_classes.ply
1,176,valve_0211_lidar_classes.ply
2,77,valve_0211_lidar_classes.ply
3,714,valve_0211_lidar_classes.ply
4,79,valve_0211_lidar_classes.ply
5,1225,valve_0211_lidar_classes.ply
6,408,valve_0211_lidar_classes.ply
7,386,valve_0211_lidar_classes.ply
8,812,valve_0211_lidar_classes.ply
9,2934,valve_0211_lidar_classes.ply
0,673,valve_0212_lidar_classes.ply
1,192,valve_0212_lidar_classes.ply
2,87,valve_0212_lidar_classes.ply
3,787,valve_0212_lidar_classes.ply
4,108,valve_0212_lidar_classes.ply
5,1115,valve_0212_lidar_classes.ply
6,484,valve_0212_lidar_classes.ply
7,441,valve_0212_lidar_classes.ply
8,795,valve_0212_lidar_classes.ply
9,3413,valve_0212_lidar_classes.ply
0,601,valve_0213_lidar_classes.ply
1,176,valve_0213_lidar_classes.ply
2,89,valve_0213_lidar_classes.ply
3,706,valve_0213_lidar_classes.ply
4,85,valve_0213_lidar_classes.ply
5,1050,valve_0213_lidar_classes.ply
6,881,valve_0213_lidar_classes.ply
7,466,valve_0213_lidar_classes.ply
8,689,valve_0213_lidar_classes.ply
9,2881,valve_0213_lidar_classes.ply
0,499,valve_0214_lidar_classes.ply
1,153,valve_0214_lidar_classes.ply
2,70,valve_0214_lidar_classes.ply
3,544,valve_0214_lidar_classes.ply
4,48,valve_0214_lidar_classes.ply
5,965,valve_0214_lidar_classes.ply
6,584,valve_0214_lidar_classes.ply
7,385,valve_0214_lidar_classes.ply
8,687,valve_0214_lidar_classes.ply
9,2945,valve_0214_lidar_classes.ply
0,760,valve_0215_lidar_classes.ply
1,134,valve_0215_lidar_classes.ply
2,59,valve_0215_lidar_classes.ply
3,441,valve_0215_lidar_classes.ply
4,57,valve_0215_lidar_classes.ply
5,850,valve_0215_lidar_classes.ply
6,317,valve_0215_lidar_classes.ply
7,502,valve_0215_lidar_classes.ply
8,659,valve_0215_lidar_classes.ply
9,2903,valve_0215_lidar_classes.ply
0,584,valve_0216_lidar_classes.ply
1,178,valve_0216_lidar_classes.ply
2,80,valve_0216_lidar_classes.ply
3,685,valve_0216_lidar_classes.ply
4,90,valve_0216_lidar_classes.ply
5,1204,valve_0216_lidar_classes.ply
6,450,valve_0216_lidar_classes.ply
7,445,valve_0216_lidar_classes.ply
8,762,valve_0216_lidar_classes.ply
9,2917,valve_0216_lidar_classes.ply
0,485,valve_0217_lidar_classes.ply
1,153,valve_0217_lidar_classes.ply
2,74,valve_0217_lidar_classes.ply
3,620,valve_0217_lidar_classes.ply
4,69,valve_0217_lidar_classes.ply
5,925,valve_0217_lidar_classes.ply
6,642,valve_0217_lidar_classes.ply
7,453,valve_0217_lidar_classes.ply
8,623,valve_0217_lidar_classes.ply
9,2726,valve_0217_lidar_classes.ply
0,589,valve_0218_lidar_classes.ply
1,143,valve_0218_lidar_classes.ply
2,81,valve_0218_lidar_classes.ply
3,636,valve_0218_lidar_classes.ply
4,71,valve_0218_lidar_classes.ply
5,911,valve_0218_lidar_classes.ply
6,641,valve_0218_lidar_classes.ply
7,429,valve_0218_lidar_classes.ply
8,654,valve_0218_lidar_classes.ply
9,2754,valve_0218_lidar_classes.ply
0,882,valve_0219_lidar_classes.ply
1,196,valve_0219_lidar_classes.ply
2,62,valve_0219_lidar_classes.ply
3,702,valve_0219_lidar_classes.ply
4,85,valve_0219_lidar_classes.ply
5,825,valve_0219_lidar_classes.ply
6,886,valve_0219_lidar_classes.ply
7,486,valve_0219_lidar_classes.ply
8,669,valve_0219_lidar_classes.ply
9,2635,valve_0219_lidar_classes.ply
0,696,valve_0220_lidar_classes.ply
1,231,valve_0220_lidar_classes.ply
2,93,valve_0220_lidar_classes.ply
3,760,valve_0220_lidar_classes.ply
4,75,valve_0220_lidar_classes.ply
5,1071,valve_0220_lidar_classes.ply
6,471,valve_0220_lidar_classes.ply
7,476,valve_0220_lidar_classes.ply
8,693,valve_0220_lidar_classes.ply
9,3686,valve_0220_lidar_classes.ply
0,582,valve_0221_lidar_classes.ply
1,169,valve_0221_lidar_classes.ply
2,71,valve_0221_lidar_classes.ply
3,649,valve_0221_lidar_classes.ply
4,67,valve_0221_lidar_classes.ply
5,984,valve_0221_lidar_classes.ply
6,547,valve_0221_lidar_classes.ply
7,410,valve_0221_lidar_classes.ply
8,615,valve_0221_lidar_classes.ply
9,3462,valve_0221_lidar_classes.ply
0,700,valve_0222_lidar_classes.ply
1,136,valve_0222_lidar_classes.ply
2,51,valve_0222_lidar_classes.ply
3,428,valve_0222_lidar_classes.ply
4,52,valve_0222_lidar_classes.ply
5,866,valve_0222_lidar_classes.ply
6,308,valve_0222_lidar_classes.ply
7,381,valve_0222_lidar_classes.ply
8,706,valve_0222_lidar_classes.ply
9,2931,valve_0222_lidar_classes.ply
0,744,valve_0223_lidar_classes.ply
1,156,valve_0223_lidar_classes.ply
2,73,valve_0223_lidar_classes.ply
3,557,valve_0223_lidar_classes.ply
4,73,valve_0223_lidar_classes.ply
5,909,valve_0223_lidar_classes.ply
6,327,valve_0223_lidar_classes.ply
7,420,valve_0223_lidar_classes.ply
8,772,valve_0223_lidar_classes.ply
9,3100,valve_0223_lidar_classes.ply
0,879,valve_0224_lidar_classes.ply
1,140,valve_0224_lidar_classes.ply
2,74,valve_0224_lidar_classes.ply
3,448,valve_0224_lidar_classes.ply
4,58,valve_0224_lidar_classes.ply
5,831,valve_0224_lidar_classes.ply
6,388,valve_0224_lidar_classes.ply
7,485,valve_0224_lidar_classes.ply
8,696,valve_0224_lidar_classes.ply
9,3276,valve_0224_lidar_classes.ply
0,419,valve_0225_lidar_classes.ply
1,151,valve_0225_lidar_classes.ply
2,77,valve_0225_lidar_classes.ply
3,551,valve_0225_lidar_classes.ply
4,68,valve_0225_lidar_classes.ply
5,964,valve_0225_lidar_classes.ply
6,549,valve_0225_lidar_classes.ply
7,421,valve_0225_lidar_classes.ply
8,631,valve_0225_lidar_classes.ply
9,2466,valve_0225_lidar_classes.ply
0,505,valve_0226_lidar_classes.ply
1,167,valve_0226_lidar_classes.ply
2,63,valve_0226_lidar_classes.ply
3,575,valve_0226_lidar_classes.ply
4,61,valve_0226_lidar_classes.ply
5,998,valve_0226_lidar_classes.ply
6,650,valve_0226_lidar_classes.ply
7,405,valve_0226_lidar_classes.ply
8,765,valve_0226_lidar_classes.ply
9,2839,valve_0226_lidar_classes.ply
0,640,valve_0227_lidar_classes.ply
1,174,valve_0227_lidar_classes.ply
2,88,valve_0227_lidar_classes.ply
3,746,valve_0227_lidar_classes.ply
4,69,valve_0227_lidar_classes.ply
5,1098,valve_0227_lidar_classes.ply
6,472,valve_0227_lidar_classes.ply
7,514,valve_0227_lidar_classes.ply
8,662,valve_0227_lidar_classes.ply
9,3661,valve_0227_lidar_classes.ply
0,881,valve_0228_lidar_classes.ply
1,120,valve_0228_lidar_classes.ply
2,73,valve_0228_lidar_classes.ply
3,482,valve_0228_lidar_classes.ply
4,71,valve_0228_lidar_classes.ply
5,842,valve_0228_lidar_classes.ply
6,413,valve_0228_lidar_classes.ply
7,455,valve_0228_lidar_classes.ply
8,750,valve_0228_lidar_classes.ply
9,3233,valve_0228_lidar_classes.ply
0,656,valve_0229_lidar_classes.ply
1,157,valve_0229_lidar_classes.ply
2,83,valve_0229_lidar_classes.ply
3,663,valve_0229_lidar_classes.ply
4,85,valve_0229_lidar_classes.ply
5,911,valve_0229_lidar_classes.ply
6,666,valve_0229_lidar_classes.ply
7,386,valve_0229_lidar_classes.ply
8,707,valve_0229_lidar_classes.ply
9,2632,valve_0229_lidar_classes.ply
0,720,valve_0230_lidar_classes.ply
1,158,valve_0230_lidar_classes.ply
2,81,valve_0230_lidar_classes.ply
3,571,valve_0230_lidar_classes.ply
4,92,valve_0230_lidar_classes.ply
5,982,valve_0230_lidar_classes.ply
6,370,valve_0230_lidar_classes.ply
7,506,valve_0230_lidar_classes.ply
8,750,valve_0230_lidar_classes.ply
9,3013,valve_0230_lidar_classes.ply
0,500,valve_0231_lidar_classes.ply
1,142,valve_0231_lidar_classes.ply
2,72,valve_0231_lidar_classes.ply
3,596,valve_0231_lidar_classes.ply
4,72,valve_0231_lidar_classes.ply
5,927,valve_0231_lidar_classes.ply
6,614,valve_0231_lidar_classes.ply
7,375,valve_0231_lidar_classes.ply
8,706,valve_0231_lidar_classes.ply
9,2493,valve_0231_lidar_classes.ply
0,673,valve_0232_lidar_classes.ply
1,210,valve_0232_lidar_classes.ply
2,88,valve_0232_lidar_classes.ply
3,750,valve_0232_lidar_classes.ply
4,96,valve_0232_lidar_classes.ply
5,1210,valve_0232_lidar_classes.ply
6,418,valve_0232_lidar_classes.ply
7,432,valve_0232_lidar_classes.ply
8,743,valve_0232_lidar_classes.ply
9,3156,valve_0232_lidar_classes.ply
0,540,valve_0233_lidar_classes.ply
1,147,valve_0233_lidar_classes.ply
2,73,valve_0233_lidar_classes.ply
3,639,valve_0233_lidar_classes.ply
4,77,valve_0233_lidar_classes.ply
5,873,valve_0233_lidar_classes.ply
6,669,valve_0233_lidar_classes.ply
7,417,valve_0233_lidar_classes.ply
8,695,valve_0233_lidar_classes.ply
9,2490,valve_0233_lidar_classes.ply
0,677,valve_0234_lidar_classes.ply
1,167,valve_0234_lidar_classes.ply
2,74,valve_0234_lidar_classes.ply
3,559,valve_0234_lidar_classes.ply
4,77,valve_0234_lidar_classes.ply
5,1121,valve_0234_lidar_classes.ply
6,328,valve_0234_lidar_classes.ply
7,445,valve_0234_lidar_classes.ply
8,798,valve_0234_lidar_classes.ply
9,2919,valve_0234_lidar_classes.ply
0,746,valve_0235_lidar_classes.ply
1,186,valve_0235_lidar_classes.ply
2,59,valve_0235_lidar_classes.ply
3,450,valve_0235_lidar_classes.ply
4,86,valve_0235_lidar_classes.ply
5,704,valve_0235_lidar_classes.ply
6,303,valve_0235_lidar_classes.ply
7,442,valve_0235_lidar_classes.ply
8,607,valve_0235_lidar_classes.ply
9,3047,valve_0235_lidar_classes.ply
0,555,valve_0236_lidar_classes.ply
1,170,valve_0236_lidar_classes.ply
2,59,valve_0236_lidar_classes.ply
3,579,valve_0236_lidar_classes.ply
4,73,valve_0236_lidar_classes.ply
5,976,valve_0236_lidar_classes.ply
6,548,valve_0236_lidar_classes.ply
7,409,valve_0236_lidar_classes.ply
8,626,valve_0236_lidar_classes.ply
9,2928,valve_0236_lidar_classes.ply
0,362,valve_0237_lidar_classes.ply
1,171,valve_0237_lidar_classes.ply
2,83,valve_0237_lidar_classes.ply
3,538,valve_0237_lidar_classes.ply
4,76,valve_0237_lidar_classes.ply
5,984,valve_0237_lidar_classes.ply
6,565,valve_0237_lidar_classes.ply
7,424,valve_0237_lidar_classes.ply
8,665,valve_0237_lidar_classes.ply
9,2746,valve_0237_lidar_classes.ply
0,626,valve_0238_lidar_classes.ply
1,151,valve_0238_lidar_classes.ply
2,84,valve_0238_lidar_classes.ply
3,577,valve_0238_lidar_classes.ply
4,96,valve_0238_lidar_classes.ply
5,1100,valve_0238_lidar_classes.ply
6,407,valve_0238_lidar_classes.ply
7,465,valve_0238_lidar_classes.ply
8,892,valve_0238_lidar_classes.ply
9,2991,valve_0238_lidar_classes.ply
0,896,valve_0239_lidar_classes.ply
1,215,valve_0239_lidar_classes.ply
2,79,valve_0239_lidar_classes.ply
3,726,valve_0239_lidar_classes.ply
4,114,valve_0239_lidar_classes.ply
5,1322,valve_0239_lidar_classes.ply
6,980,valve_0239_lidar_classes.ply
7,478,valve_0239_lidar_classes.ply
8,688,valve_0239_lidar_classes.ply
9,2617,valve_0239_lidar_classes.ply
0,719,valve_0240_lidar_classes.ply
1,162,valve_0240_lidar_classes.ply
2,51,valve_0240_lidar_classes.ply
3,450,valve_0240_lidar_classes.ply
4,78,valve_0240_lidar_classes.ply
5,944,valve_0240_lidar_classes.ply
6,294,valve_0240_lidar_classes.ply
7,328,valve_0240_lidar_classes.ply
8,717,valve_0240_lidar_classes.ply
9,2824,valve_0240_lidar_classes.ply
0,531,valve_0241_lidar_classes.ply
1,147,valve_0241_lidar_classes.ply
2,74,valve_0241_lidar_classes.ply
3,622,valve_0241_lidar_classes.ply
4,76,valve_0241_lidar_classes.ply
5,907,valve_0241_lidar_classes.ply
6,621,valve_0241_lidar_classes.ply
7,364,valve_0241_lidar_classes.ply
8,760,valve_0241_lidar_classes.ply
9,2362,valve_0241_lidar_classes.ply
0,729,valve_0242_lidar_classes.ply
1,233,valve_0242_lidar_classes.ply
2,98,valve_0242_lidar_classes.ply
3,793,valve_0242_lidar_classes.ply
4,119,valve_0242_lidar_classes.ply
5,1073,valve_0242_lidar_classes.ply
6,947,valve_0242_lidar_classes.ply
7,439,valve_0242_lidar_classes.ply
8,771,valve_0242_lidar_classes.ply
9,2758,valve_0242_lidar_classes.ply
0,880,valve_0243_lidar_classes.ply
1,122,valve_0243_lidar_classes.ply
2,59,valve_0243_lidar_classes.ply
3,473,valve_0243_lidar_classes.ply
4,69,valve_0243_lidar_classes.ply
5,1003,valve_0243_lidar_classes.ply
6,371,valve_0243_lidar_classes.ply
7,387,valve_0243_lidar_classes.ply
8,901,valve_0243_lidar_classes.ply
9,2884,valve_0243_lidar_classes.ply
0,507,valve_0244_lidar_classes.ply
1,137,valve_0244_lidar_classes.ply
2,78,valve_0244_lidar_classes.ply
3,657,valve_0244_lidar_classes.ply
4,66,valve_0244_lidar_classes.ply
5,852,valve_0244_lidar_classes.ply
6,674,valve_0244_lidar_classes.ply
7,397,valve_0244_lidar_classes.ply
8,633,valve_0244_lidar_classes.ply
9,2880,valve_0244_lidar_classes.ply
0,826,valve_0245_lidar_classes.ply
1,163,valve_0245_lidar_classes.ply
2,96,valve_0245_lidar_classes.ply
3,654,valve_0245_lidar_classes.ply
4,91,valve_0245_lidar_classes.ply
5,1064,valve_0245_lidar_classes.ply
6,448,valve_0245_lidar_classes.ply
7,411,valve_0245_lidar_classes.ply
8,744,valve_0245_lidar_classes.ply
9,3247,valve_0245_lidar_classes.ply
0,398,valve_0246_lidar_classes.ply
1,147,valve_0246_lidar_classes.ply
2,74,valve_0246_lidar_classes.ply
3,582,valve_0246_lidar_classes.ply
4,73,valve_0246_lidar_classes.ply
5,904,valve_0246_lidar_classes.ply
6,603,valve_0246_lidar_classes.ply
7,405,valve_0246_lidar_classes.ply
8,652,valve_0246_lidar_classes.ply
9,2856,valve_0246_lidar_classes.ply
0,681,valve_0247_lidar_classes.ply
1,217,valve_0247_lidar_classes.ply
2,90,valve_0247_lidar_classes.ply
3,784,valve_0247_lidar_classes.ply
4,94,valve_0247_lidar_classes.ply
5,1139,valve_0247_lidar_classes.ply
6,469,valve_0247_lidar_classes.ply
7,464,valve_0247_lidar_classes.ply
8,780,valve_0247_lidar_classes.ply
9,3464,valve_0247_lidar_classes.ply
0,850,valve_0248_lidar_classes.ply
1,219,valve_0248_lidar_classes.ply
2,78,valve_0248_lidar_classes.ply
3,826,valve_0248_lidar_classes.ply
4,137,valve_0248_lidar_classes.ply
5,1204,valve_0248_lidar_classes.ply
6,879,valve_0248_lidar_classes.ply
7,447,valve_0248_lidar_classes.ply
8,736,valve_0248_lidar_classes.ply
9,2972,valve_0248_lidar_classes.ply
0,510,valve_0249_lidar_classes.ply
1,158,valve_0249_lidar_classes.ply
2,72,valve_0249_lidar_classes.ply
3,567,valve_0249_lidar_classes.ply
4,72,valve_0249_lidar_classes.ply
5,955,valve_0249_lidar_classes.ply
6,621,valve_0249_lidar_classes.ply
7,377,valve_0249_lidar_classes.ply
8,662,valve_0249_lidar_classes.ply
9,2981,valve_0249_lidar_classes.ply
0,932,valve_0250_lidar_classes.ply
1,158,valve_0250_lidar_classes.ply
2,81,valve_0250_lidar_classes.ply
3,619,valve_0250_lidar_classes.ply
4,74,valve_0250_lidar_classes.ply
5,1062,valve_0250_lidar_classes.ply
6,436,valve_0250_lidar_classes.ply
7,381,valve_0250_lidar_classes.ply
8,776,valve_0250_lidar_classes.ply
9,3224,valve_0250_lidar_classes.ply
0,524,valve_0251_lidar_classes.ply
1,143,valve_0251_lidar_classes.ply
2,75,valve_0251_lidar_classes.ply
3,626,valve_0251_lidar_classes.ply
4,56,valve_0251_lidar_classes.ply
5,1031,valve_0251_lidar_classes.ply
6,534,valve_0251_lidar_classes.ply
7,387,valve_0251_lidar_classes.ply
8,714,valve_0251_lidar_classes.ply
9,2456,valve_0251_lidar_classes.ply
0,478,valve_0252_lidar_classes.ply
1,136,valve_0252_lidar_classes.ply
2,76,valve_0252_lidar_classes.ply
3,591,valve_0252_lidar_classes.ply
4,56,valve_0252_lidar_classes.ply
5,846,valve_0252_lidar_classes.ply
6,619,valve_0252_lidar_classes.ply
7,390,valve_0252_lidar_classes.ply
8,677,valve_0252_lidar_classes.ply
9,2632,valve_0252_lidar_classes.ply
0,676,valve_0253_lidar_classes.ply
1,214,valve_0253_lidar_classes.ply
2,104,valve_0253_lidar_classes.ply
3,779,valve_0253_lidar_classes.ply
4,92,valve_0253_lidar_classes.ply
5,1197,valve_0253_lidar_classes.ply
6,505,valve_0253_lidar_classes.ply
7,441,valve_0253_lidar_classes.ply
8,788,valve_0253_lidar_classes.ply
9,3162,valve_0253_lidar_classes.ply
0,840,valve_0254_lidar_classes.ply
1,158,valve_0254_lidar_classes.ply
2,73,valve_0254_lidar_classes.ply
3,527,valve_0254_lidar_classes.ply
4,63,valve_0254_lidar_classes.ply
5,1124,valve_0254_lidar_classes.ply
6,278,valve_0254_lidar_classes.ply
7,477,valve_0254_lidar_classes.ply
8,772,valve_0254_lidar_classes.ply
9,2997,valve_0254_lidar_classes.ply
0,926,valve_0255_lidar_classes.ply
1,144,valve_0255_lidar_classes.ply
2,74,valve_0255_lidar_classes.ply
3,510,valve_0255_lidar_classes.ply
4,76,valve_0255_lidar_classes.ply
5,940,valve_0255_lidar_classes.ply
6,424,valve_0255_lidar_classes.ply
7,446,valve_0255_lidar_classes.ply
8,688,valve_0255_lidar_classes.ply
9,3054,valve_0255_lidar_classes.ply
0,687,valve_0256_lidar_classes.ply
1,199,valve_0256_lidar_classes.ply
2,89,valve_0256_lidar_classes.ply
3,759,valve_0256_lidar_classes.ply
4,78,valve_0256_lidar_classes.ply
5,1120,valve_0256_lidar_classes.ply
6,487,valve_0256_lidar_classes.ply
7,500,valve_0256_lidar_classes.ply
8,762,valve_0256_lidar_classes.ply
9,3586,valve_0256_lidar_classes.ply
0,875,valve_0257_lidar_classes.ply
1,245,valve_0257_lidar_classes.ply
2,92,valve_0257_lidar_classes.ply
3,765,valve_0257_lidar_classes.ply
4,92,valve_0257_lidar_classes.ply
5,1120,valve_0257_lidar_classes.ply
6,987,valve_0257_lidar_classes.ply
7,440,valve_0257_lidar_classes.ply
8,628,valve_0257_lidar_classes.ply
9,3030,valve_0257_lidar_classes.ply
0,661,valve_0258_lidar_classes.ply
1,159,valve_0258_lidar_classes.ply
2,82,valve_0258_lidar_classes.ply
3,579,valve_0258_lidar_classes.ply
4,67,valve_0258_lidar_classes.ply
5,1130,valve_0258_lidar_classes.ply
6,462,valve_0258_lidar_classes.ply
7,510,valve_0258_lidar_classes.ply
8,770,valve_0258_lidar_classes.ply
9,3072,valve_0258_lidar_classes.ply
0,740,valve_0259_lidar_classes.ply
1,172,valve_0259_lidar_classes.ply
2,75,valve_0259_lidar_classes.ply
3,674,valve_0259_lidar_classes.ply
4,87,valve_0259_lidar_classes.ply
5,974,valve_0259_lidar_classes.ply
6,770,valve_0259_lidar_classes.ply
7,418,valve_0259_lidar_classes.ply
8,637,valve_0259_lidar_classes.ply
9,2810,valve_0259_lidar_classes.ply
0,409,valve_0260_lidar_classes.ply
1,169,valve_0260_lidar_classes.ply
2,74,valve_0260_lidar_classes.ply
3,558,valve_0260_lidar_classes.ply
4,70,valve_0260_lidar_classes.ply
5,888,valve_0260_lidar_classes.ply
6,628,valve_0260_lidar_classes.ply
7,408,valve_0260_lidar_classes.ply
8,682,valve_0260_lidar_classes.ply
9,2954,valve_0260_lidar_classes.ply
0,681,valve_0261_lidar_classes.ply
1,191,valve_0261_lidar_classes.ply
2,109,valve_0261_lidar_classes.ply
3,726,valve_0261_lidar_classes.ply
4,94,valve_0261_lidar_classes.ply
5,1187,valve_0261_lidar_classes.ply
6,437,valve_0261_lidar_classes.ply
7,385,valve_0261_lidar_classes.ply
8,932,valve_0261_lidar_classes.ply
9,3019,valve_0261_lidar_classes.ply
0,620,valve_0262_lidar_classes.ply
1,154,valve_0262_lidar_classes.ply
2,76,valve_0262_lidar_classes.ply
3,571,valve_0262_lidar_classes.ply
4,87,valve_0262_lidar_classes.ply
5,937,valve_0262_lidar_classes.ply
6,494,valve_0262_lidar_classes.ply
7,511,valve_0262_lidar_classes.ply
8,676,valve_0262_lidar_classes.ply
9,3263,valve_0262_lidar_classes.ply
0,509,valve_0263_lidar_classes.ply
1,146,valve_0263_lidar_classes.ply
2,69,valve_0263_lidar_classes.ply
3,571,valve_0263_lidar_classes.ply
4,40,valve_0263_lidar_classes.ply
5,841,valve_0263_lidar_classes.ply
6,627,valve_0263_lidar_classes.ply
7,396,valve_0263_lidar_classes.ply
8,606,valve_0263_lidar_classes.ply
9,2670,valve_0263_lidar_classes.ply
0,577,valve_0264_lidar_classes.ply
1,186,valve_0264_lidar_classes.ply
2,79,valve_0264_lidar_classes.ply
3,668,valve_0264_lidar_classes.ply
4,73,valve_0264_lidar_classes.ply
5,988,valve_0264_lidar_classes.ply
6,461,valve_0264_lidar_classes.ply
7,391,valve_0264_lidar_classes.ply
8,606,valve_0264_lidar_classes.ply
9,3253,valve_0264_lidar_classes.ply
0,604,valve_0265_lidar_classes.ply
1,186,valve_0265_lidar_classes.ply
2,82,valve_0265_lidar_classes.ply
3,720,valve_0265_lidar_classes.ply
4,91,valve_0265_lidar_classes.ply
5,1096,valve_0265_lidar_classes.ply
6,512,valve_0265_lidar_classes.ply
7,438,valve_0265_lidar_classes.ply
8,710,valve_0265_lidar_classes.ply
9,3235,valve_0265_lidar_classes.ply
0,888,valve_0266_lidar_classes.ply
1,203,valve_0266_lidar_classes.ply
2,71,valve_0266_lidar_classes.ply
3,711,valve_0266_lidar_classes.ply
4,105,valve_0266_lidar_classes.ply
5,967,valve_0266_lidar_classes.ply
6,923,valve_0266_lidar_classes.ply
7,452,valve_0266_lidar_classes.ply
8,739,valve_0266_lidar_classes.ply
9,2486,valve_0266_lidar_classes.ply
0,858,valve_0267_lidar_classes.ply
1,234,valve_0267_lidar_classes.ply
2,80,valve_0267_lidar_classes.ply
3,782,valve_0267_lidar_classes.ply
4,117,valve_0267_lidar_classes.ply
5,1226,valve_0267_lidar_classes.ply
6,924,valve_0267_lidar_classes.ply
7,424,valve_0267_lidar_classes.ply
8,798,valve_0267_lidar_classes.ply
9,2741,valve_0267_lidar_classes.ply
0,629,valve_0268_lidar_classes.ply
1,160,valve_0268_lidar_classes.ply
2,69,valve_0268_lidar_classes.ply
3,679,valve_0268_lidar_classes.ply
4,88,valve_0268_lidar_classes.ply
5,988,valve_0268_lidar_classes.ply
6,682,valve_0268_lidar_classes.ply
7,406,valve_0268_lidar_classes.ply
8,633,valve_0268_lidar_classes.ply
9,2774,valve_0268_lidar_classes.ply
0,633,valve_0269_lidar_classes.ply
1,182,valve_0269_lidar_classes.ply
2,110,valve_0269_lidar_classes.ply
3,772,valve_0269_lidar_classes.ply
4,126,valve_0269_lidar_classes.ply
5,1091,valve_0269_lidar_classes.ply
6,506,valve_0269_lidar_classes.ply
7,474,valve_0269_lidar_classes.ply
8,734,valve_0269_lidar_classes.ply
9,3589,valve_0269_lidar_classes.ply
0,722,valve_0270_lidar_classes.ply
1,160,valve_0270_lidar_classes.ply
2,77,valve_0270_lidar_classes.ply
3,659,valve_0270_lidar_classes.ply
4,79,valve_0270_lidar_classes.ply
5,927,valve_0270_lidar_classes.ply
6,748,valve_0270_lidar_classes.ply
7,399,valve_0270_lidar_classes.ply
8,693,valve_0270_lidar_classes.ply
9,2440,valve_0270_lidar_classes.ply
0,455,valve_0271_lidar_classes.ply
1,176,valve_0271_lidar_classes.ply
2,69,valve_0271_lidar_classes.ply
3,590,valve_0271_lidar_classes.ply
4,68,valve_0271_lidar_classes.ply
5,1016,valve_0271_lidar_classes.ply
6,610,valve_0271_lidar_classes.ply
7,375,valve_0271_lidar_classes.ply
8,748,valve_0271_lidar_classes.ply
9,2921,valve_0271_lidar_classes.ply
0,727,valve_0272_lidar_classes.ply
1,155,valve_0272_lidar_classes.ply
2,56,valve_0272_lidar_classes.ply
3,451,valve_0272_lidar_classes.ply
4,66,valve_0272_lidar_classes.ply
5,916,valve_0272_lidar_classes.ply
6,291,valve_0272_lidar_classes.ply
7,272,valve_0272_lidar_classes.ply
8,666,valve_0272_lidar_classes.ply
9,2706,valve_0272_lidar_classes.ply
0,910,valve_0273_lidar_classes.ply
1,169,valve_0273_lidar_classes.ply
2,69,valve_0273_lidar_classes.ply
3,678,valve_0273_lidar_classes.ply
4,76,valve_0273_lidar_classes.ply
5,1148,valve_0273_lidar_classes.ply
6,915,valve_0273_lidar_classes.ply
7,521,valve_0273_lidar_classes.ply
8,699,valve_0273_lidar_classes.ply
9,2537,valve_0273_lidar_classes.ply
0,565,valve_0274_lidar_classes.ply
1,173,valve_0274_lidar_classes.ply
2,68,valve_0274_lidar_classes.ply
3,673,valve_0274_lidar_classes.ply
4,72,valve_0274_lidar_classes.ply
5,1099,valve_0274_lidar_classes.ply
6,573,valve_0274_lidar_classes.ply
7,404,valve_0274_lidar_classes.ply
8,767,valve_0274_lidar_classes.ply
9,2998,valve_0274_lidar_classes.ply
0,768,valve_0275_lidar_classes.ply
1,117,valve_0275_lidar_classes.ply
2,56,valve_0275_lidar_classes.ply
3,436,valve_0275_lidar_classes.ply
4,53,valve_0275_lidar_classes.ply
5,836,valve_0275_lidar_classes.ply
6,344,valve_0275_lidar_classes.ply
7,423,valve_0275_lidar_classes.ply
8,629,valve_0275_lidar_classes.ply
9,2912,valve_0275_lidar_classes.ply
0,832,valve_0276_lidar_classes.ply
1,212,valve_0276_lidar_classes.ply
2,60,valve_0276_lidar_classes.ply
3,688,valve_0276_lidar_classes.ply
4,86,valve_0276_lidar_classes.ply
5,800,valve_0276_lidar_classes.ply
6,772,valve_0276_lidar_classes.ply
7,438,valve_0276_lidar_classes.ply
8,603,valve_0276_lidar_classes.ply
9,2693,valve_0276_lidar_classes.ply
0,742,valve_0277_lidar_classes.ply
1,180,valve_0277_lidar_classes.ply
2,98,valve_0277_lidar_classes.ply
3,701,valve_0277_lidar_classes.ply
4,58,valve_0277_lidar_classes.ply
5,1003,valve_0277_lidar_classes.ply
6,429,valve_0277_lidar_classes.ply
7,419,valve_0277_lidar_classes.ply
8,696,valve_0277_lidar_classes.ply
9,3725,valve_0277_lidar_classes.ply
0,504,valve_0278_lidar_classes.ply
1,139,valve_0278_lidar_classes.ply
2,86,valve_0278_lidar_classes.ply
3,601,valve_0278_lidar_classes.ply
4,69,valve_0278_lidar_classes.ply
5,894,valve_0278_lidar_classes.ply
6,618,valve_0278_lidar_classes.ply
7,435,valve_0278_lidar_classes.ply
8,620,valve_0278_lidar_classes.ply
9,2737,valve_0278_lidar_classes.ply
0,701,valve_0279_lidar_classes.ply
1,190,valve_0279_lidar_classes.ply
2,94,valve_0279_lidar_classes.ply
3,761,valve_0279_lidar_classes.ply
4,129,valve_0279_lidar_classes.ply
5,1161,valve_0279_lidar_classes.ply
6,456,valve_0279_lidar_classes.ply
7,461,valve_0279_lidar_classes.ply
8,778,valve_0279_lidar_classes.ply
9,3214,valve_0279_lidar_classes.ply
0,855,valve_0280_lidar_classes.ply
1,225,valve_0280_lidar_classes.ply
2,75,valve_0280_lidar_classes.ply
3,786,valve_0280_lidar_classes.ply
4,134,valve_0280_lidar_classes.ply
5,1132,valve_0280_lidar_classes.ply
6,1035,valve_0280_lidar_classes.ply
7,419,valve_0280_lidar_classes.ply
8,762,valve_0280_lidar_classes.ply
9,2649,valve_0280_lidar_classes.ply
0,542,valve_0281_lidar_classes.ply
1,160,valve_0281_lidar_classes.ply
2,72,valve_0281_lidar_classes.ply
3,556,valve_0281_lidar_classes.ply
4,65,valve_0281_lidar_classes.ply
5,906,valve_0281_lidar_classes.ply
6,606,valve_0281_lidar_classes.ply
7,389,valve_0281_lidar_classes.ply
8,624,valve_0281_lidar_classes.ply
9,2998,valve_0281_lidar_classes.ply
0,838,valve_0282_lidar_classes.ply
1,185,valve_0282_lidar_classes.ply
2,69,valve_0282_lidar_classes.ply
3,690,valve_0282_lidar_classes.ply
4,93,valve_0282_lidar_classes.ply
5,937,valve_0282_lidar_classes.ply
6,758,valve_0282_lidar_classes.ply
7,468,valve_0282_lidar_classes.ply
8,612,valve_0282_lidar_classes.ply
9,2723,valve_0282_lidar_classes.ply
0,616,valve_0283_lidar_classes.ply
1,179,valve_0283_lidar_classes.ply
2,72,valve_0283_lidar_classes.ply
3,661,valve_0283_lidar_classes.ply
4,80,valve_0283_lidar_classes.ply
5,1149,valve_0283_lidar_classes.ply
6,447,valve_0283_lidar_classes.ply
7,392,valve_0283_lidar_classes.ply
8,760,valve_0283_lidar_classes.ply
9,2831,valve_0283_lidar_classes.ply
0,610,valve_0284_lidar_classes.ply
1,145,valve_0284_lidar_classes.ply
2,80,valve_0284_lidar_classes.ply
3,655,valve_0284_lidar_classes.ply
4,51,valve_0284_lidar_classes.ply
5,984,valve_0284_lidar_classes.ply
6,637,valve_0284_lidar_classes.ply
7,427,valve_0284_lidar_classes.ply
8,663,valve_0284_lidar_classes.ply
9,2674,valve_0284_lidar_classes.ply
0,802,valve_0285_lidar_classes.ply
1,125,valve_0285_lidar_classes.ply
2,62,valve_0285_lidar_classes.ply
3,447,valve_0285_lidar_classes.ply
4,50,valve_0285_lidar_classes.ply
5,906,valve_0285_lidar_classes.ply
6,335,valve_0285_lidar_classes.ply
7,459,valve_0285_lidar_classes.ply
8,840,valve_0285_lidar_classes.ply
9,3087,valve_0285_lidar_classes.ply
0,643,valve_0286_lidar_classes.ply
1,224,valve_0286_lidar_classes.ply
2,100,valve_0286_lidar_classes.ply
3,787,valve_0286_lidar_classes.ply
4,112,valve_0286_lidar_classes.ply
5,1189,valve_0286_lidar_classes.ply
6,965,valve_0286_lidar_classes.ply
7,543,valve_0286_lidar_classes.ply
8,771,valve_0286_lidar_classes.ply
9,2745,valve_0286_lidar_classes.ply
0,786,valve_0287_lidar_classes.ply
1,174,valve_0287_lidar_classes.ply
2,78,valve_0287_lidar_classes.ply
3,698,valve_0287_lidar_classes.ply
4,104,valve_0287_lidar_classes.ply
5,1075,valve_0287_lidar_classes.ply
6,739,valve_0287_lidar_classes.ply
7,443,valve_0287_lidar_classes.ply
8,688,valve_0287_lidar_classes.ply
9,2593,valve_0287_lidar_classes.ply
0,655,valve_0288_lidar_classes.ply
1,181,valve_0288_lidar_classes.ply
2,92,valve_0288_lidar_classes.ply
3,706,valve_0288_lidar_classes.ply
4,78,valve_0288_lidar_classes.ply
5,944,valve_0288_lidar_classes.ply
6,893,valve_0288_lidar_classes.ply
7,469,valve_0288_lidar_classes.ply
8,646,valve_0288_lidar_classes.ply
9,2902,valve_0288_lidar_classes.ply
0,618,valve_0289_lidar_classes.ply
1,161,valve_0289_lidar_classes.ply
2,75,valve_0289_lidar_classes.ply
3,653,valve_0289_lidar_classes.ply
4,76,valve_0289_lidar_classes.ply
5,925,valve_0289_lidar_classes.ply
6,659,valve_0289_lidar_classes.ply
7,436,valve_0289_lidar_classes.ply
8,673,valve_0289_lidar_classes.ply
9,2557,valve_0289_lidar_classes.ply
0,430,valve_0290_lidar_classes.ply
1,178,valve_0290_lidar_classes.ply
2,67,valve_0290_lidar_classes.ply
3,568,valve_0290_lidar_classes.ply
4,59,valve_0290_lidar_classes.ply
5,1060,valve_0290_lidar_classes.ply
6,567,valve_0290_lidar_classes.ply
7,362,valve_0290_lidar_classes.ply
8,686,valve_0290_lidar_classes.ply
9,2970,valve_0290_lidar_classes.ply
0,723,valve_0291_lidar_classes.ply
1,168,valve_0291_lidar_classes.ply
2,84,valve_0291_lidar_classes.ply
3,681,valve_0291_lidar_classes.ply
4,71,valve_0291_lidar_classes.ply
5,1032,valve_0291_lidar_classes.ply
6,660,valve_0291_lidar_classes.ply
7,419,valve_0291_lidar_classes.ply
8,635,valve_0291_lidar_classes.ply
9,2663,valve_0291_lidar_classes.ply
0,824,valve_0292_lidar_classes.ply
1,182,valve_0292_lidar_classes.ply
2,64,valve_0292_lidar_classes.ply
3,530,valve_0292_lidar_classes.ply
4,77,valve_0292_lidar_classes.ply
5,890,valve_0292_lidar_classes.ply
6,323,valve_0292_lidar_classes.ply
7,470,valve_0292_lidar_classes.ply
8,782,valve_0292_lidar_classes.ply
9,3006,valve_0292_lidar_classes.ply
0,592,valve_0293_lidar_classes.ply
1,211,valve_0293_lidar_classes.ply
2,81,valve_0293_lidar_classes.ply
3,662,valve_0293_lidar_classes.ply
4,83,valve_0293_lidar_classes.ply
5,988,valve_0293_lidar_classes.ply
6,489,valve_0293_lidar_classes.ply
7,409,valve_0293_lidar_classes.ply
8,705,valve_0293_lidar_classes.ply
9,3377,valve_0293_lidar_classes.ply
0,655,valve_0294_lidar_classes.ply
1,145,valve_0294_lidar_classes.ply
2,76,valve_0294_lidar_classes.ply
3,644,valve_0294_lidar_classes.ply
4,69,valve_0294_lidar_classes.ply
5,825,valve_0294_lidar_classes.ply
6,692,valve_0294_lidar_classes.ply
7,392,valve_0294_lidar_classes.ply
8,583,valve_0294_lidar_classes.ply
9,2905,valve_0294_lidar_classes.ply
0,656,valve_0295_lidar_classes.ply
1,236,valve_0295_lidar_classes.ply
2,109,valve_0295_lidar_classes.ply
3,763,valve_0295_lidar_classes.ply
4,106,valve_0295_lidar_classes.ply
5,1300,valve_0295_lidar_classes.ply
6,481,valve_0295_lidar_classes.ply
7,494,valve_0295_lidar_classes.ply
8,858,valve_0295_lidar_classes.ply
9,3246,valve_0295_lidar_classes.ply
0,860,valve_0296_lidar_classes.ply
1,124,valve_0296_lidar_classes.ply
2,58,valve_0296_lidar_classes.ply
3,444,valve_0296_lidar_classes.ply
4,61,valve_0296_lidar_classes.ply
5,931,valve_0296_lidar_classes.ply
6,374,valve_0296_lidar_classes.ply
7,504,valve_0296_lidar_classes.ply
8,784,valve_0296_lidar_classes.ply
9,2910,valve_0296_lidar_classes.ply
0,835,valve_0297_lidar_classes.ply
1,166,valve_0297_lidar_classes.ply
2,74,valve_0297_lidar_classes.ply
3,487,valve_0297_lidar_classes.ply
4,81,valve_0297_lidar_classes.ply
5,795,valve_0297_lidar_classes.ply
6,299,valve_0297_lidar_classes.ply
7,443,valve_0297_lidar_classes.ply
8,708,valve_0297_lidar_classes.ply
9,3125,valve_0297_lidar_classes.ply
0,604,valve_0298_lidar_classes.ply
1,155,valve_0298_lidar_classes.ply
2,81,valve_0298_lidar_classes.ply
3,675,valve_0298_lidar_classes.ply
4,67,valve_0298_lidar_classes.ply
5,1196,valve_0298_lidar_classes.ply
6,418,valve_0298_lidar_classes.ply
7,407,valve_0298_lidar_classes.ply
8,810,valve_0298_lidar_classes.ply
9,3126,valve_0298_lidar_classes.ply
0,808,valve_0299_lidar_classes.ply
1,188,valve_0299_lidar_classes.ply
2,69,valve_0299_lidar_classes.ply
3,711,valve_0299_lidar_classes.ply
4,99,valve_0299_lidar_classes.ply
5,995,valve_0299_lidar_classes.ply
6,861,valve_0299_lidar_classes.ply
7,464,valve_0299_lidar_classes.ply
8,633,valve_0299_lidar_classes.ply
9,2586,valve_0299_lidar_classes.ply
0,683,valve_0300_lidar_classes.ply
1,195,valve_0300_lidar_classes.ply
2,93,valve_0300_lidar_classes.ply
3,784,valve_0300_lidar_classes.ply
4,79,valve_0300_lidar_classes.ply
5,1184,valve_0300_lidar_classes.ply
6,463,valve_0300_lidar_classes.ply
7,467,valve_0300_lidar_classes.ply
8,665,valve_0300_lidar_classes.ply
9,3946,valve_0300_lidar_classes.ply
0,621,valve_0301_lidar_classes.ply
1,164,valve_0301_lidar_classes.ply
2,77,valve_0301_lidar_classes.ply
3,582,valve_0301_lidar_classes.ply
4,83,valve_0301_lidar_classes.ply
5,961,valve_0301_lidar_classes.ply
6,451,valve_0301_lidar_classes.ply
7,492,valve_0301_lidar_classes.ply
8,837,valve_0301_lidar_classes.ply
9,2976,valve_0301_lidar_classes.ply
0,467,valve_0302_lidar_classes.ply
1,147,valve_0302_lidar_classes.ply
2,68,valve_0302_lidar_classes.ply
3,559,valve_0302_lidar_classes.ply
4,49,valve_0302_lidar_classes.ply
5,840,valve_0302_lidar_classes.ply
6,550,valve_0302_lidar_classes.ply
7,373,valve_0302_lidar_classes.ply
8,603,valve_0302_lidar_classes.ply
9,2833,valve_0302_lidar_classes.ply
0,587,valve_0303_lidar_classes.ply
1,162,valve_0303_lidar_classes.ply
2,63,valve_0303_lidar_classes.ply
3,644,valve_0303_lidar_classes.ply
4,77,valve_0303_lidar_classes.ply
5,1112,valve_0303_lidar_classes.ply
6,608,valve_0303_lidar_classes.ply
7,420,valve_0303_lidar_classes.ply
8,756,valve_0303_lidar_classes.ply
9,3016,valve_0303_lidar_classes.ply
0,658,valve_0304_lidar_classes.ply
1,174,valve_0304_lidar_classes.ply
2,101,valve_0304_lidar_classes.ply
3,737,valve_0304_lidar_classes.ply
4,90,valve_0304_lidar_classes.ply
5,1248,valve_0304_lidar_classes.ply
6,431,valve_0304_lidar_classes.ply
7,400,valve_0304_lidar_classes.ply
8,951,valve_0304_lidar_classes.ply
9,3130,valve_0304_lidar_classes.ply
0,546,valve_0305_lidar_classes.ply
1,150,valve_0305_lidar_classes.ply
2,82,valve_0305_lidar_classes.ply
3,625,valve_0305_lidar_classes.ply
4,70,valve_0305_lidar_classes.ply
5,869,valve_0305_lidar_classes.ply
6,640,valve_0305_lidar_classes.ply
7,392,valve_0305_lidar_classes.ply
8,681,valve_0305_lidar_classes.ply
9,2627,valve_0305_lidar_classes.ply
0,932,valve_0306_lidar_classes.ply
1,215,valve_0306_lidar_classes.ply
2,63,valve_0306_lidar_classes.ply
3,737,valve_0306_lidar_classes.ply
4,118,valve_0306_lidar_classes.ply
5,1225,valve_0306_lidar_classes.ply
6,883,valve_0306_lidar_classes.ply
7,454,valve_0306_lidar_classes.ply
8,683,valve_0306_lidar_classes.ply
9,2357,valve_0306_lidar_classes.ply
0,726,valve_0307_lidar_classes.ply
1,160,valve_0307_lidar_classes.ply
2,65,valve_0307_lidar_classes.ply
3,454,valve_0307_lidar_classes.ply
4,60,valve_0307_lidar_classes.ply
5,873,valve_0307_lidar_classes.ply
6,293,valve_0307_lidar_classes.ply
7,394,valve_0307_lidar_classes.ply
8,695,valve_0307_lidar_classes.ply
9,2952,valve_0307_lidar_classes.ply
0,654,valve_0308_lidar_classes.ply
1,196,valve_0308_lidar_classes.ply
2,95,valve_0308_lidar_classes.ply
3,759,valve_0308_lidar_classes.ply
4,112,valve_0308_lidar_classes.ply
5,1219,valve_0308_lidar_classes.ply
6,448,valve_0308_lidar_classes.ply
7,507,valve_0308_lidar_classes.ply
8,761,valve_0308_lidar_classes.ply
9,3372,valve_0308_lidar_classes.ply
0,930,valve_0309_lidar_classes.ply
1,135,valve_0309_lidar_classes.ply
2,77,valve_0309_lidar_classes.ply
3,557,valve_0309_lidar_classes.ply
4,89,valve_0309_lidar_classes.ply
5,995,valve_0309_lidar_classes.ply
6,452,valve_0309_lidar_classes.ply
7,404,valve_0309_lidar_classes.ply
8,647,valve_0309_lidar_classes.ply
9,3171,valve_0309_lidar_classes.ply
0,769,valve_0310_lidar_classes.ply
1,143,valve_0310_lidar_classes.ply
2,52,valve_0310_lidar_classes.ply
3,427,valve_0310_lidar_classes.ply
4,42,valve_0310_lidar_classes.ply
5,789,valve_0310_lidar_classes.ply
6,365,valve_0310_lidar_classes.ply
7,434,valve_0310_lidar_classes.ply
8,633,valve_0310_lidar_classes.ply
9,2885,valve_0310_lidar_classes.ply
0,365,valve_0311_lidar_classes.ply
1,151,valve_0311_lidar_classes.ply
2,70,valve_0311_lidar_classes.ply
3,569,valve_0311_lidar_classes.ply
4,87,valve_0311_lidar_classes.ply
5,830,valve_0311_lidar_classes.ply
6,614,valve_0311_lidar_classes.ply
7,396,valve_0311_lidar_classes.ply
8,617,valve_0311_lidar_classes.ply
9,3021,valve_0311_lidar_classes.ply
0,375,valve_0312_lidar_classes.ply
1,167,valve_0312_lidar_classes.ply
2,76,valve_0312_lidar_classes.ply
3,555,valve_0312_lidar_classes.ply
4,63,valve_0312_lidar_classes.ply
5,918,valve_0312_lidar_classes.ply
6,620,valve_0312_lidar_classes.ply
7,393,valve_0312_lidar_classes.ply
8,681,valve_0312_lidar_classes.ply
9,2879,valve_0312_lidar_classes.ply
0,809,valve_0313_lidar_classes.ply
1,152,valve_0313_lidar_classes.ply
2,74,valve_0313_lidar_classes.ply
3,549,valve_0313_lidar_classes.ply
4,85,valve_0313_lidar_classes.ply
5,967,valve_0313_lidar_classes.ply
6,325,valve_0313_lidar_classes.ply
7,527,valve_0313_lidar_classes.ply
8,761,valve_0313_lidar_classes.ply
9,2961,valve_0313_lidar_classes.ply
0,663,valve_0314_lidar_classes.ply
1,167,valve_0314_lidar_classes.ply
2,75,valve_0314_lidar_classes.ply
3,547,valve_0314_lidar_classes.ply
4,77,valve_0314_lidar_classes.ply
5,1070,valve_0314_lidar_classes.ply
6,650,valve_0314_lidar_classes.ply
7,422,valve_0314_lidar_classes.ply
8,741,valve_0314_lidar_classes.ply
9,2724,valve_0314_lidar_classes.ply
0,631,valve_0315_lidar_classes.ply
1,204,valve_0315_lidar_classes.ply
2,94,valve_0315_lidar_classes.ply
3,763,valve_0315_lidar_classes.ply
4,85,valve_0315_lidar_classes.ply
5,1048,valve_0315_lidar_classes.ply
6,902,valve_0315_lidar_classes.ply
7,482,valve_0315_lidar_classes.ply
8,689,valve_0315_lidar_classes.ply
9,3135,valve_0315_lidar_classes.ply
0,442,valve_0316_lidar_classes.ply
1,167,valve_0316_lidar_classes.ply
2,63,valve_0316_lidar_classes.ply
3,551,valve_0316_lidar_classes.ply
4,67,valve_0316_lidar_classes.ply
5,933,valve_0316_lidar_classes.ply
6,587,valve_0316_lidar_classes.ply
7,377,valve_0316_lidar_classes.ply
8,674,valve_0316_lidar_classes.ply
9,2771,valve_0316_lidar_classes.ply
0,721,valve_0317_lidar_classes.ply
1,197,valve_0317_lidar_classes.ply
2,61,valve_0317_lidar_classes.ply
3,472,valve_0317_lidar_classes.ply
4,78,valve_0317_lidar_classes.ply
5,907,valve_0317_lidar_classes.ply
6,292,valve_0317_lidar_classes.ply
7,455,valve_0317_lidar_classes.ply
8,836,valve_0317_lidar_classes.ply
9,2858,valve_0317_lidar_classes.ply
0,480,valve_0318_lidar_classes.ply
1,167,valve_0318_lidar_classes.ply
2,76,valve_0318_lidar_classes.ply
3,585,valve_0318_lidar_classes.ply
4,61,valve_0318_lidar_classes.ply
5,855,valve_0318_lidar_classes.ply
6,644,valve_0318_lidar_classes.ply
7,437,valve_0318_lidar_classes.ply
8,574,valve_0318_lidar_classes.ply
9,2668,valve_0318_lidar_classes.ply
0,460,valve_0319_lidar_classes.ply
1,144,valve_0319_lidar_classes.ply
2,76,valve_0319_lidar_classes.ply
3,539,valve_0319_lidar_classes.ply
4,66,valve_0319_lidar_classes.ply
5,836,valve_0319_lidar_classes.ply
6,557,valve_0319_lidar_classes.ply
7,368,valve_0319_lidar_classes.ply
8,605,valve_0319_lidar_classes.ply
9,2731,valve_0319_lidar_classes.ply
0,653,valve_0320_lidar_classes.ply
1,207,valve_0320_lidar_classes.ply
2,100,valve_0320_lidar_classes.ply
3,777,valve_0320_lidar_classes.ply
4,82,valve_0320_lidar_classes.ply
5,1113,valve_0320_lidar_classes.ply
6,979,valve_0320_lidar_classes.ply
7,529,valve_0320_lidar_classes.ply
8,628,valve_0320_lidar_classes.ply
9,3334,valve_0320_lidar_classes.ply
0,897,valve_0321_lidar_classes.ply
1,159,valve_0321_lidar_classes.ply
2,64,valve_0321_lidar_classes.ply
3,718,valve_0321_lidar_classes.ply
4,93,valve_0321_lidar_classes.ply
5,914,valve_0321_lidar_classes.ply
6,966,valve_0321_lidar_classes.ply
7,505,valve_0321_lidar_classes.ply
8,694,valve_0321_lidar_classes.ply
9,2568,valve_0321_lidar_classes.ply
0,825,valve_0322_lidar_classes.ply
1,202,valve_0322_lidar_classes.ply
2,61,valve_0322_lidar_classes.ply
3,721,valve_0322_lidar_classes.ply
4,105,valve_0322_lidar_classes.ply
5,988,valve_0322_lidar_classes.ply
6,864,valve_0322_lidar_classes.ply
7,458,valve_0322_lidar_classes.ply
8,660,valve_0322_lidar_classes.ply
9,2633,valve_0322_lidar_classes.ply
0,609,valve_0323_lidar_classes.ply
1,208,valve_0323_lidar_classes.ply
2,80,valve_0323_lidar_classes.ply
3,693,valve_0323_lidar_classes.ply
4,99,valve_0323_lidar_classes.ply
5,1155,valve_0323_lidar_classes.ply
6,495,valve_0323_lidar_classes.ply
7,410,valve_0323_lidar_classes.ply
8,825,valve_0323_lidar_classes.ply
9,3111,valve_0323_lidar_classes.ply
0,808,valve_0324_lidar_classes.ply
1,159,valve_0324_lidar_classes.ply
2,60,valve_0324_lidar_classes.ply
3,494,valve_0324_lidar_classes.ply
4,77,valve_0324_lidar_classes.ply
5,917,valve_0324_lidar_classes.ply
6,305,valve_0324_lidar_classes.ply
7,471,valve_0324_lidar_classes.ply
8,863,valve_0324_lidar_classes.ply
9,2898,valve_0324_lidar_classes.ply
0,619,valve_0325_lidar_classes.ply
1,199,valve_0325_lidar_classes.ply
2,100,valve_0325_lidar_classes.ply
3,742,valve_0325_lidar_classes.ply
4,121,valve_0325_lidar_classes.ply
5,1178,valve_0325_lidar_classes.ply
6,922,valve_0325_lidar_classes.ply
7,491,valve_0325_lidar_classes.ply
8,784,valve_0325_lidar_classes.ply
9,2727,valve_0325_lidar_classes.ply
0,615,valve_0326_lidar_classes.ply
1,169,valve_0326_lidar_classes.ply
2,90,valve_0326_lidar_classes.ply
3,629,valve_0326_lidar_classes.ply
4,85,valve_0326_lidar_classes.ply
5,1064,valve_0326_lidar_classes.ply
6,815,valve_0326_lidar_classes.ply
7,436,valve_0326_lidar_classes.ply
8,601,valve_0326_lidar_classes.ply
9,2858,valve_0326_lidar_classes.ply
0,425,valve_0327_lidar_classes.ply
1,158,valve_0327_lidar_classes.ply
2,77,valve_0327_lidar_classes.ply
3,544,valve_0327_lidar_classes.ply
4,79,valve_0327_lidar_classes.ply
5,975,valve_0327_lidar_classes.ply
6,557,valve_0327_lidar_classes.ply
7,411,valve_0327_lidar_classes.ply
8,646,valve_0327_lidar_classes.ply
9,2685,valve_0327_lidar_classes.ply
0,470,valve_0328_lidar_classes.ply
1,147,valve_0328_lidar_classes.ply
2,86,valve_0328_lidar_classes.ply
3,609,valve_0328_lidar_classes.ply
4,63,valve_0328_lidar_classes.ply
5,969,valve_0328_lidar_classes.ply
6,613,valve_0328_lidar_classes.ply
7,418,valve_0328_lidar_classes.ply
8,707,valve_0328_lidar_classes.ply
9,2672,valve_0328_lidar_classes.ply
0,953,valve_0329_lidar_classes.ply
1,172,valve_0329_lidar_classes.ply
2,82,valve_0329_lidar_classes.ply
3,571,valve_0329_lidar_classes.ply
4,64,valve_0329_lidar_classes.ply
5,981,valve_0329_lidar_classes.ply
6,432,valve_0329_lidar_classes.ply
7,427,valve_0329_lidar_classes.ply
8,700,valve_0329_lidar_classes.ply
9,3002,valve_0329_lidar_classes.ply
0,596,valve_0330_lidar_classes.ply
1,161,valve_0330_lidar_classes.ply
2,87,valve_0330_lidar_classes.ply
3,591,valve_0330_lidar_classes.ply
4,94,valve_0330_lidar_classes.ply
5,1082,valve_0330_lidar_classes.ply
6,826,valve_0330_lidar_classes.ply
7,450,valve_0330_lidar_classes.ply
8,703,valve_0330_lidar_classes.ply
9,2710,valve_0330_lidar_classes.ply
0,659,valve_0331_lidar_classes.ply
1,193,valve_0331_lidar_classes.ply
2,86,valve_0331_lidar_classes.ply
3,749,valve_0331_lidar_classes.ply
4,116,valve_0331_lidar_classes.ply
5,1004,valve_0331_lidar_classes.ply
6,899,valve_0331_lidar_classes.ply
7,495,valve_0331_lidar_classes.ply
8,629,valve_0331_lidar_classes.ply
9,2861,valve_0331_lidar_classes.ply
0,964,valve_0332_lidar_classes.ply
1,161,valve_0332_lidar_classes.ply
2,83,valve_0332_lidar_classes.ply
3,601,valve_0332_lidar_classes.ply
4,44,valve_0332_lidar_classes.ply
5,1019,valve_0332_lidar_classes.ply
6,466,valve_0332_lidar_classes.ply
7,402,valve_0332_lidar_classes.ply
8,687,valve_0332_lidar_classes.ply
9,2946,valve_0332_lidar_classes.ply
0,717,valve_0333_lidar_classes.ply
1,165,valve_0333_lidar_classes.ply
2,56,valve_0333_lidar_classes.ply
3,471,valve_0333_lidar_classes.ply
4,69,valve_0333_lidar_classes.ply
5,757,valve_0333_lidar_classes.ply
6,303,valve_0333_lidar_classes.ply
7,379,valve_0333_lidar_classes.ply
8,596,valve_0333_lidar_classes.ply
9,3339,valve_0333_lidar_classes.ply
0,639,valve_0334_lidar_classes.ply
1,199,valve_0334_lidar_classes.ply
2,100,valve_0334_lidar_classes.ply
3,777,valve_0334_lidar_classes.ply
4,83,valve_0334_lidar_classes.ply
5,1232,valve_0334_lidar_classes.ply
6,912,valve_0334_lidar_classes.ply
7,502,valve_0334_lidar_classes.ply
8,741,valve_0334_lidar_classes.ply
9,3089,valve_0334_lidar_classes.ply
0,893,valve_0335_lidar_classes.ply
1,134,valve_0335_lidar_classes.ply
2,64,valve_0335_lidar_classes.ply
3,476,valve_0335_lidar_classes.ply
4,45,valve_0335_lidar_classes.ply
5,938,valve_0335_lidar_classes.ply
6,377,valve_0335_lidar_classes.ply
7,494,valve_0335_lidar_classes.ply
8,769,valve_0335_lidar_classes.ply
9,3120,valve_0335_lidar_classes.ply
0,745,valve_0336_lidar_classes.ply
1,180,valve_0336_lidar_classes.ply
2,66,valve_0336_lidar_classes.ply
3,504,valve_0336_lidar_classes.ply
4,83,valve_0336_lidar_classes.ply
5,907,valve_0336_lidar_classes.ply
6,287,valve_0336_lidar_classes.ply
7,453,valve_0336_lidar_classes.ply
8,796,valve_0336_lidar_classes.ply
9,3186,valve_0336_lidar_classes.ply
0,918,valve_0337_lidar_classes.ply
1,163,valve_0337_lidar_classes.ply
2,90,valve_0337_lidar_classes.ply
3,582,valve_0337_lidar_classes.ply
4,72,valve_0337_lidar_classes.ply
5,1063,valve_0337_lidar_classes.ply
6,449,valve_0337_lidar_classes.ply
7,448,valve_0337_lidar_classes.ply
8,745,valve_0337_lidar_classes.ply
9,3182,valve_0337_lidar_classes.ply
0,467,valve_0338_lidar_classes.ply
1,147,valve_0338_lidar_classes.ply
2,87,valve_0338_lidar_classes.ply
3,585,valve_0338_lidar_classes.ply
4,40,valve_0338_lidar_classes.ply
5,923,valve_0338_lidar_classes.ply
6,590,valve_0338_lidar_classes.ply
7,387,valve_0338_lidar_classes.ply
8,635,valve_0338_lidar_classes.ply
9,2943,valve_0338_lidar_classes.ply
0,691,valve_0339_lidar_classes.ply
1,144,valve_0339_lidar_classes.ply
2,75,valve_0339_lidar_classes.ply
3,652,valve_0339_lidar_classes.ply
4,61,valve_0339_lidar_classes.ply
5,922,valve_0339_lidar_classes.ply
6,640,valve_0339_lidar_classes.ply
7,375,valve_0339_lidar_classes.ply
8,717,valve_0339_lidar_classes.ply
9,2551,valve_0339_lidar_classes.ply
0,816,valve_0340_lidar_classes.ply
1,176,valve_0340_lidar_classes.ply
2,70,valve_0340_lidar_classes.ply
3,502,valve_0340_lidar_classes.ply
4,79,valve_0340_lidar_classes.ply
5,1050,valve_0340_lidar_classes.ply
6,268,valve_0340_lidar_classes.ply
7,495,valve_0340_lidar_classes.ply
8,761,valve_0340_lidar_classes.ply
9,3071,valve_0340_lidar_classes.ply
0,715,valve_0341_lidar_classes.ply
1,209,valve_0341_lidar_classes.ply
2,91,valve_0341_lidar_classes.ply
3,763,valve_0341_lidar_classes.ply
4,75,valve_0341_lidar_classes.ply
5,1037,valve_0341_lidar_classes.ply
6,539,valve_0341_lidar_classes.ply
7,415,valve_0341_lidar_classes.ply
8,658,valve_0341_lidar_classes.ply
9,3546,valve_0341_lidar_classes.ply
0,502,valve_0342_lidar_classes.ply
1,147,valve_0342_lidar_classes.ply
2,77,valve_0342_lidar_classes.ply
3,594,valve_0342_lidar_classes.ply
4,67,valve_0342_lidar_classes.ply
5,926,valve_0342_lidar_classes.ply
6,659,valve_0342_lidar_classes.ply
7,372,valve_0342_lidar_classes.ply
8,675,valve_0342_lidar_classes.ply
9,2781,valve_0342_lidar_classes.ply
0,900,valve_0343_lidar_classes.ply
1,197,valve_0343_lidar_classes.ply
2,72,valve_0343_lidar_classes.ply
3,711,valve_0343_lidar_classes.ply
4,92,valve_0343_lidar_classes.ply
5,1188,valve_0343_lidar_classes.ply
6,918,valve_0343_lidar_classes.ply
7,522,valve_0343_lidar_classes.ply
8,666,valve_0343_lidar_classes.ply
9,2728,valve_0343_lidar_classes.ply
0,598,valve_0344_lidar_classes.ply
1,177,valve_0344_lidar_classes.ply
2,78,valve_0344_lidar_classes.ply
3,635,valve_0344_lidar_classes.ply
4,80,valve_0344_lidar_classes.ply
5,1057,valve_0344_lidar_classes.ply
6,543,valve_0344_lidar_classes.ply
7,438,valve_0344_lidar_classes.ply
8,715,valve_0344_lidar_classes.ply
9,3121,valve_0344_lidar_classes.ply
0,515,valve_0345_lidar_classes.ply
1,172,valve_0345_lidar_classes.ply
2,84,valve_0345_lidar_classes.ply
3,654,valve_0345_lidar_classes.ply
4,37,valve_0345_lidar_classes.ply
5,987,valve_0345_lidar_classes.ply
6,608,valve_0345_lidar_classes.ply
7,395,valve_0345_lidar_classes.ply
8,755,valve_0345_lidar_classes.ply
9,2716,valve_0345_lidar_classes.ply
0,825,valve_0346_lidar_classes.ply
1,118,valve_0346_lidar_classes.ply
2,63,valve_0346_lidar_classes.ply
3,440,valve_0346_lidar_classes.ply
4,68,valve_0346_lidar_classes.ply
5,896,valve_0346_lidar_classes.ply
6,369,valve_0346_lidar_classes.ply
7,485,valve_0346_lidar_classes.ply
8,866,valve_0346_lidar_classes.ply
9,2726,valve_0346_lidar_classes.ply
0,646,valve_0347_lidar_classes.ply
1,163,valve_0347_lidar_classes.ply
2,80,valve_0347_lidar_classes.ply
3,557,valve_0347_lidar_classes.ply
4,73,valve_0347_lidar_classes.ply
5,925,valve_0347_lidar_classes.ply
6,396,valve_0347_lidar_classes.ply
7,437,valve_0347_lidar_classes.ply
8,697,valve_0347_lidar_classes.ply
9,3279,valve_0347_lidar_classes.ply
0,809,valve_0348_lidar_classes.ply
1,157,valve_0348_lidar_classes.ply
2,96,valve_0348_lidar_classes.ply
3,670,valve_0348_lidar_classes.ply
4,89,valve_0348_lidar_classes.ply
5,1094,valve_0348_lidar_classes.ply
6,407,valve_0348_lidar_classes.ply
7,449,valve_0348_lidar_classes.ply
8,805,valve_0348_lidar_classes.ply
9,3115,valve_0348_lidar_classes.ply
0,784,valve_0349_lidar_classes.ply
1,164,valve_0349_lidar_classes.ply
2,73,valve_0349_lidar_classes.ply
3,489,valve_0349_lidar_classes.ply
4,72,valve_0349_lidar_classes.ply
5,921,valve_0349_lidar_classes.ply
6,292,valve_0349_lidar_classes.ply
7,526,valve_0349_lidar_classes.ply
8,815,valve_0349_lidar_classes.ply
9,2954,valve_0349_lidar_classes.ply
0,746,valve_0350_lidar_classes.ply
1,154,valve_0350_lidar_classes.ply
2,101,valve_0350_lidar_classes.ply
3,724,valve_0350_lidar_classes.ply
4,106,valve_0350_lidar_classes.ply
5,1250,valve_0350_lidar_classes.ply
6,409,valve_0350_lidar_classes.ply
7,409,valve_0350_lidar_classes.ply
8,774,valve_0350_lidar_classes.ply
9,2999,valve_0350_lidar_classes.ply
0,684,valve_0351_lidar_classes.ply
1,183,valve_0351_lidar_classes.ply
2,96,valve_0351_lidar_classes.ply
3,757,valve_0351_lidar_classes.ply
4,84,valve_0351_lidar_classes.ply
5,1139,valve_0351_lidar_classes.ply
6,487,valve_0351_lidar_classes.ply
7,454,valve_0351_lidar_classes.ply
8,758,valve_0351_lidar_classes.ply
9,3266,valve_0351_lidar_classes.ply
0,482,valve_0352_lidar_classes.ply
1,154,valve_0352_lidar_classes.ply
2,69,valve_0352_lidar_classes.ply
3,577,valve_0352_lidar_classes.ply
4,91,valve_0352_lidar_classes.ply
5,961,valve_0352_lidar_classes.ply
6,640,valve_0352_lidar_classes.ply
7,410,valve_0352_lidar_classes.ply
8,685,valve_0352_lidar_classes.ply
9,2944,valve_0352_lidar_classes.ply
0,633,valve_0353_lidar_classes.ply
1,161,valve_0353_lidar_classes.ply
2,85,valve_0353_lidar_classes.ply
3,624,valve_0353_lidar_classes.ply
4,97,valve_0353_lidar_classes.ply
5,936,valve_0353_lidar_classes.ply
6,846,valve_0353_lidar_classes.ply
7,424,valve_0353_lidar_classes.ply
8,675,valve_0353_lidar_classes.ply
9,2730,valve_0353_lidar_classes.ply
0,423,valve_0354_lidar_classes.ply
1,142,valve_0354_lidar_classes.ply
2,81,valve_0354_lidar_classes.ply
3,566,valve_0354_lidar_classes.ply
4,72,valve_0354_lidar_classes.ply
5,951,valve_0354_lidar_classes.ply
6,652,valve_0354_lidar_classes.ply
7,378,valve_0354_lidar_classes.ply
8,671,valve_0354_lidar_classes.ply
9,2661,valve_0354_lidar_classes.ply
0,687,valve_0355_lidar_classes.ply
1,183,valve_0355_lidar_classes.ply
2,99,valve_0355_lidar_classes.ply
3,768,valve_0355_lidar_classes.ply
4,98,valve_0355_lidar_classes.ply
5,1197,valve_0355_lidar_classes.ply
6,415,valve_0355_lidar_classes.ply
7,422,valve_0355_lidar_classes.ply
8,743,valve_0355_lidar_classes.ply
9,3464,valve_0355_lidar_classes.ply
0,546,valve_0356_lidar_classes.ply
1,165,valve_0356_lidar_classes.ply
2,63,valve_0356_lidar_classes.ply
3,603,valve_0356_lidar_classes.ply
4,81,valve_0356_lidar_classes.ply
5,1015,valve_0356_lidar_classes.ply
6,498,valve_0356_lidar_classes.ply
7,383,valve_0356_lidar_classes.ply
8,657,valve_0356_lidar_classes.ply
9,2843,valve_0356_lidar_classes.ply
0,644,valve_0357_lidar_classes.ply
1,159,valve_0357_lidar_classes.ply
2,84,valve_0357_lidar_classes.ply
3,670,valve_0357_lidar_classes.ply
4,107,valve_0357_lidar_classes.ply
5,859,valve_0357_lidar_classes.ply
6,858,valve_0357_lidar_classes.ply
7,418,valve_0357_lidar_classes.ply
8,625,valve_0357_lidar_classes.ply
9,2672,valve_0357_lidar_classes.ply
0,628,valve_0358_lidar_classes.ply
1,161,valve_0358_lidar_classes.ply
2,73,valve_0358_lidar_classes.ply
3,586,valve_0358_lidar_classes.ply
4,67,valve_0358_lidar_classes.ply
5,1126,valve_0358_lidar_classes.ply
6,613,valve_0358_lidar_classes.ply
7,431,valve_0358_lidar_classes.ply
8,758,valve_0358_lidar_classes.ply
9,2982,valve_0358_lidar_classes.ply
0,635,valve_0359_lidar_classes.ply
1,181,valve_0359_lidar_classes.ply
2,101,valve_0359_lidar_classes.ply
3,744,valve_0359_lidar_classes.ply
4,78,valve_0359_lidar_classes.ply
5,1160,valve_0359_lidar_classes.ply
6,459,valve_0359_lidar_classes.ply
7,522,valve_0359_lidar_classes.ply
8,764,valve_0359_lidar_classes.ply
9,3532,valve_0359_lidar_classes.ply
0,632,valve_0360_lidar_classes.ply
1,147,valve_0360_lidar_classes.ply
2,79,valve_0360_lidar_classes.ply
3,681,valve_0360_lidar_classes.ply
4,83,valve_0360_lidar_classes.ply
5,946,valve_0360_lidar_classes.ply
6,675,valve_0360_lidar_classes.ply
7,380,valve_0360_lidar_classes.ply
8,654,valve_0360_lidar_classes.ply
9,2766,valve_0360_lidar_classes.ply
0,681,valve_0361_lidar_classes.ply
1,186,valve_0361_lidar_classes.ply
2,96,valve_0361_lidar_classes.ply
3,762,valve_0361_lidar_classes.ply
4,117,valve_0361_lidar_classes.ply
5,1059,valve_0361_lidar_classes.ply
6,496,valve_0361_lidar_classes.ply
7,457,valve_0361_lidar_classes.ply
8,689,valve_0361_lidar_classes.ply
9,3576,valve_0361_lidar_classes.ply
0,640,valve_0362_lidar_classes.ply
1,182,valve_0362_lidar_classes.ply
2,91,valve_0362_lidar_classes.ply
3,745,valve_0362_lidar_classes.ply
4,116,valve_0362_lidar_classes.ply
5,1156,valve_0362_lidar_classes.ply
6,971,valve_0362_lidar_classes.ply
7,530,valve_0362_lidar_classes.ply
8,704,valve_0362_lidar_classes.ply
9,2827,valve_0362_lidar_classes.ply
0,507,valve_0363_lidar_classes.ply
1,150,valve_0363_lidar_classes.ply
2,79,valve_0363_lidar_classes.ply
3,617,valve_0363_lidar_classes.ply
4,75,valve_0363_lidar_classes.ply
5,907,valve_0363_lidar_classes.ply
6,628,valve_0363_lidar_classes.ply
7,418,valve_0363_lidar_classes.ply
8,616,valve_0363_lidar_classes.ply
9,2600,valve_0363_lidar_classes.ply
0,760,valve_0364_lidar_classes.ply
1,171,valve_0364_lidar_classes.ply
2,90,valve_0364_lidar_classes.ply
3,621,valve_0364_lidar_classes.ply
4,67,valve_0364_lidar_classes.ply
5,1144,valve_0364_lidar_classes.ply
6,410,valve_0364_lidar_classes.ply
7,416,valve_0364_lidar_classes.ply
8,789,valve_0364_lidar_classes.ply
9,3310,valve_0364_lidar_classes.ply
0,380,valve_0365_lidar_classes.ply
1,146,valve_0365_lidar_classes.ply
2,67,valve_0365_lidar_classes.ply
3,571,valve_0365_lidar_classes.ply
4,73,valve_0365_lidar_classes.ply
5,838,valve_0365_lidar_classes.ply
6,612,valve_0365_lidar_classes.ply
7,421,valve_0365_lidar_classes.ply
8,587,valve_0365_lidar_classes.ply
9,2898,valve_0365_lidar_classes.ply
0,893,valve_0366_lidar_classes.ply
1,198,valve_0366_lidar_classes.ply
2,63,valve_0366_lidar_classes.ply
3,675,valve_0366_lidar_classes.ply
4,90,valve_0366_lidar_classes.ply
5,915,valve_0366_lidar_classes.ply
6,915,valve_0366_lidar_classes.ply
7,480,valve_0366_lidar_classes.ply
8,640,valve_0366_lidar_classes.ply
9,2658,valve_0366_lidar_classes.ply
0,579,valve_0367_lidar_classes.ply
1,152,valve_0367_lidar_classes.ply
2,80,valve_0367_lidar_classes.ply
3,627,valve_0367_lidar_classes.ply
4,71,valve_0367_lidar_classes.ply
5,836,valve_0367_lidar_classes.ply
6,653,valve_0367_lidar_classes.ply
7,381,valve_0367_lidar_classes.ply
8,704,valve_0367_lidar_classes.ply
9,2563,valve_0367_lidar_classes.ply
0,617,valve_0368_lidar_classes.ply
1,186,valve_0368_lidar_classes.ply
2,84,valve_0368_lidar_classes.ply
3,675,valve_0368_lidar_classes.ply
4,75,valve_0368_lidar_classes.ply
5,958,valve_0368_lidar_classes.ply
6,843,valve_0368_lidar_classes.ply
7,459,valve_0368_lidar_classes.ply
8,604,valve_0368_lidar_classes.ply
9,3063,valve_0368_lidar_classes.ply
0,730,valve_0369_lidar_classes.ply
1,185,valve_0369_lidar_classes.ply
2,74,valve_0369_lidar_classes.ply
3,646,valve_0369_lidar_classes.ply
4,75,valve_0369_lidar_classes.ply
5,1077,valve_0369_lidar_classes.ply
6,725,valve_0369_lidar_classes.ply
7,380,valve_0369_lidar_classes.ply
8,689,valve_0369_lidar_classes.ply
9,2628,valve_0369_lidar_classes.ply
0,837,valve_0370_lidar_classes.ply
1,170,valve_0370_lidar_classes.ply
2,91,valve_0370_lidar_classes.ply
3,635,valve_0370_lidar_classes.ply
4,84,valve_0370_lidar_classes.ply
5,1097,valve_0370_lidar_classes.ply
6,428,valve_0370_lidar_classes.ply
7,435,valve_0370_lidar_classes.ply
8,783,valve_0370_lidar_classes.ply
9,2885,valve_0370_lidar_classes.ply
0,418,valve_0371_lidar_classes.ply
1,151,valve_0371_lidar_classes.ply
2,84,valve_0371_lidar_classes.ply
3,534,valve_0371_lidar_classes.ply
4,73,valve_0371_lidar_classes.ply
5,866,valve_0371_lidar_classes.ply
6,563,valve_0371_lidar_classes.ply
7,406,valve_0371_lidar_classes.ply
8,599,valve_0371_lidar_classes.ply
9,2804,valve_0371_lidar_classes.ply
0,878,valve_0372_lidar_classes.ply
1,190,valve_0372_lidar_classes.ply
2,64,valve_0372_lidar_classes.ply
3,699,valve_0372_lidar_classes.ply
4,71,valve_0372_lidar_classes.ply
5,913,valve_0372_lidar_classes.ply
6,847,valve_0372_lidar_classes.ply
7,479,valve_0372_lidar_classes.ply
8,619,valve_0372_lidar_classes.ply
9,2818,valve_0372_lidar_classes.ply
0,623,valve_0373_lidar_classes.ply
1,186,valve_0373_lidar_classes.ply
2,82,valve_0373_lidar_classes.ply
3,782,valve_0373_lidar_classes.ply
4,123,valve_0373_lidar_classes.ply
5,996,valve_0373_lidar_classes.ply
6,886,valve_0373_lidar_classes.ply
7,462,valve_0373_lidar_classes.ply
8,702,valve_0373_lidar_classes.ply
9,2980,valve_0373_lidar_classes.ply
0,848,valve_0374_lidar_classes.ply
1,221,valve_0374_lidar_classes.ply
2,80,valve_0374_lidar_classes.ply
3,762,valve_0374_lidar_classes.ply
4,142,valve_0374_lidar_classes.ply
5,1134,valve_0374_lidar_classes.ply
6,990,valve_0374_lidar_classes.ply
7,462,valve_0374_lidar_classes.ply
8,733,valve_0374_lidar_classes.ply
9,2626,valve_0374_lidar_classes.ply
0,766,valve_0375_lidar_classes.ply
1,145,valve_0375_lidar_classes.ply
2,76,valve_0375_lidar_classes.ply
3,547,valve_0375_lidar_classes.ply
4,80,valve_0375_lidar_classes.ply
5,892,valve_0375_lidar_classes.ply
6,350,valve_0375_lidar_classes.ply
7,444,valve_0375_lidar_classes.ply
8,719,valve_0375_lidar_classes.ply
9,3199,valve_0375_lidar_classes.ply
0,666,valve_0376_lidar_classes.ply
1,196,valve_0376_lidar_classes.ply
2,79,valve_0376_lidar_classes.ply
3,752,valve_0376_lidar_classes.ply
4,78,valve_0376_lidar_classes.ply
5,1308,valve_0376_lidar_classes.ply
6,411,valve_0376_lidar_classes.ply
7,454,valve_0376_lidar_classes.ply
8,818,valve_0376_lidar_classes.ply
9,3269,valve_0376_lidar_classes.ply
0,641,valve_0377_lidar_classes.ply
1,137,valve_0377_lidar_classes.ply
2,85,valve_0377_lidar_classes.ply
3,577,valve_0377_lidar_classes.ply
4,102,valve_0377_lidar_classes.ply
5,1146,valve_0377_lidar_classes.ply
6,483,valve_0377_lidar_classes.ply
7,436,valve_0377_lidar_classes.ply
8,871,valve_0377_lidar_classes.ply
9,2750,valve_0377_lidar_classes.ply
0,907,valve_0378_lidar_classes.ply
1,248,valve_0378_lidar_classes.ply
2,66,valve_0378_lidar_classes.ply
3,774,valve_0378_lidar_classes.ply
4,79,valve_0378_lidar_classes.ply
5,1049,valve_0378_lidar_classes.ply
6,929,valve_0378_lidar_classes.ply
7,452,valve_0378_lidar_classes.ply
8,571,valve_0378_lidar_classes.ply
9,3007,valve_0378_lidar_classes.ply
0,658,valve_0379_lidar_classes.ply
1,202,valve_0379_lidar_classes.ply
2,94,valve_0379_lidar_classes.ply
3,735,valve_0379_lidar_classes.ply
4,94,valve_0379_lidar_classes.ply
5,1084,valve_0379_lidar_classes.ply
6,990,valve_0379_lidar_classes.ply
7,503,valve_0379_lidar_classes.ply
8,692,valve_0379_lidar_classes.ply
9,2740,valve_0379_lidar_classes.ply
0,886,valve_0380_lidar_classes.ply
1,163,valve_0380_lidar_classes.ply
2,63,valve_0380_lidar_classes.ply
3,685,valve_0380_lidar_classes.ply
4,83,valve_0380_lidar_classes.ply
5,1064,valve_0380_lidar_classes.ply
6,944,valve_0380_lidar_classes.ply
7,511,valve_0380_lidar_classes.ply
8,712,valve_0380_lidar_classes.ply
9,2512,valve_0380_lidar_classes.ply
0,636,valve_0381_lidar_classes.ply
1,213,valve_0381_lidar_classes.ply
2,104,valve_0381_lidar_classes.ply
3,779,valve_0381_lidar_classes.ply
4,84,valve_0381_lidar_classes.ply
5,1267,valve_0381_lidar_classes.ply
6,460,valve_0381_lidar_classes.ply
7,499,valve_0381_lidar_classes.ply
8,881,valve_0381_lidar_classes.ply
9,3324,valve_0381_lidar_classes.ply
0,758,valve_0382_lidar_classes.ply
1,115,valve_0382_lidar_classes.ply
2,51,valve_0382_lidar_classes.ply
3,465,valve_0382_lidar_classes.ply
4,75,valve_0382_lidar_classes.ply
5,884,valve_0382_lidar_classes.ply
6,333,valve_0382_lidar_classes.ply
7,412,valve_0382_lidar_classes.ply
8,617,valve_0382_lidar_classes.ply
9,3040,valve_0382_lidar_classes.ply
0,698,valve_0383_lidar_classes.ply
1,186,valve_0383_lidar_classes.ply
2,86,valve_0383_lidar_classes.ply
3,762,valve_0383_lidar_classes.ply
4,105,valve_0383_lidar_classes.ply
5,1216,valve_0383_lidar_classes.ply
6,473,valve_0383_lidar_classes.ply
7,464,valve_0383_lidar_classes.ply
8,843,valve_0383_lidar_classes.ply
9,3293,valve_0383_lidar_classes.ply
0,714,valve_0384_lidar_classes.ply
1,175,valve_0384_lidar_classes.ply
2,67,valve_0384_lidar_classes.ply
3,474,valve_0384_lidar_classes.ply
4,74,valve_0384_lidar_classes.ply
5,895,valve_0384_lidar_classes.ply
6,304,valve_0384_lidar_classes.ply
7,433,valve_0384_lidar_classes.ply
8,708,valve_0384_lidar_classes.ply
9,2932,valve_0384_lidar_classes.ply
0,631,valve_0385_lidar_classes.ply
1,157,valve_0385_lidar_classes.ply
2,78,valve_0385_lidar_classes.ply
3,575,valve_0385_lidar_classes.ply
4,84,valve_0385_lidar_classes.ply
5,886,valve_0385_lidar_classes.ply
6,532,valve_0385_lidar_classes.ply
7,499,valve_0385_lidar_classes.ply
8,664,valve_0385_lidar_classes.ply
9,3149,valve_0385_lidar_classes.ply
0,624,valve_0386_lidar_classes.ply
1,174,valve_0386_lidar_classes.ply
2,76,valve_0386_lidar_classes.ply
3,649,valve_0386_lidar_classes.ply
4,88,valve_0386_lidar_classes.ply
5,1031,valve_0386_lidar_classes.ply
6,450,valve_0386_lidar_classes.ply
7,371,valve_0386_lidar_classes.ply
8,678,valve_0386_lidar_classes.ply
9,3306,valve_0386_lidar_classes.ply
0,642,valve_0387_lidar_classes.ply
1,172,valve_0387_lidar_classes.ply
2,77,valve_0387_lidar_classes.ply
3,672,valve_0387_lidar_classes.ply
4,113,valve_0387_lidar_classes.ply
5,1014,valve_0387_lidar_classes.ply
6,848,valve_0387_lidar_classes.ply
7,499,valve_0387_lidar_classes.ply
8,578,valve_0387_lidar_classes.ply
9,2587,valve_0387_lidar_classes.ply
0,587,valve_0388_lidar_classes.ply
1,160,valve_0388_lidar_classes.ply
2,80,valve_0388_lidar_classes.ply
3,590,valve_0388_lidar_classes.ply
4,88,valve_0388_lidar_classes.ply
5,1071,valve_0388_lidar_classes.ply
6,714,valve_0388_lidar_classes.ply
7,440,valve_0388_lidar_classes.ply
8,801,valve_0388_lidar_classes.ply
9,2886,valve_0388_lidar_classes.ply
0,774,valve_0389_lidar_classes.ply
1,198,valve_0389_lidar_classes.ply
2,89,valve_0389_lidar_classes.ply
3,705,valve_0389_lidar_classes.ply
4,89,valve_0389_lidar_classes.ply
5,1171,valve_0389_lidar_classes.ply
6,454,valve_0389_lidar_classes.ply
7,370,valve_0389_lidar_classes.ply
8,875,valve_0389_lidar_classes.ply
9,2966,valve_0389_lidar_classes.ply
0,595,valve_0390_lidar_classes.ply
1,155,valve_0390_lidar_classes.ply
2,80,valve_0390_lidar_classes.ply
3,604,valve_0390_lidar_classes.ply
4,96,valve_0390_lidar_classes.ply
5,1096,valve_0390_lidar_classes.ply
6,832,valve_0390_lidar_classes.ply
7,412,valve_0390_lidar_classes.ply
8,786,valve_0390_lidar_classes.ply
9,2652,valve_0390_lidar_classes.ply
0,686,valve_0391_lidar_classes.ply
1,238,valve_0391_lidar_classes.ply
2,97,valve_0391_lidar_classes.ply
3,793,valve_0391_lidar_classes.ply
4,108,valve_0391_lidar_classes.ply
5,1155,valve_0391_lidar_classes.ply
6,958,valve_0391_lidar_classes.ply
7,533,valve_0391_lidar_classes.ply
8,804,valve_0391_lidar_classes.ply
9,2930,valve_0391_lidar_classes.ply
0,797,valve_0392_lidar_classes.ply
1,198,valve_0392_lidar_classes.ply
2,76,valve_0392_lidar_classes.ply
3,700,valve_0392_lidar_classes.ply
4,86,valve_0392_lidar_classes.ply
5,896,valve_0392_lidar_classes.ply
6,796,valve_0392_lidar_classes.ply
7,433,valve_0392_lidar_classes.ply
8,667,valve_0392_lidar_classes.ply
9,2781,valve_0392_lidar_classes.ply
0,486,valve_0393_lidar_classes.ply
1,143,valve_0393_lidar_classes.ply
2,81,valve_0393_lidar_classes.ply
3,609,valve_0393_lidar_classes.ply
4,64,valve_0393_lidar_classes.ply
5,911,valve_0393_lidar_classes.ply
6,661,valve_0393_lidar_classes.ply
7,377,valve_0393_lidar_classes.ply
8,792,valve_0393_lidar_classes.ply
9,2503,valve_0393_lidar_classes.ply
0,767,valve_0394_lidar_classes.ply
1,170,valve_0394_lidar_classes.ply
2,81,valve_0394_lidar_classes.ply
3,651,valve_0394_lidar_classes.ply
4,64,valve_0394_lidar_classes.ply
5,942,valve_0394_lidar_classes.ply
6,783,valve_0394_lidar_classes.ply
7,404,valve_0394_lidar_classes.ply
8,632,valve_0394_lidar_classes.ply
9,2804,valve_0394_lidar_classes.ply
0,597,valve_0395_lidar_classes.ply
1,170,valve_0395_lidar_classes.ply
2,73,valve_0395_lidar_classes.ply
3,622,valve_0395_lidar_classes.ply
4,101,valve_0395_lidar_classes.ply
5,1175,valve_0395_lidar_classes.ply
6,485,valve_0395_lidar_classes.ply
7,422,valve_0395_lidar_classes.ply
8,744,valve_0395_lidar_classes.ply
9,2926,valve_0395_lidar_classes.ply
0,609,valve_0396_lidar_classes.ply
1,154,valve_0396_lidar_classes.ply
2,76,valve_0396_lidar_classes.ply
3,583,valve_0396_lidar_classes.ply
4,69,valve_0396_lidar_classes.ply
5,1144,valve_0396_lidar_classes.ply
6,441,valve_0396_lidar_classes.ply
7,496,valve_0396_lidar_classes.ply
8,746,valve_0396_lidar_classes.ply
9,3172,valve_0396_lidar_classes.ply
0,664,valve_0397_lidar_classes.ply
1,196,valve_0397_lidar_classes.ply
2,85,valve_0397_lidar_classes.ply
3,747,valve_0397_lidar_classes.ply
4,108,valve_0397_lidar_classes.ply
5,1214,valve_0397_lidar_classes.ply
6,456,valve_0397_lidar_classes.ply
7,467,valve_0397_lidar_classes.ply
8,819,valve_0397_lidar_classes.ply
9,3076,valve_0397_lidar_classes.ply
0,707,valve_0398_lidar_classes.ply
1,145,valve_0398_lidar_classes.ply
2,54,valve_0398_lidar_classes.ply
3,442,valve_0398_lidar_classes.ply
4,48,valve_0398_lidar_classes.ply
5,912,valve_0398_lidar_classes.ply
6,310,valve_0398_lidar_classes.ply
7,315,valve_0398_lidar_classes.ply
8,636,valve_0398_lidar_classes.ply
9,2815,valve_0398_lidar_classes.ply
0,817,valve_0399_lidar_classes.ply
1,208,valve_0399_lidar_classes.ply
2,81,valve_0399_lidar_classes.ply
3,809,valve_0399_lidar_classes.ply
4,132,valve_0399_lidar_classes.ply
5,1055,valve_0399_lidar_classes.ply
6,909,valve_0399_lidar_classes.ply
7,494,valve_0399_lidar_classes.ply
8,682,valve_0399_lidar_classes.ply
9,3059,valve_0399_lidar_classes.ply
0,510,valve_0400_lidar_classes.ply
1,183,valve_0400_lidar_classes.ply
2,73,valve_0400_lidar_classes.ply
3,554,valve_0400_lidar_classes.ply
4,67,valve_0400_lidar_classes.ply
5,1027,valve_0400_lidar_classes.ply
6,591,valve_0400_lidar_classes.ply
7,343,valve_0400_lidar_classes.ply
8,724,valve_0400_lidar_classes.ply
9,2746,valve_0400_lidar_classes.ply
0,425,valve_0401_lidar_classes.ply
1,159,valve_0401_lidar_classes.ply
2,70,valve_0401_lidar_classes.ply
3,589,valve_0401_lidar_classes.ply
4,77,valve_0401_lidar_classes.ply
5,1005,valve_0401_lidar_classes.ply
6,609,valve_0401_lidar_classes.ply
7,351,valve_0401_lidar_classes.ply
8,780,valve_0401_lidar_classes.ply
9,2808,valve_0401_lidar_classes.ply
0,725,valve_0402_lidar_classes.ply
1,157,valve_0402_lidar_classes.ply
2,62,valve_0402_lidar_classes.ply
3,477,valve_0402_lidar_classes.ply
4,65,valve_0402_lidar_classes.ply
5,854,valve_0402_lidar_classes.ply
6,263,valve_0402_lidar_classes.ply
7,481,valve_0402_lidar_classes.ply
8,628,valve_0402_lidar_classes.ply
9,3188,valve_0402_lidar_classes.ply
0,717,valve_0403_lidar_classes.ply
1,219,valve_0403_lidar_classes.ply
2,95,valve_0403_lidar_classes.ply
3,766,valve_0403_lidar_classes.ply
4,114,valve_0403_lidar_classes.ply
5,1093,valve_0403_lidar_classes.ply
6,455,valve_0403_lidar_classes.ply
7,399,valve_0403_lidar_classes.ply
8,774,valve_0403_lidar_classes.ply
9,3321,valve_0403_lidar_classes.ply
0,837,valve_0404_lidar_classes.ply
1,220,valve_0404_lidar_classes.ply
2,74,valve_0404_lidar_classes.ply
3,796,valve_0404_lidar_classes.ply
4,117,valve_0404_lidar_classes.ply
5,1080,valve_0404_lidar_classes.ply
6,919,valve_0404_lidar_classes.ply
7,446,valve_0404_lidar_classes.ply
8,732,valve_0404_lidar_classes.ply
9,2776,valve_0404_lidar_classes.ply
0,778,valve_0405_lidar_classes.ply
1,169,valve_0405_lidar_classes.ply
2,75,valve_0405_lidar_classes.ply
3,686,valve_0405_lidar_classes.ply
4,72,valve_0405_lidar_classes.ply
5,988,valve_0405_lidar_classes.ply
6,757,valve_0405_lidar_classes.ply
7,400,valve_0405_lidar_classes.ply
8,717,valve_0405_lidar_classes.ply
9,2795,valve_0405_lidar_classes.ply
0,635,valve_0406_lidar_classes.ply
1,171,valve_0406_lidar_classes.ply
2,84,valve_0406_lidar_classes.ply
3,671,valve_0406_lidar_classes.ply
4,99,valve_0406_lidar_classes.ply
5,934,valve_0406_lidar_classes.ply
6,857,valve_0406_lidar_classes.ply
7,456,valve_0406_lidar_classes.ply
8,616,valve_0406_lidar_classes.ply
9,2637,valve_0406_lidar_classes.ply
0,704,valve_0407_lidar_classes.ply
1,136,valve_0407_lidar_classes.ply
2,55,valve_0407_lidar_classes.ply
3,453,valve_0407_lidar_classes.ply
4,68,valve_0407_lidar_classes.ply
5,790,valve_0407_lidar_classes.ply
6,344,valve_0407_lidar_classes.ply
7,351,valve_0407_lidar_classes.ply
8,548,valve_0407_lidar_classes.ply
9,3132,valve_0407_lidar_classes.ply
0,597,valve_0408_lidar_classes.ply
1,180,valve_0408_lidar_classes.ply
2,78,valve_0408_lidar_classes.ply
3,689,valve_0408_lidar_classes.ply
4,81,valve_0408_lidar_classes.ply
5,1112,valve_0408_lidar_classes.ply
6,423,valve_0408_lidar_classes.ply
7,447,valve_0408_lidar_classes.ply
8,684,valve_0408_lidar_classes.ply
9,3132,valve_0408_lidar_classes.ply
0,853,valve_0409_lidar_classes.ply
1,159,valve_0409_lidar_classes.ply
2,70,valve_0409_lidar_classes.ply
3,508,valve_0409_lidar_classes.ply
4,86,valve_0409_lidar_classes.ply
5,820,valve_0409_lidar_classes.ply
6,289,valve_0409_lidar_classes.ply
7,491,valve_0409_lidar_classes.ply
8,670,valve_0409_lidar_classes.ply
9,3105,valve_0409_lidar_classes.ply
0,782,valve_0410_lidar_classes.ply
1,213,valve_0410_lidar_classes.ply
2,102,valve_0410_lidar_classes.ply
3,793,valve_0410_lidar_classes.ply
4,124,valve_0410_lidar_classes.ply
5,1118,valve_0410_lidar_classes.ply
6,895,valve_0410_lidar_classes.ply
7,499,valve_0410_lidar_classes.ply
8,706,valve_0410_lidar_classes.ply
9,2896,valve_0410_lidar_classes.ply
0,614,valve_0411_lidar_classes.ply
1,179,valve_0411_lidar_classes.ply
2,80,valve_0411_lidar_classes.ply
3,663,valve_0411_lidar_classes.ply
4,76,valve_0411_lidar_classes.ply
5,1012,valve_0411_lidar_classes.ply
6,606,valve_0411_lidar_classes.ply
7,397,valve_0411_lidar_classes.ply
8,760,valve_0411_lidar_classes.ply
9,2575,valve_0411_lidar_classes.ply
0,457,valve_0412_lidar_classes.ply
1,164,valve_0412_lidar_classes.ply
2,75,valve_0412_lidar_classes.ply
3,530,valve_0412_lidar_classes.ply
4,77,valve_0412_lidar_classes.ply
5,851,valve_0412_lidar_classes.ply
6,642,valve_0412_lidar_classes.ply
7,402,valve_0412_lidar_classes.ply
8,617,valve_0412_lidar_classes.ply
9,2908,valve_0412_lidar_classes.ply
0,817,valve_0413_lidar_classes.ply
1,217,valve_0413_lidar_classes.ply
2,82,valve_0413_lidar_classes.ply
3,815,valve_0413_lidar_classes.ply
4,120,valve_0413_lidar_classes.ply
5,1158,valve_0413_lidar_classes.ply
6,982,valve_0413_lidar_classes.ply
7,488,valve_0413_lidar_classes.ply
8,669,valve_0413_lidar_classes.ply
9,3141,valve_0413_lidar_classes.ply
0,708,valve_0414_lidar_classes.ply
1,150,valve_0414_lidar_classes.ply
2,50,valve_0414_lidar_classes.ply
3,441,valve_0414_lidar_classes.ply
4,43,valve_0414_lidar_classes.ply
5,891,valve_0414_lidar_classes.ply
6,329,valve_0414_lidar_classes.ply
7,317,valve_0414_lidar_classes.ply
8,618,valve_0414_lidar_classes.ply
9,2993,valve_0414_lidar_classes.ply
0,858,valve_0415_lidar_classes.ply
1,189,valve_0415_lidar_classes.ply
2,70,valve_0415_lidar_classes.ply
3,685,valve_0415_lidar_classes.ply
4,95,valve_0415_lidar_classes.ply
5,887,valve_0415_lidar_classes.ply
6,723,valve_0415_lidar_classes.ply
7,439,valve_0415_lidar_classes.ply
8,677,valve_0415_lidar_classes.ply
9,2523,valve_0415_lidar_classes.ply
0,637,valve_0416_lidar_classes.ply
1,184,valve_0416_lidar_classes.ply
2,102,valve_0416_lidar_classes.ply
3,733,valve_0416_lidar_classes.ply
4,73,valve_0416_lidar_classes.ply
5,1062,valve_0416_lidar_classes.ply
6,479,valve_0416_lidar_classes.ply
7,449,valve_0416_lidar_classes.ply
8,724,valve_0416_lidar_classes.ply
9,3735,valve_0416_lidar_classes.ply
0,707,valve_0417_lidar_classes.ply
1,244,valve_0417_lidar_classes.ply
2,101,valve_0417_lidar_classes.ply
3,741,valve_0417_lidar_classes.ply
4,75,valve_0417_lidar_classes.ply
5,1079,valve_0417_lidar_classes.ply
6,438,valve_0417_lidar_classes.ply
7,439,valve_0417_lidar_classes.ply
8,693,valve_0417_lidar_classes.ply
9,3612,valve_0417_lidar_classes.ply
0,678,valve_0418_lidar_classes.ply
1,167,valve_0418_lidar_classes.ply
2,79,valve_0418_lidar_classes.ply
3,663,valve_0418_lidar_classes.ply
4,77,valve_0418_lidar_classes.ply
5,895,valve_0418_lidar_classes.ply
6,718,valve_0418_lidar_classes.ply
7,388,valve_0418_lidar_classes.ply
8,582,valve_0418_lidar_classes.ply
9,2708,valve_0418_lidar_classes.ply
0,555,valve_0419_lidar_classes.ply
1,155,valve_0419_lidar_classes.ply
2,67,valve_0419_lidar_classes.ply
3,587,valve_0419_lidar_classes.ply
4,75,valve_0419_lidar_classes.ply
5,1033,valve_0419_lidar_classes.ply
6,575,valve_0419_lidar_classes.ply
7,410,valve_0419_lidar_classes.ply
8,691,valve_0419_lidar_classes.ply
9,2775,valve_0419_lidar_classes.ply
0,591,valve_0420_lidar_classes.ply
1,152,valve_0420_lidar_classes.ply
2,73,valve_0420_lidar_classes.ply
3,577,valve_0420_lidar_classes.ply
4,102,valve_0420_lidar_classes.ply
5,1038,valve_0420_lidar_classes.ply
6,581,valve_0420_lidar_classes.ply
7,435,valve_0420_lidar_classes.ply
8,815,valve_0420_lidar_classes.ply
9,2840,valve_0420_lidar_classes.ply
0,789,valve_0421_lidar_classes.ply
1,177,valve_0421_lidar_classes.ply
2,72,valve_0421_lidar_classes.ply
3,680,valve_0421_lidar_classes.ply
4,103,valve_0421_lidar_classes.ply
5,939,valve_0421_lidar_classes.ply
6,706,valve_0421_lidar_classes.ply
7,408,valve_0421_lidar_classes.ply
8,712,valve_0421_lidar_classes.ply
9,2659,valve_0421_lidar_classes.ply
0,760,valve_0422_lidar_classes.ply
1,146,valve_0422_lidar_classes.ply
2,70,valve_0422_lidar_classes.ply
3,710,valve_0422_lidar_classes.ply
4,88,valve_0422_lidar_classes.ply
5,1110,valve_0422_lidar_classes.ply
6,708,valve_0422_lidar_classes.ply
7,423,valve_0422_lidar_classes.ply
8,708,valve_0422_lidar_classes.ply
9,2788,valve_0422_lidar_classes.ply
0,726,valve_0423_lidar_classes.ply
1,170,valve_0423_lidar_classes.ply
2,52,valve_0423_lidar_classes.ply
3,454,valve_0423_lidar_classes.ply
4,51,valve_0423_lidar_classes.ply
5,815,valve_0423_lidar_classes.ply
6,320,valve_0423_lidar_classes.ply
7,387,valve_0423_lidar_classes.ply
8,785,valve_0423_lidar_classes.ply
9,2857,valve_0423_lidar_classes.ply
0,495,valve_0424_lidar_classes.ply
1,172,valve_0424_lidar_classes.ply
2,80,valve_0424_lidar_classes.ply
3,595,valve_0424_lidar_classes.ply
4,55,valve_0424_lidar_classes.ply
5,908,valve_0424_lidar_classes.ply
6,644,valve_0424_lidar_classes.ply
7,424,valve_0424_lidar_classes.ply
8,717,valve_0424_lidar_classes.ply
9,2588,valve_0424_lidar_classes.ply
0,627,valve_0425_lidar_classes.ply
1,199,valve_0425_lidar_classes.ply
2,89,valve_0425_lidar_classes.ply
3,691,valve_0425_lidar_classes.ply
4,91,valve_0425_lidar_classes.ply
5,984,valve_0425_lidar_classes.ply
6,838,valve_0425_lidar_classes.ply
7,482,valve_0425_lidar_classes.ply
8,630,valve_0425_lidar_classes.ply
9,2827,valve_0425_lidar_classes.ply
0,401,valve_0426_lidar_classes.ply
1,137,valve_0426_lidar_classes.ply
2,78,valve_0426_lidar_classes.ply
3,543,valve_0426_lidar_classes.ply
4,66,valve_0426_lidar_classes.ply
5,971,valve_0426_lidar_classes.ply
6,628,valve_0426_lidar_classes.ply
7,402,valve_0426_lidar_classes.ply
8,671,valve_0426_lidar_classes.ply
9,2592,valve_0426_lidar_classes.ply
0,792,valve_0427_lidar_classes.ply
1,225,valve_0427_lidar_classes.ply
2,79,valve_0427_lidar_classes.ply
3,797,valve_0427_lidar_classes.ply
4,146,valve_0427_lidar_classes.ply
5,1134,valve_0427_lidar_classes.ply
6,1081,valve_0427_lidar_classes.ply
7,529,valve_0427_lidar_classes.ply
8,683,valve_0427_lidar_classes.ply
9,3083,valve_0427_lidar_classes.ply
0,933,valve_0428_lidar_classes.ply
1,127,valve_0428_lidar_classes.ply
2,65,valve_0428_lidar_classes.ply
3,539,valve_0428_lidar_classes.ply
4,60,valve_0428_lidar_classes.ply
5,817,valve_0428_lidar_classes.ply
6,361,valve_0428_lidar_classes.ply
7,446,valve_0428_lidar_classes.ply
8,585,valve_0428_lidar_classes.ply
9,3424,valve_0428_lidar_classes.ply
0,543,valve_0429_lidar_classes.ply
1,168,valve_0429_lidar_classes.ply
2,63,valve_0429_lidar_classes.ply
3,600,valve_0429_lidar_classes.ply
4,76,valve_0429_lidar_classes.ply
5,945,valve_0429_lidar_classes.ply
6,655,valve_0429_lidar_classes.ply
7,380,valve_0429_lidar_classes.ply
8,687,valve_0429_lidar_classes.ply
9,3130,valve_0429_lidar_classes.ply
0,647,valve_0430_lidar_classes.ply
1,184,valve_0430_lidar_classes.ply
2,99,valve_0430_lidar_classes.ply
3,744,valve_0430_lidar_classes.ply
4,89,valve_0430_lidar_classes.ply
5,1220,valve_0430_lidar_classes.ply
6,478,valve_0430_lidar_classes.ply
7,443,valve_0430_lidar_classes.ply
8,787,valve_0430_lidar_classes.ply
9,3432,valve_0430_lidar_classes.ply
0,525,valve_0431_lidar_classes.ply
1,146,valve_0431_lidar_classes.ply
2,77,valve_0431_lidar_classes.ply
3,576,valve_0431_lidar_classes.ply
4,59,valve_0431_lidar_classes.ply
5,1092,valve_0431_lidar_classes.ply
6,628,valve_0431_lidar_classes.ply
7,348,valve_0431_lidar_classes.ply
8,799,valve_0431_lidar_classes.ply
9,2939,valve_0431_lidar_classes.ply
0,612,valve_0432_lidar_classes.ply
1,167,valve_0432_lidar_classes.ply
2,80,valve_0432_lidar_classes.ply
3,696,valve_0432_lidar_classes.ply
4,94,valve_0432_lidar_classes.ply
5,1131,valve_0432_lidar_classes.ply
6,866,valve_0432_lidar_classes.ply
7,489,valve_0432_lidar_classes.ply
8,613,valve_0432_lidar_classes.ply
9,2908,valve_0432_lidar_classes.ply
0,923,valve_0433_lidar_classes.ply
1,126,valve_0433_lidar_classes.ply
2,74,valve_0433_lidar_classes.ply
3,533,valve_0433_lidar_classes.ply
4,85,valve_0433_lidar_classes.ply
5,994,valve_0433_lidar_classes.ply
6,446,valve_0433_lidar_classes.ply
7,416,valve_0433_lidar_classes.ply
8,842,valve_0433_lidar_classes.ply
9,2989,valve_0433_lidar_classes.ply
0,668,valve_0434_lidar_classes.ply
1,204,valve_0434_lidar_classes.ply
2,112,valve_0434_lidar_classes.ply
3,798,valve_0434_lidar_classes.ply
4,91,valve_0434_lidar_classes.ply
5,1243,valve_0434_lidar_classes.ply
6,988,valve_0434_lidar_classes.ply
7,491,valve_0434_lidar_classes.ply
8,794,valve_0434_lidar_classes.ply
9,3053,valve_0434_lidar_classes.ply
0,643,valve_0435_lidar_classes.ply
1,184,valve_0435_lidar_classes.ply
2,94,valve_0435_lidar_classes.ply
3,722,valve_0435_lidar_classes.ply
4,106,valve_0435_lidar_classes.ply
5,1139,valve_0435_lidar_classes.ply
6,974,valve_0435_lidar_classes.ply
7,453,valve_0435_lidar_classes.ply
8,748,valve_0435_lidar_classes.ply
9,2552,valve_0435_lidar_classes.ply
0,805,valve_0436_lidar_classes.ply
1,112,valve_0436_lidar_classes.ply
2,53,valve_0436_lidar_classes.ply
3,444,valve_0436_lidar_classes.ply
4,61,valve_0436_lidar_classes.ply
5,1046,valve_0436_lidar_classes.ply
6,336,valve_0436_lidar_classes.ply
7,462,valve_0436_lidar_classes.ply
8,818,valve_0436_lidar_classes.ply
9,2787,valve_0436_lidar_classes.ply
0,694,valve_0437_lidar_classes.ply
1,175,valve_0437_lidar_classes.ply
2,80,valve_0437_lidar_classes.ply
3,755,valve_0437_lidar_classes.ply
4,99,valve_0437_lidar_classes.ply
5,1142,valve_0437_lidar_classes.ply
6,483,valve_0437_lidar_classes.ply
7,468,valve_0437_lidar_classes.ply
8,733,valve_0437_lidar_classes.ply
9,3215,valve_0437_lidar_classes.ply
0,660,valve_0438_lidar_classes.ply
1,205,valve_0438_lidar_classes.ply
2,97,valve_0438_lidar_classes.ply
3,764,valve_0438_lidar_classes.ply
4,98,valve_0438_lidar_classes.ply
5,1174,valve_0438_lidar_classes.ply
6,506,valve_0438_lidar_classes.ply
7,440,valve_0438_lidar_classes.ply
8,809,valve_0438_lidar_classes.ply
9,3205,valve_0438_lidar_classes.ply
0,472,valve_0439_lidar_classes.ply
1,143,valve_0439_lidar_classes.ply
2,69,valve_0439_lidar_classes.ply
3,578,valve_0439_lidar_classes.ply
4,85,valve_0439_lidar_classes.ply
5,978,valve_0439_lidar_classes.ply
6,619,valve_0439_lidar_classes.ply
7,395,valve_0439_lidar_classes.ply
8,770,valve_0439_lidar_classes.ply
9,2709,valve_0439_lidar_classes.ply
0,749,valve_0440_lidar_classes.ply
1,135,valve_0440_lidar_classes.ply
2,61,valve_0440_lidar_classes.ply
3,437,valve_0440_lidar_classes.ply
4,57,valve_0440_lidar_classes.ply
5,864,valve_0440_lidar_classes.ply
6,306,valve_0440_lidar_classes.ply
7,387,valve_0440_lidar_classes.ply
8,594,valve_0440_lidar_classes.ply
9,2873,valve_0440_lidar_classes.ply
0,471,valve_0441_lidar_classes.ply
1,146,valve_0441_lidar_classes.ply
2,81,valve_0441_lidar_classes.ply
3,593,valve_0441_lidar_classes.ply
4,41,valve_0441_lidar_classes.ply
5,918,valve_0441_lidar_classes.ply
6,565,valve_0441_lidar_classes.ply
7,368,valve_0441_lidar_classes.ply
8,691,valve_0441_lidar_classes.ply
9,2599,valve_0441_lidar_classes.ply
0,709,valve_0442_lidar_classes.ply
1,224,valve_0442_lidar_classes.ply
2,97,valve_0442_lidar_classes.ply
3,782,valve_0442_lidar_classes.ply
4,67,valve_0442_lidar_classes.ply
5,1208,valve_0442_lidar_classes.ply
6,913,valve_0442_lidar_classes.ply
7,505,valve_0442_lidar_classes.ply
8,760,valve_0442_lidar_classes.ply
9,2984,valve_0442_lidar_classes.ply
0,582,valve_0443_lidar_classes.ply
1,155,valve_0443_lidar_classes.ply
2,73,valve_0443_lidar_classes.ply
3,581,valve_0443_lidar_classes.ply
4,106,valve_0443_lidar_classes.ply
5,1098,valve_0443_lidar_classes.ply
6,547,valve_0443_lidar_classes.ply
7,498,valve_0443_lidar_classes.ply
8,786,valve_0443_lidar_classes.ply
9,2839,valve_0443_lidar_classes.ply
0,692,valve_0444_lidar_classes.ply
1,147,valve_0444_lidar_classes.ply
2,76,valve_0444_lidar_classes.ply
3,618,valve_0444_lidar_classes.ply
4,61,valve_0444_lidar_classes.ply
5,972,valve_0444_lidar_classes.ply
6,585,valve_0444_lidar_classes.ply
7,364,valve_0444_lidar_classes.ply
8,709,valve_0444_lidar_classes.ply
9,2603,valve_0444_lidar_classes.ply
0,764,valve_0445_lidar_classes.ply
1,176,valve_0445_lidar_classes.ply
2,62,valve_0445_lidar_classes.ply
3,486,valve_0445_lidar_classes.ply
4,80,valve_0445_lidar_classes.ply
5,938,valve_0445_lidar_classes.ply
6,325,valve_0445_lidar_classes.ply
7,514,valve_0445_lidar_classes.ply
8,785,valve_0445_lidar_classes.ply
9,2893,valve_0445_lidar_classes.ply
0,450,valve_0446_lidar_classes.ply
1,166,valve_0446_lidar_classes.ply
2,69,valve_0446_lidar_classes.ply
3,555,valve_0446_lidar_classes.ply
4,78,valve_0446_lidar_classes.ply
5,971,valve_0446_lidar_classes.ply
6,589,valve_0446_lidar_classes.ply
7,399,valve_0446_lidar_classes.ply
8,719,valve_0446_lidar_classes.ply
9,2706,valve_0446_lidar_classes.ply
0,782,valve_0447_lidar_classes.ply
1,192,valve_0447_lidar_classes.ply
2,85,valve_0447_lidar_classes.ply
3,789,valve_0447_lidar_classes.ply
4,103,valve_0447_lidar_classes.ply
5,1183,valve_0447_lidar_classes.ply
6,878,valve_0447_lidar_classes.ply
7,455,valve_0447_lidar_classes.ply
8,761,valve_0447_lidar_classes.ply
9,2969,valve_0447_lidar_classes.ply
0,904,valve_0448_lidar_classes.ply
1,128,valve_0448_lidar_classes.ply
2,73,valve_0448_lidar_classes.ply
3,519,valve_0448_lidar_classes.ply
4,69,valve_0448_lidar_classes.ply
5,1000,valve_0448_lidar_classes.ply
6,396,valve_0448_lidar_classes.ply
7,459,valve_0448_lidar_classes.ply
8,772,valve_0448_lidar_classes.ply
9,3102,valve_0448_lidar_classes.ply
0,855,valve_0449_lidar_classes.ply
1,220,valve_0449_lidar_classes.ply
2,69,valve_0449_lidar_classes.ply
3,689,valve_0449_lidar_classes.ply
4,89,valve_0449_lidar_classes.ply
5,1024,valve_0449_lidar_classes.ply
6,804,valve_0449_lidar_classes.ply
7,495,valve_0449_lidar_classes.ply
8,669,valve_0449_lidar_classes.ply
9,2550,valve_0449_lidar_classes.ply
0,410,valve_0450_lidar_classes.ply
1,168,valve_0450_lidar_classes.ply
2,74,valve_0450_lidar_classes.ply
3,558,valve_0450_lidar_classes.ply
4,79,valve_0450_lidar_classes.ply
5,865,valve_0450_lidar_classes.ply
6,580,valve_0450_lidar_classes.ply
7,432,valve_0450_lidar_classes.ply
8,595,valve_0450_lidar_classes.ply
9,2786,valve_0450_lidar_classes.ply
0,629,valve_0451_lidar_classes.ply
1,211,valve_0451_lidar_classes.ply
2,89,valve_0451_lidar_classes.ply
3,790,valve_0451_lidar_classes.ply
4,106,valve_0451_lidar_classes.ply
5,1229,valve_0451_lidar_classes.ply
6,908,valve_0451_lidar_classes.ply
7,455,valve_0451_lidar_classes.ply
8,785,valve_0451_lidar_classes.ply
9,2789,valve_0451_lidar_classes.ply
0,614,valve_0452_lidar_classes.ply
1,174,valve_0452_lidar_classes.ply
2,86,valve_0452_lidar_classes.ply
3,670,valve_0452_lidar_classes.ply
4,109,valve_0452_lidar_classes.ply
5,964,valve_0452_lidar_classes.ply
6,950,valve_0452_lidar_classes.ply
7,447,valve_0452_lidar_classes.ply
8,675,valve_0452_lidar_classes.ply
9,2682,valve_0452_lidar_classes.ply
0,700,valve_0453_lidar_classes.ply
1,198,valve_0453_lidar_classes.ply
2,102,valve_0453_lidar_classes.ply
3,779,valve_0453_lidar_classes.ply
4,98,valve_0453_lidar_classes.ply
5,1115,valve_0453_lidar_classes.ply
6,468,valve_0453_lidar_classes.ply
7,416,valve_0453_lidar_classes.ply
8,753,valve_0453_lidar_classes.ply
9,3476,valve_0453_lidar_classes.ply
0,932,valve_0454_lidar_classes.ply
1,130,valve_0454_lidar_classes.ply
2,85,valve_0454_lidar_classes.ply
3,590,valve_0454_lidar_classes.ply
4,88,valve_0454_lidar_classes.ply
5,986,valve_0454_lidar_classes.ply
6,418,valve_0454_lidar_classes.ply
7,389,valve_0454_lidar_classes.ply
8,704,valve_0454_lidar_classes.ply
9,3256,valve_0454_lidar_classes.ply
0,645,valve_0455_lidar_classes.ply
1,192,valve_0455_lidar_classes.ply
2,99,valve_0455_lidar_classes.ply
3,762,valve_0455_lidar_classes.ply
4,108,valve_0455_lidar_classes.ply
5,1209,valve_0455_lidar_classes.ply
6,512,valve_0455_lidar_classes.ply
7,465,valve_0455_lidar_classes.ply
8,867,valve_0455_lidar_classes.ply
9,3183,valve_0455_lidar_classes.ply
0,649,valve_0456_lidar_classes.ply
1,188,valve_0456_lidar_classes.ply
2,79,valve_0456_lidar_classes.ply
3,768,valve_0456_lidar_classes.ply
4,75,valve_0456_lidar_classes.ply
5,1196,valve_0456_lidar_classes.ply
6,484,valve_0456_lidar_classes.ply
7,448,valve_0456_lidar_classes.ply
8,819,valve_0456_lidar_classes.ply
9,3242,valve_0456_lidar_classes.ply
0,374,valve_0457_lidar_classes.ply
1,162,valve_0457_lidar_classes.ply
2,75,valve_0457_lidar_classes.ply
3,556,valve_0457_lidar_classes.ply
4,81,valve_0457_lidar_classes.ply
5,929,valve_0457_lidar_classes.ply
6,680,valve_0457_lidar_classes.ply
7,421,valve_0457_lidar_classes.ply
8,705,valve_0457_lidar_classes.ply
9,2620,valve_0457_lidar_classes.ply
0,686,valve_0458_lidar_classes.ply
1,201,valve_0458_lidar_classes.ply
2,104,valve_0458_lidar_classes.ply
3,765,valve_0458_lidar_classes.ply
4,106,valve_0458_lidar_classes.ply
5,1044,valve_0458_lidar_classes.ply
6,513,valve_0458_lidar_classes.ply
7,463,valve_0458_lidar_classes.ply
8,682,valve_0458_lidar_classes.ply
9,3913,valve_0458_lidar_classes.ply
0,616,valve_0459_lidar_classes.ply
1,163,valve_0459_lidar_classes.ply
2,88,valve_0459_lidar_classes.ply
3,679,valve_0459_lidar_classes.ply
4,116,valve_0459_lidar_classes.ply
5,1235,valve_0459_lidar_classes.ply
6,781,valve_0459_lidar_classes.ply
7,483,valve_0459_lidar_classes.ply
8,707,valve_0459_lidar_classes.ply
9,2482,valve_0459_lidar_classes.ply
0,892,valve_0460_lidar_classes.ply
1,145,valve_0460_lidar_classes.ply
2,57,valve_0460_lidar_classes.ply
3,484,valve_0460_lidar_classes.ply
4,56,valve_0460_lidar_classes.ply
5,888,valve_0460_lidar_classes.ply
6,365,valve_0460_lidar_classes.ply
7,510,valve_0460_lidar_classes.ply
8,721,valve_0460_lidar_classes.ply
9,3375,valve_0460_lidar_classes.ply
0,551,valve_0461_lidar_classes.ply
1,148,valve_0461_lidar_classes.ply
2,73,valve_0461_lidar_classes.ply
3,607,valve_0461_lidar_classes.ply
4,74,valve_0461_lidar_classes.ply
5,1030,valve_0461_lidar_classes.ply
6,577,valve_0461_lidar_classes.ply
7,375,valve_0461_lidar_classes.ply
8,772,valve_0461_lidar_classes.ply
9,3091,valve_0461_lidar_classes.ply
0,791,valve_0462_lidar_classes.ply
1,112,valve_0462_lidar_classes.ply
2,64,valve_0462_lidar_classes.ply
3,439,valve_0462_lidar_classes.ply
4,60,valve_0462_lidar_classes.ply
5,1032,valve_0462_lidar_classes.ply
6,318,valve_0462_lidar_classes.ply
7,429,valve_0462_lidar_classes.ply
8,840,valve_0462_lidar_classes.ply
9,2957,valve_0462_lidar_classes.ply
0,636,valve_0463_lidar_classes.ply
1,161,valve_0463_lidar_classes.ply
2,72,valve_0463_lidar_classes.ply
3,551,valve_0463_lidar_classes.ply
4,95,valve_0463_lidar_classes.ply
5,934,valve_0463_lidar_classes.ply
6,276,valve_0463_lidar_classes.ply
7,492,valve_0463_lidar_classes.ply
8,845,valve_0463_lidar_classes.ply
9,2891,valve_0463_lidar_classes.ply
0,640,valve_0464_lidar_classes.ply
1,230,valve_0464_lidar_classes.ply
2,103,valve_0464_lidar_classes.ply
3,786,valve_0464_lidar_classes.ply
4,74,valve_0464_lidar_classes.ply
5,1278,valve_0464_lidar_classes.ply
6,492,valve_0464_lidar_classes.ply
7,428,valve_0464_lidar_classes.ply
8,888,valve_0464_lidar_classes.ply
9,3441,valve_0464_lidar_classes.ply
0,494,valve_0465_lidar_classes.ply
1,143,valve_0465_lidar_classes.ply
2,75,valve_0465_lidar_classes.ply
3,616,valve_0465_lidar_classes.ply
4,68,valve_0465_lidar_classes.ply
5,893,valve_0465_lidar_classes.ply
6,580,valve_0465_lidar_classes.ply
7,379,valve_0465_lidar_classes.ply
8,703,valve_0465_lidar_classes.ply
9,2488,valve_0465_lidar_classes.ply
0,562,valve_0466_lidar_classes.ply
1,174,valve_0466_lidar_classes.ply
2,63,valve_0466_lidar_classes.ply
3,602,valve_0466_lidar_classes.ply
4,76,valve_0466_lidar_classes.ply
5,1081,valve_0466_lidar_classes.ply
6,559,valve_0466_lidar_classes.ply
7,428,valve_0466_lidar_classes.ply
8,685,valve_0466_lidar_classes.ply
9,2938,valve_0466_lidar_classes.ply
0,597,valve_0467_lidar_classes.ply
1,174,valve_0467_lidar_classes.ply
2,83,valve_0467_lidar_classes.ply
3,716,valve_0467_lidar_classes.ply
4,81,valve_0467_lidar_classes.ply
5,1166,valve_0467_lidar_classes.ply
6,435,valve_0467_lidar_classes.ply
7,459,valve_0467_lidar_classes.ply
8,784,valve_0467_lidar_classes.ply
9,3071,valve_0467_lidar_classes.ply
0,689,valve_0468_lidar_classes.ply
1,199,valve_0468_lidar_classes.ply
2,95,valve_0468_lidar_classes.ply
3,783,valve_0468_lidar_classes.ply
4,115,valve_0468_lidar_classes.ply
5,1141,valve_0468_lidar_classes.ply
6,484,valve_0468_lidar_classes.ply
7,500,valve_0468_lidar_classes.ply
8,671,valve_0468_lidar_classes.ply
9,3482,valve_0468_lidar_classes.ply
0,831,valve_0469_lidar_classes.ply
1,113,valve_0469_lidar_classes.ply
2,59,valve_0469_lidar_classes.ply
3,429,valve_0469_lidar_classes.ply
4,53,valve_0469_lidar_classes.ply
5,966,valve_0469_lidar_classes.ply
6,362,valve_0469_lidar_classes.ply
7,461,valve_0469_lidar_classes.ply
8,761,valve_0469_lidar_classes.ply
9,2873,valve_0469_lidar_classes.ply
0,786,valve_0470_lidar_classes.ply
1,166,valve_0470_lidar_classes.ply
2,66,valve_0470_lidar_classes.ply
3,519,valve_0470_lidar_classes.ply
4,79,valve_0470_lidar_classes.ply
5,947,valve_0470_lidar_classes.ply
6,272,valve_0470_lidar_classes.ply
7,471,valve_0470_lidar_classes.ply
8,787,valve_0470_lidar_classes.ply
9,2930,valve_0470_lidar_classes.ply
0,892,valve_0471_lidar_classes.ply
1,176,valve_0471_lidar_classes.ply
2,68,valve_0471_lidar_classes.ply
3,701,valve_0471_lidar_classes.ply
4,113,valve_0471_lidar_classes.ply
5,1078,valve_0471_lidar_classes.ply
6,975,valve_0471_lidar_classes.ply
7,473,valve_0471_lidar_classes.ply
8,817,valve_0471_lidar_classes.ply
9,2405,valve_0471_lidar_classes.ply
0,386,valve_0472_lidar_classes.ply
1,139,valve_0472_lidar_classes.ply
2,79,valve_0472_lidar_classes.ply
3,566,valve_0472_lidar_classes.ply
4,69,valve_0472_lidar_classes.ply
5,909,valve_0472_lidar_classes.ply
6,603,valve_0472_lidar_classes.ply
7,408,valve_0472_lidar_classes.ply
8,615,valve_0472_lidar_classes.ply
9,2715,valve_0472_lidar_classes.ply
0,649,valve_0473_lidar_classes.ply
1,197,valve_0473_lidar_classes.ply
2,103,valve_0473_lidar_classes.ply
3,754,valve_0473_lidar_classes.ply
4,99,valve_0473_lidar_classes.ply
5,1181,valve_0473_lidar_classes.ply
6,467,valve_0473_lidar_classes.ply
7,476,valve_0473_lidar_classes.ply
8,785,valve_0473_lidar_classes.ply
9,3355,valve_0473_lidar_classes.ply
0,463,valve_0474_lidar_classes.ply
1,132,valve_0474_lidar_classes.ply
2,72,valve_0474_lidar_classes.ply
3,581,valve_0474_lidar_classes.ply
4,74,valve_0474_lidar_classes.ply
5,776,valve_0474_lidar_classes.ply
6,609,valve_0474_lidar_classes.ply
7,402,valve_0474_lidar_classes.ply
8,608,valve_0474_lidar_classes.ply
9,2727,valve_0474_lidar_classes.ply
0,621,valve_0475_lidar_classes.ply
1,161,valve_0475_lidar_classes.ply
2,81,valve_0475_lidar_classes.ply
3,569,valve_0475_lidar_classes.ply
4,88,valve_0475_lidar_classes.ply
5,935,valve_0475_lidar_classes.ply
6,314,valve_0475_lidar_classes.ply
7,482,valve_0475_lidar_classes.ply
8,722,valve_0475_lidar_classes.ply
9,3116,valve_0475_lidar_classes.ply
0,605,valve_0476_lidar_classes.ply
1,155,valve_0476_lidar_classes.ply
2,89,valve_0476_lidar_classes.ply
3,570,valve_0476_lidar_classes.ply
4,91,valve_0476_lidar_classes.ply
5,1225,valve_0476_lidar_classes.ply
6,505,valve_0476_lidar_classes.ply
7,446,valve_0476_lidar_classes.ply
8,838,valve_0476_lidar_classes.ply
9,2803,valve_0476_lidar_classes.ply
0,603,valve_0477_lidar_classes.ply
1,201,valve_0477_lidar_classes.ply
2,77,valve_0477_lidar_classes.ply
3,739,valve_0477_lidar_classes.ply
4,92,valve_0477_lidar_classes.ply
5,1074,valve_0477_lidar_classes.ply
6,425,valve_0477_lidar_classes.ply
7,439,valve_0477_lidar_classes.ply
8,736,valve_0477_lidar_classes.ply
9,3128,valve_0477_lidar_classes.ply
0,910,valve_0478_lidar_classes.ply
1,154,valve_0478_lidar_classes.ply
2,88,valve_0478_lidar_classes.ply
3,530,valve_0478_lidar_classes.ply
4,80,valve_0478_lidar_classes.ply
5,1003,valve_0478_lidar_classes.ply
6,427,valve_0478_lidar_classes.ply
7,450,valve_0478_lidar_classes.ply
8,850,valve_0478_lidar_classes.ply
9,3215,valve_0478_lidar_classes.ply
0,581,valve_0479_lidar_classes.ply
1,141,valve_0479_lidar_classes.ply
2,78,valve_0479_lidar_classes.ply
3,570,valve_0479_lidar_classes.ply
4,112,valve_0479_lidar_classes.ply
5,1136,valve_0479_lidar_classes.ply
6,666,valve_0479_lidar_classes.ply
7,449,valve_0479_lidar_classes.ply
8,834,valve_0479_lidar_classes.ply
9,2708,valve_0479_lidar_classes.ply
0,892,valve_0480_lidar_classes.ply
1,125,valve_0480_lidar_classes.ply
2,73,valve_0480_lidar_classes.ply
3,495,valve_0480_lidar_classes.ply
4,82,valve_0480_lidar_classes.ply
5,1082,valve_0480_lidar_classes.ply
6,362,valve_0480_lidar_classes.ply
7,515,valve_0480_lidar_classes.ply
8,781,valve_0480_lidar_classes.ply
9,3039,valve_0480_lidar_classes.ply
0,726,valve_0481_lidar_classes.ply
1,228,valve_0481_lidar_classes.ply
2,98,valve_0481_lidar_classes.ply
3,822,valve_0481_lidar_classes.ply
4,101,valve_0481_lidar_classes.ply
5,1113,valve_0481_lidar_classes.ply
6,981,valve_0481_lidar_classes.ply
7,505,valve_0481_lidar_classes.ply
8,742,valve_0481_lidar_classes.ply
9,3070,valve_0481_lidar_classes.ply
0,661,valve_0482_lidar_classes.ply
1,177,valve_0482_lidar_classes.ply
2,107,valve_0482_lidar_classes.ply
3,733,valve_0482_lidar_classes.ply
4,115,valve_0482_lidar_classes.ply
5,1242,valve_0482_lidar_classes.ply
6,486,valve_0482_lidar_classes.ply
7,420,valve_0482_lidar_classes.ply
8,865,valve_0482_lidar_classes.ply
9,3127,valve_0482_lidar_classes.ply
0,691,valve_0483_lidar_classes.ply
1,209,valve_0483_lidar_classes.ply
2,93,valve_0483_lidar_classes.ply
3,756,valve_0483_lidar_classes.ply
4,112,valve_0483_lidar_classes.ply
5,1181,valve_0483_lidar_classes.ply
6,445,valve_0483_lidar_classes.ply
7,467,valve_0483_lidar_classes.ply
8,691,valve_0483_lidar_classes.ply
9,3587,valve_0483_lidar_classes.ply
0,899,valve_0484_lidar_classes.ply
1,221,valve_0484_lidar_classes.ply
2,64,valve_0484_lidar_classes.ply
3,692,valve_0484_lidar_classes.ply
4,77,valve_0484_lidar_classes.ply
5,1020,valve_0484_lidar_classes.ply
6,975,valve_0484_lidar_classes.ply
7,475,valve_0484_lidar_classes.ply
8,706,valve_0484_lidar_classes.ply
9,2702,valve_0484_lidar_classes.ply
0,529,valve_0485_lidar_classes.ply
1,153,valve_0485_lidar_classes.ply
2,63,valve_0485_lidar_classes.ply
3,605,valve_0485_lidar_classes.ply
4,99,valve_0485_lidar_classes.ply
5,997,valve_0485_lidar_classes.ply
6,545,valve_0485_lidar_classes.ply
7,392,valve_0485_lidar_classes.ply
8,648,valve_0485_lidar_classes.ply
9,2910,valve_0485_lidar_classes.ply
0,899,valve_0486_lidar_classes.ply
1,162,valve_0486_lidar_classes.ply
2,60,valve_0486_lidar_classes.ply
3,701,valve_0486_lidar_classes.ply
4,89,valve_0486_lidar_classes.ply
5,1039,valve_0486_lidar_classes.ply
6,953,valve_0486_lidar_classes.ply
7,446,valve_0486_lidar_classes.ply
8,772,valve_0486_lidar_classes.ply
9,2349,valve_0486_lidar_classes.ply
0,686,valve_0487_lidar_classes.ply
1,180,valve_0487_lidar_classes.ply
2,91,valve_0487_lidar_classes.ply
3,803,valve_0487_lidar_classes.ply
4,83,valve_0487_lidar_classes.ply
5,1251,valve_0487_lidar_classes.ply
6,457,valve_0487_lidar_classes.ply
7,443,valve_0487_lidar_classes.ply
8,947,valve_0487_lidar_classes.ply
9,3382,valve_0487_lidar_classes.ply
0,671,valve_0488_lidar_classes.ply
1,170,valve_0488_lidar_classes.ply
2,105,valve_0488_lidar_classes.ply
3,749,valve_0488_lidar_classes.ply
4,104,valve_0488_lidar_classes.ply
5,1237,valve_0488_lidar_classes.ply
6,476,valve_0488_lidar_classes.ply
7,404,valve_0488_lidar_classes.ply
8,923,valve_0488_lidar_classes.ply
9,3110,valve_0488_lidar_classes.ply
0,451,valve_0489_lidar_classes.ply
1,134,valve_0489_lidar_classes.ply
2,80,valve_0489_lidar_classes.ply
3,574,valve_0489_lidar_classes.ply
4,57,valve_0489_lidar_classes.ply
5,928,valve_0489_lidar_classes.ply
6,591,valve_0489_lidar_classes.ply
7,452,valve_0489_lidar_classes.ply
8,663,valve_0489_lidar_classes.ply
9,2610,valve_0489_lidar_classes.ply
0,632,valve_0490_lidar_classes.ply
1,180,valve_0490_lidar_classes.ply
2,86,valve_0490_lidar_classes.ply
3,727,valve_0490_lidar_classes.ply
4,88,valve_0490_lidar_classes.ply
5,1171,valve_0490_lidar_classes.ply
6,471,valve_0490_lidar_classes.ply
7,414,valve_0490_lidar_classes.ply
8,737,valve_0490_lidar_classes.ply
9,3082,valve_0490_lidar_classes.ply
0,607,valve_0491_lidar_classes.ply
1,205,valve_0491_lidar_classes.ply
2,84,valve_0491_lidar_classes.ply
3,705,valve_0491_lidar_classes.ply
4,92,valve_0491_lidar_classes.ply
5,1214,valve_0491_lidar_classes.ply
6,424,valve_0491_lidar_classes.ply
7,403,valve_0491_lidar_classes.ply
8,803,valve_0491_lidar_classes.ply
9,2812,valve_0491_lidar_classes.ply
0,613,valve_0492_lidar_classes.ply
1,217,valve_0492_lidar_classes.ply
2,79,valve_0492_lidar_classes.ply
3,706,valve_0492_lidar_classes.ply
4,74,valve_0492_lidar_classes.ply
5,1071,valve_0492_lidar_classes.ply
6,444,valve_0492_lidar_classes.ply
7,400,valve_0492_lidar_classes.ply
8,753,valve_0492_lidar_classes.ply
9,3353,valve_0492_lidar_classes.ply
0,514,valve_0493_lidar_classes.ply
1,143,valve_0493_lidar_classes.ply
2,73,valve_0493_lidar_classes.ply
3,632,valve_0493_lidar_classes.ply
4,71,valve_0493_lidar_classes.ply
5,946,valve_0493_lidar_classes.ply
6,605,valve_0493_lidar_classes.ply
7,370,valve_0493_lidar_classes.ply
8,683,valve_0493_lidar_classes.ply
9,2620,valve_0493_lidar_classes.ply
0,689,valve_0494_lidar_classes.ply
1,208,valve_0494_lidar_classes.ply
2,101,valve_0494_lidar_classes.ply
3,763,valve_0494_lidar_classes.ply
4,109,valve_0494_lidar_classes.ply
5,1066,valve_0494_lidar_classes.ply
6,468,valve_0494_lidar_classes.ply
7,501,valve_0494_lidar_classes.ply
8,725,valve_0494_lidar_classes.ply
9,3505,valve_0494_lidar_classes.ply
0,567,valve_0495_lidar_classes.ply
1,153,valve_0495_lidar_classes.ply
2,79,valve_0495_lidar_classes.ply
3,621,valve_0495_lidar_classes.ply
4,79,valve_0495_lidar_classes.ply
5,865,valve_0495_lidar_classes.ply
6,633,valve_0495_lidar_classes.ply
7,393,valve_0495_lidar_classes.ply
8,617,valve_0495_lidar_classes.ply
9,2670,valve_0495_lidar_classes.ply
0,482,valve_0496_lidar_classes.ply
1,156,valve_0496_lidar_classes.ply
2,76,valve_0496_lidar_classes.ply
3,631,valve_0496_lidar_classes.ply
4,70,valve_0496_lidar_classes.ply
5,881,valve_0496_lidar_classes.ply
6,576,valve_0496_lidar_classes.ply
7,421,valve_0496_lidar_classes.ply
8,573,valve_0496_lidar_classes.ply
9,2857,valve_0496_lidar_classes.ply
0,796,valve_0497_lidar_classes.ply
1,187,valve_0497_lidar_classes.ply
2,73,valve_0497_lidar_classes.ply
3,558,valve_0497_lidar_classes.ply
4,86,valve_0497_lidar_classes.ply
5,1026,valve_0497_lidar_classes.ply
6,338,valve_0497_lidar_classes.ply
7,437,valve_0497_lidar_classes.ply
8,806,valve_0497_lidar_classes.ply
9,2947,valve_0497_lidar_classes.ply
0,816,valve_0498_lidar_classes.ply
1,172,valve_0498_lidar_classes.ply
2,72,valve_0498_lidar_classes.ply
3,534,valve_0498_lidar_classes.ply
4,68,valve_0498_lidar_classes.ply
5,1004,valve_0498_lidar_classes.ply
6,261,valve_0498_lidar_classes.ply
7,471,valve_0498_lidar_classes.ply
8,873,valve_0498_lidar_classes.ply
9,2932,valve_0498_lidar_classes.ply
0,898,valve_0499_lidar_classes.ply
1,176,valve_0499_lidar_classes.ply
2,68,valve_0499_lidar_classes.ply
3,697,valve_0499_lidar_classes.ply
4,82,valve_0499_lidar_classes.ply
5,1087,valve_0499_lidar_classes.ply
6,932,valve_0499_lidar_classes.ply
7,518,valve_0499_lidar_classes.ply
8,681,valve_0499_lidar_classes.ply
9,2631,valve_0499_lidar_classes.ply
0,561,valve_0500_lidar_classes.ply
1,181,valve_0500_lidar_classes.ply
2,93,valve_0500_lidar_classes.ply
3,580,valve_0500_lidar_classes.ply
4,93,valve_0500_lidar_classes.ply
5,1210,valve_0500_lidar_classes.ply
6,668,valve_0500_lidar_classes.ply
7,450,valve_0500_lidar_classes.ply
8,786,valve_0500_lidar_classes.ply
9,2721,valve_0500_lidar_classes.ply
